Document_ID,Word_Token_Count,BPE_Token_Count,Word_Vocabulary,BPE_Unique_Tokens
01_covid_transmission_and_prevention,234,513,152,218
02_covid_vaccination_basics,184,440,127,209
03_vaccine_effectiveness_and_studies,185,466,132,201
04_epidemiology_incidence_prevalence,182,407,115,192
05_basic_reproduction_number,185,420,119,195
06_contact_tracing,172,367,115,182
07_wastewater_surveillance,164,347,112,172
08_variant_surveillance,161,407,115,178
09_outbreak_investigation,172,430,126,194
10_public_health_surveillance,160,385,114,178
11_infection_prevention_healthcare,147,394,103,179
12_vaccine_safety_monitoring,168,403,121,188
13_risk_communication,154,362,113,179
14_school_outbreak_prevention,154,377,108,179
15_vulnerable_populations,156,357,113,187
16_antiviral_treatment_and_testing,156,388,107,185
17_misinformation_and_health_literacy,154,394,119,187
18_global_outbreak_preparedness,163,446,118,191
19_epidemiological_models,163,442,125,199
20_post_outbreak_evaluation,161,400,121,184
