Subword_Token,Frequency
",",279
.,213
s,180
and,151
e,126
a,99
t,98
ing,97
re,91
es,91
l,89
is,86
or,85
can,84
al,83
in,80
c,79
p,71
d,70
ed,68
m,67
the,66
ation,65
-,64
h,61
an,58
y,57
i,57
u,57
ar,57
se,56
to,55
f,53
ac,53
on,50
b,49
n,48
g,47
en,47
of,47
er,45
be,45
o,44
de,42
r,41
ly,41
pro,41
v,41
st,41
ity,39
as,38
are,37
le,35
ti,35
tion,35
ic,35
when,34
may,34
at,34
ter,34
w,33
th,32
ted,31
health,31
ch,30
A,29
tic,28
ts,28
tions,28
ad,27
su,27
ol,27
ment,27
S,26
it,26
ent,25
ve,25
ate,25
information,25
should,25
for,24
con,24
ain,24
ap,24
with,23
tr,23
si,22
not,22
k,21
ting,21
surveillance,21
qu,21
im,20
ul,20
am,20
E,20
ess,20
wh,19
ag,19
disease,19
