Document_ID,Characters,Sentences,Tokens,Vocabulary_Size
01_covid_transmission_and_prevention,1742,14,234,152
02_covid_vaccination_basics,1411,13,184,127
03_vaccine_effectiveness_and_studies,1479,12,185,132
04_epidemiology_incidence_prevalence,1347,12,182,115
05_basic_reproduction_number,1376,11,187,121
06_contact_tracing,1291,8,172,115
07_wastewater_surveillance,1274,9,164,112
08_variant_surveillance,1264,10,161,115
09_outbreak_investigation,1325,11,172,126
10_public_health_surveillance,1275,11,160,114
11_infection_prevention_healthcare,1225,10,147,103
12_vaccine_safety_monitoring,1280,10,168,121
13_risk_communication,1171,10,154,113
14_school_outbreak_prevention,1203,11,154,108
15_vulnerable_populations,1197,10,156,113
16_antiviral_treatment_and_testing,1180,11,156,107
17_misinformation_and_health_literacy,1234,9,154,119
18_global_outbreak_preparedness,1326,11,163,118
19_epidemiological_models,1281,11,163,125
20_post_outbreak_evaluation,1273,9,161,121
