Term,Document_Frequency,Posting_List
a,18,"01_covid_transmission_and_prevention, 02_covid_vaccination_basics, 03_vaccine_effectiveness_and_studies, 04_epidemiology_incidence_prevalence, 05_basic_reproduction_number, 06_contact_tracing, 07_wastewater_surveillance, 08_variant_surveillance, 09_outbreak_investigation, 10_public_health_surveillance, 12_vaccine_safety_monitoring, 13_risk_communication, 15_vulnerable_populations, 16_antiviral_treatment_and_testing, 17_misinformation_and_health_literacy, 18_global_outbreak_preparedness, 19_epidemiological_models, 20_post_outbreak_evaluation"
ability,1,17_misinformation_and_health_literacy
able,1,15_vulnerable_populations
about,4,"02_covid_vaccination_basics, 03_vaccine_effectiveness_and_studies, 09_outbreak_investigation, 18_global_outbreak_preparedness"
above,1,05_basic_reproduction_number
absolute,3,"02_covid_vaccination_basics, 05_basic_reproduction_number, 13_risk_communication"
access,4,"06_contact_tracing, 10_public_health_surveillance, 15_vulnerable_populations, 16_antiviral_treatment_and_testing"
accessibility,1,13_risk_communication
according,2,"11_infection_prevention_healthcare, 14_school_outbreak_prevention"
account,2,"03_vaccine_effectiveness_and_studies, 05_basic_reproduction_number"
accumulated,1,12_vaccine_safety_monitoring
accumulation,1,14_school_outbreak_prevention
accurate,2,"06_contact_tracing, 17_misinformation_and_health_literacy"
acknowledging,1,13_risk_communication
across,2,"01_covid_transmission_and_prevention, 08_variant_surveillance"
acting,1,17_misinformation_and_health_literacy
action,1,10_public_health_surveillance
actions,2,"06_contact_tracing, 13_risk_communication"
active,2,"10_public_health_surveillance, 12_vaccine_safety_monitoring"
activities,1,14_school_outbreak_prevention
activity,4,"04_epidemiology_incidence_prevalence, 14_school_outbreak_prevention, 15_vulnerable_populations, 16_antiviral_treatment_and_testing"
acute,1,14_school_outbreak_prevention
acutely,1,01_covid_transmission_and_prevention
adapted,1,11_infection_prevention_healthcare
add,1,19_epidemiological_models
additional,4,"01_covid_transmission_and_prevention, 09_outbreak_investigation, 13_risk_communication, 15_vulnerable_populations"
adjustment,1,03_vaccine_effectiveness_and_studies
administered,1,12_vaccine_safety_monitoring
administrative,1,11_infection_prevention_healthcare
administrators,1,14_school_outbreak_prevention
adverse,1,12_vaccine_safety_monitoring
adverse-event,1,02_covid_vaccination_basics
advice,1,16_antiviral_treatment_and_testing
affect,4,"04_epidemiology_incidence_prevalence, 05_basic_reproduction_number, 08_variant_surveillance, 15_vulnerable_populations"
affected,3,"04_epidemiology_incidence_prevalence, 09_outbreak_investigation, 12_vaccine_safety_monitoring"
after,5,"02_covid_vaccination_basics, 03_vaccine_effectiveness_and_studies, 12_vaccine_safety_monitoring, 18_global_outbreak_preparedness, 20_post_outbreak_evaluation"
after-action,1,20_post_outbreak_evaluation
against,4,"01_covid_transmission_and_prevention, 02_covid_vaccination_basics, 03_vaccine_effectiveness_and_studies, 17_misinformation_and_health_literacy"
age,4,"03_vaccine_effectiveness_and_studies, 09_outbreak_investigation, 15_vulnerable_populations, 19_epidemiological_models"
agencies,2,"08_variant_surveillance, 18_global_outbreak_preparedness"
agents,1,07_wastewater_surveillance
air,2,"01_covid_transmission_and_prevention, 14_school_outbreak_prevention"
all,3,"05_basic_reproduction_number, 08_variant_surveillance, 15_vulnerable_populations"
allocation,1,18_global_outbreak_preparedness
allow,1,08_variant_surveillance
alongside,1,19_epidemiological_models
also,8,"02_covid_vaccination_basics, 03_vaccine_effectiveness_and_studies, 05_basic_reproduction_number, 11_infection_prevention_healthcare, 13_risk_communication, 14_school_outbreak_prevention, 16_antiviral_treatment_and_testing, 20_post_outbreak_evaluation"
alternatives,1,14_school_outbreak_prevention
although,2,"01_covid_transmission_and_prevention, 07_wastewater_surveillance"
always,3,"08_variant_surveillance, 16_antiviral_treatment_and_testing, 18_global_outbreak_preparedness"
among,3,"09_outbreak_investigation, 11_infection_prevention_healthcare, 14_school_outbreak_prevention"
an,11,"01_covid_transmission_and_prevention, 02_covid_vaccination_basics, 04_epidemiology_incidence_prevalence, 06_contact_tracing, 07_wastewater_surveillance, 09_outbreak_investigation, 12_vaccine_safety_monitoring, 13_risk_communication, 15_vulnerable_populations, 18_global_outbreak_preparedness, 20_post_outbreak_evaluation"
analysis,3,"09_outbreak_investigation, 10_public_health_surveillance, 19_epidemiological_models"
analysts,1,05_basic_reproduction_number
analytical,1,09_outbreak_investigation
analyzes,1,07_wastewater_surveillance
and,20,"01_covid_transmission_and_prevention, 02_covid_vaccination_basics, 03_vaccine_effectiveness_and_studies, 04_epidemiology_incidence_prevalence, 05_basic_reproduction_number, 06_contact_tracing, 07_wastewater_surveillance, 08_variant_surveillance, 09_outbreak_investigation, 10_public_health_surveillance, 11_infection_prevention_healthcare, 12_vaccine_safety_monitoring, 13_risk_communication, 14_school_outbreak_prevention, 15_vulnerable_populations, 16_antiviral_treatment_and_testing, 17_misinformation_and_health_literacy, 18_global_outbreak_preparedness, 19_epidemiological_models, 20_post_outbreak_evaluation"
another,1,12_vaccine_safety_monitoring
answer,1,17_misinformation_and_health_literacy
anticipated,1,11_infection_prevention_healthcare
antigen,1,16_antiviral_treatment_and_testing
antiviral,1,16_antiviral_treatment_and_testing
apparent,1,10_public_health_surveillance
appear,1,03_vaccine_effectiveness_and_studies
applications,1,17_misinformation_and_health_literacy
appropriate,3,"06_contact_tracing, 11_infection_prevention_healthcare, 15_vulnerable_populations"
are,16,"01_covid_transmission_and_prevention, 02_covid_vaccination_basics, 03_vaccine_effectiveness_and_studies, 04_epidemiology_incidence_prevalence, 05_basic_reproduction_number, 06_contact_tracing, 07_wastewater_surveillance, 08_variant_surveillance, 10_public_health_surveillance, 12_vaccine_safety_monitoring, 13_risk_communication, 14_school_outbreak_prevention, 15_vulnerable_populations, 16_antiviral_treatment_and_testing, 19_epidemiological_models, 20_post_outbreak_evaluation"
arise,1,17_misinformation_and_health_literacy
around,1,01_covid_transmission_and_prevention
as,11,"01_covid_transmission_and_prevention, 02_covid_vaccination_basics, 03_vaccine_effectiveness_and_studies, 05_basic_reproduction_number, 09_outbreak_investigation, 13_risk_communication, 14_school_outbreak_prevention, 15_vulnerable_populations, 17_misinformation_and_health_literacy, 19_epidemiological_models, 20_post_outbreak_evaluation"
aspects,1,04_epidemiology_incidence_prevalence
assess,1,18_global_outbreak_preparedness
assesses,1,08_variant_surveillance
assessment,4,"12_vaccine_safety_monitoring, 16_antiviral_treatment_and_testing, 18_global_outbreak_preparedness, 19_epidemiological_models"
assist,1,06_contact_tracing
associated,1,12_vaccine_safety_monitoring
association,2,"12_vaccine_safety_monitoring, 17_misinformation_and_health_literacy"
assuming,2,"15_vulnerable_populations, 17_misinformation_and_health_literacy"
assumptions,2,"05_basic_reproduction_number, 19_epidemiological_models"
asymptomatic,1,06_contact_tracing
at,4,"03_vaccine_effectiveness_and_studies, 04_epidemiology_incidence_prevalence, 10_public_health_surveillance, 14_school_outbreak_prevention"
attention,1,07_wastewater_surveillance
authorities,3,"01_covid_transmission_and_prevention, 14_school_outbreak_prevention, 16_antiviral_treatment_and_testing"
authorized,1,12_vaccine_safety_monitoring
automatically,4,"08_variant_surveillance, 12_vaccine_safety_monitoring, 14_school_outbreak_prevention, 20_post_outbreak_evaluation"
availability,2,"04_epidemiology_incidence_prevalence, 15_vulnerable_populations"
available,2,"09_outbreak_investigation, 13_risk_communication"
average,1,05_basic_reproduction_number
avoid,3,"13_risk_communication, 15_vulnerable_populations, 17_misinformation_and_health_literacy"
background,1,12_vaccine_safety_monitoring
bad,1,17_misinformation_and_health_literacy
balls,1,19_epidemiological_models
barrier,1,11_infection_prevention_healthcare
barriers,1,15_vulnerable_populations
based,1,12_vaccine_safety_monitoring
basic,2,"02_covid_vaccination_basics, 05_basic_reproduction_number"
be,12,"02_covid_vaccination_basics, 03_vaccine_effectiveness_and_studies, 05_basic_reproduction_number, 06_contact_tracing, 07_wastewater_surveillance, 10_public_health_surveillance, 11_infection_prevention_healthcare, 12_vaccine_safety_monitoring, 13_risk_communication, 14_school_outbreak_prevention, 18_global_outbreak_preparedness, 19_epidemiological_models"
because,11,"01_covid_transmission_and_prevention, 02_covid_vaccination_basics, 03_vaccine_effectiveness_and_studies, 04_epidemiology_incidence_prevalence, 06_contact_tracing, 07_wastewater_surveillance, 11_infection_prevention_healthcare, 12_vaccine_safety_monitoring, 15_vulnerable_populations, 19_epidemiological_models, 20_post_outbreak_evaluation"
become,4,"02_covid_vaccination_basics, 12_vaccine_safety_monitoring, 13_risk_communication, 18_global_outbreak_preparedness"
becomes,1,09_outbreak_investigation
been,2,"03_vaccine_effectiveness_and_studies, 06_contact_tracing"
before,1,18_global_outbreak_preparedness
begins,2,"09_outbreak_investigation, 10_public_health_surveillance"
behavior,4,"03_vaccine_effectiveness_and_studies, 04_epidemiology_incidence_prevalence, 19_epidemiological_models, 20_post_outbreak_evaluation"
behavioral,1,05_basic_reproduction_number
being,1,19_epidemiological_models
below,1,05_basic_reproduction_number
benefit-risk,1,12_vaccine_safety_monitoring
benefits,1,10_public_health_surveillance
best,2,"01_covid_transmission_and_prevention, 08_variant_surveillance"
between,3,"03_vaccine_effectiveness_and_studies, 05_basic_reproduction_number, 07_wastewater_surveillance"
bias,2,"03_vaccine_effectiveness_and_studies, 09_outbreak_investigation"
biases,1,03_vaccine_effectiveness_and_studies
biological,3,"07_wastewater_surveillance, 08_variant_surveillance, 12_vaccine_safety_monitoring"
both,2,"02_covid_vaccination_basics, 04_epidemiology_incidence_prevalence"
breathing,1,01_covid_transmission_and_prevention
broad,3,"06_contact_tracing, 14_school_outbreak_prevention, 15_vulnerable_populations"
broader,1,04_epidemiology_incidence_prevalence
building,1,18_global_outbreak_preparedness
but,6,"03_vaccine_effectiveness_and_studies, 04_epidemiology_incidence_prevalence, 06_contact_tracing, 10_public_health_surveillance, 12_vaccine_safety_monitoring, 18_global_outbreak_preparedness"
by,9,"01_covid_transmission_and_prevention, 02_covid_vaccination_basics, 03_vaccine_effectiveness_and_studies, 05_basic_reproduction_number, 07_wastewater_surveillance, 09_outbreak_investigation, 12_vaccine_safety_monitoring, 13_risk_communication, 15_vulnerable_populations"
calendar,1,03_vaccine_effectiveness_and_studies
calibration,1,19_epidemiological_models
can,20,"01_covid_transmission_and_prevention, 02_covid_vaccination_basics, 03_vaccine_effectiveness_and_studies, 04_epidemiology_incidence_prevalence, 05_basic_reproduction_number, 06_contact_tracing, 07_wastewater_surveillance, 08_variant_surveillance, 09_outbreak_investigation, 10_public_health_surveillance, 11_infection_prevention_healthcare, 12_vaccine_safety_monitoring, 13_risk_communication, 14_school_outbreak_prevention, 15_vulnerable_populations, 16_antiviral_treatment_and_testing, 17_misinformation_and_health_literacy, 18_global_outbreak_preparedness, 19_epidemiological_models, 20_post_outbreak_evaluation"
cannot,2,"03_vaccine_effectiveness_and_studies, 06_contact_tracing"
capacity,4,"08_variant_surveillance, 18_global_outbreak_preparedness, 19_epidemiological_models, 20_post_outbreak_evaluation"
care,3,"01_covid_transmission_and_prevention, 15_vulnerable_populations, 16_antiviral_treatment_and_testing"
carefully,2,"04_epidemiology_incidence_prevalence, 10_public_health_surveillance"
caregivers,1,15_vulnerable_populations
case,5,"04_epidemiology_incidence_prevalence, 05_basic_reproduction_number, 06_contact_tracing, 09_outbreak_investigation, 10_public_health_surveillance"
case-control,1,03_vaccine_effectiveness_and_studies
cases,6,"01_covid_transmission_and_prevention, 04_epidemiology_incidence_prevalence, 06_contact_tracing, 09_outbreak_investigation, 10_public_health_surveillance, 20_post_outbreak_evaluation"
categories,1,19_epidemiological_models
category,1,15_vulnerable_populations
causal,1,12_vaccine_safety_monitoring
causation,2,"17_misinformation_and_health_literacy, 20_post_outbreak_evaluation"
caused,3,"01_covid_transmission_and_prevention, 12_vaccine_safety_monitoring, 20_post_outbreak_evaluation"
cells,1,02_covid_vaccination_basics
certainty,1,13_risk_communication
change,7,"01_covid_transmission_and_prevention, 02_covid_vaccination_basics, 04_epidemiology_incidence_prevalence, 11_infection_prevention_healthcare, 13_risk_communication, 19_epidemiological_models, 20_post_outbreak_evaluation"
changes,7,"04_epidemiology_incidence_prevalence, 05_basic_reproduction_number, 07_wastewater_surveillance, 08_variant_surveillance, 10_public_health_surveillance, 16_antiviral_treatment_and_testing, 19_epidemiological_models"
changing,4,"05_basic_reproduction_number, 07_wastewater_surveillance, 13_risk_communication, 17_misinformation_and_health_literacy"
characteristic,1,15_vulnerable_populations
characteristics,4,"08_variant_surveillance, 09_outbreak_investigation, 16_antiviral_treatment_and_testing, 19_epidemiological_models"
characterize,1,09_outbreak_investigation
checking,1,17_misinformation_and_health_literacy
checks,1,17_misinformation_and_health_literacy
chronic,1,04_epidemiology_incidence_prevalence
circulating,4,"02_covid_vaccination_basics, 03_vaccine_effectiveness_and_studies, 08_variant_surveillance, 15_vulnerable_populations"
circumstances,1,09_outbreak_investigation
claim,1,17_misinformation_and_health_literacy
cleaning,1,11_infection_prevention_healthcare
clear,7,"02_covid_vaccination_basics, 09_outbreak_investigation, 12_vaccine_safety_monitoring, 14_school_outbreak_prevention, 15_vulnerable_populations, 17_misinformation_and_health_literacy, 18_global_outbreak_preparedness"
clinical,7,"01_covid_transmission_and_prevention, 07_wastewater_surveillance, 08_variant_surveillance, 12_vaccine_safety_monitoring, 15_vulnerable_populations, 16_antiviral_treatment_and_testing, 18_global_outbreak_preparedness"
close,2,"01_covid_transmission_and_prevention, 14_school_outbreak_prevention"
close-contact,1,11_infection_prevention_healthcare
closures,1,14_school_outbreak_prevention
clues,1,09_outbreak_investigation
clustering,1,09_outbreak_investigation
clusters,1,14_school_outbreak_prevention
cohort,1,03_vaccine_effectiveness_and_studies
coincidental,1,12_vaccine_safety_monitoring
collect,1,12_vaccine_safety_monitoring
collection,2,"10_public_health_surveillance, 16_antiviral_treatment_and_testing"
collects,1,10_public_health_surveillance
combined,1,07_wastewater_surveillance
combines,1,01_covid_transmission_and_prevention
commonly,1,02_covid_vaccination_basics
communicate,1,18_global_outbreak_preparedness
communicating,2,"02_covid_vaccination_basics, 06_contact_tracing"
communication,9,"01_covid_transmission_and_prevention, 09_outbreak_investigation, 12_vaccine_safety_monitoring, 13_risk_communication, 14_school_outbreak_prevention, 15_vulnerable_populations, 17_misinformation_and_health_literacy, 18_global_outbreak_preparedness, 20_post_outbreak_evaluation"
communicators,1,13_risk_communication
community,5,"01_covid_transmission_and_prevention, 06_contact_tracing, 07_wastewater_surveillance, 14_school_outbreak_prevention, 15_vulnerable_populations"
community-level,1,10_public_health_surveillance
compare,2,"08_variant_surveillance, 09_outbreak_investigation"
comparing,1,03_vaccine_effectiveness_and_studies
comparison,4,"02_covid_vaccination_basics, 03_vaccine_effectiveness_and_studies, 12_vaccine_safety_monitoring, 13_risk_communication"
compartmental,1,19_epidemiological_models
complement,2,"04_epidemiology_incidence_prevalence, 07_wastewater_surveillance"
complementary,1,17_misinformation_and_health_literacy
complements,1,06_contact_tracing
completeness,1,10_public_health_surveillance
compliance,1,11_infection_prevention_healthcare
components,1,02_covid_vaccination_basics
computational,1,19_epidemiological_models
concentration,2,"01_covid_transmission_and_prevention, 07_wastewater_surveillance"
concepts,1,02_covid_vaccination_basics
conclusions,2,"02_covid_vaccination_basics, 17_misinformation_and_health_literacy"
concrete,1,20_post_outbreak_evaluation
condition,2,"04_epidemiology_incidence_prevalence, 12_vaccine_safety_monitoring"
conditions,4,"03_vaccine_effectiveness_and_studies, 05_basic_reproduction_number, 11_infection_prevention_healthcare, 15_vulnerable_populations"
confidentiality,1,06_contact_tracing
confirmation,1,09_outbreak_investigation
confirmed,2,"06_contact_tracing, 12_vaccine_safety_monitoring"
confounding,2,"03_vaccine_effectiveness_and_studies, 09_outbreak_investigation"
confusion,1,17_misinformation_and_health_literacy
consequences,1,20_post_outbreak_evaluation
consider,7,"01_covid_transmission_and_prevention, 06_contact_tracing, 09_outbreak_investigation, 13_risk_communication, 14_school_outbreak_prevention, 16_antiviral_treatment_and_testing, 20_post_outbreak_evaluation"
considering,1,01_covid_transmission_and_prevention
considers,1,12_vaccine_safety_monitoring
consistency,1,10_public_health_surveillance
consistent,1,19_epidemiological_models
construct,1,09_outbreak_investigation
consultation,1,14_school_outbreak_prevention
contact,3,"06_contact_tracing, 14_school_outbreak_prevention, 18_global_outbreak_preparedness"
contact-tracing,1,06_contact_tracing
contacts,1,06_contact_tracing
context,3,"03_vaccine_effectiveness_and_studies, 08_variant_surveillance, 13_risk_communication"
continue,1,09_outbreak_investigation
continued,1,12_vaccine_safety_monitoring
continues,1,12_vaccine_safety_monitoring
continuity,1,14_school_outbreak_prevention
continuous,1,10_public_health_surveillance
contraindications,1,16_antiviral_treatment_and_testing
contribute,1,02_covid_vaccination_basics
control,3,"09_outbreak_investigation, 11_infection_prevention_healthcare, 14_school_outbreak_prevention"
controlled,1,03_vaccine_effectiveness_and_studies
controls,2,"09_outbreak_investigation, 11_infection_prevention_healthcare"
conversely,1,04_epidemiology_incidence_prevalence
convert,1,20_post_outbreak_evaluation
coordination,2,"14_school_outbreak_prevention, 18_global_outbreak_preparedness"
core,1,11_infection_prevention_healthcare
correlation,1,20_post_outbreak_evaluation
correspond,1,05_basic_reproduction_number
cost,2,"10_public_health_surveillance, 15_vulnerable_populations"
coughing,1,01_covid_transmission_and_prevention
could,1,06_contact_tracing
counted,1,10_public_health_surveillance
countries,1,18_global_outbreak_preparedness
counts,2,"04_epidemiology_incidence_prevalence, 05_basic_reproduction_number"
coverage,1,20_post_outbreak_evaluation
covid,4,"01_covid_transmission_and_prevention, 02_covid_vaccination_basics, 04_epidemiology_incidence_prevalence, 16_antiviral_treatment_and_testing"
create,1,10_public_health_surveillance
cross-border,1,18_global_outbreak_preparedness
crowded,1,01_covid_transmission_and_prevention
crystal,1,19_epidemiological_models
cultural,1,13_risk_communication
current,1,05_basic_reproduction_number
curve,1,09_outbreak_investigation
data,10,"05_basic_reproduction_number, 06_contact_tracing, 07_wastewater_surveillance, 08_variant_surveillance, 10_public_health_surveillance, 16_antiviral_treatment_and_testing, 17_misinformation_and_health_literacy, 18_global_outbreak_preparedness, 19_epidemiological_models, 20_post_outbreak_evaluation"
databases,1,08_variant_surveillance
datasets,1,08_variant_surveillance
date,1,17_misinformation_and_health_literacy
death,1,02_covid_vaccination_basics
decision-makers,1,19_epidemiological_models
decision-making,1,10_public_health_surveillance
decisions,3,"12_vaccine_safety_monitoring, 13_risk_communication, 16_antiviral_treatment_and_testing"
decline,2,"05_basic_reproduction_number, 20_post_outbreak_evaluation"
declines,1,07_wastewater_surveillance
decrease,1,06_contact_tracing
define,1,04_epidemiology_incidence_prevalence
defined,3,"03_vaccine_effectiveness_and_studies, 04_epidemiology_incidence_prevalence, 10_public_health_surveillance"
definition,3,"04_epidemiology_incidence_prevalence, 09_outbreak_investigation, 10_public_health_surveillance"
definitions,2,"06_contact_tracing, 10_public_health_surveillance"
delay,1,16_antiviral_treatment_and_testing
delays,1,05_basic_reproduction_number
demand,1,16_antiviral_treatment_and_testing
demographic,1,09_outbreak_investigation
denominator,1,13_risk_communication
depend,4,"07_wastewater_surveillance, 11_infection_prevention_healthcare, 19_epidemiological_models, 20_post_outbreak_evaluation"
dependence,1,07_wastewater_surveillance
depending,2,"05_basic_reproduction_number, 09_outbreak_investigation"
depends,4,"08_variant_surveillance, 10_public_health_surveillance, 16_antiviral_treatment_and_testing, 18_global_outbreak_preparedness"
deployed,1,03_vaccine_effectiveness_and_studies
describe,2,"02_covid_vaccination_basics, 04_epidemiology_incidence_prevalence"
describes,2,"04_epidemiology_incidence_prevalence, 05_basic_reproduction_number"
descriptive,1,09_outbreak_investigation
design,2,"03_vaccine_effectiveness_and_studies, 11_infection_prevention_healthcare"
designed,1,02_covid_vaccination_basics
designs,1,03_vaccine_effectiveness_and_studies
detailed,2,"10_public_health_surveillance, 19_epidemiological_models"
detect,3,"08_variant_surveillance, 16_antiviral_treatment_and_testing, 18_global_outbreak_preparedness"
detectable,1,12_vaccine_safety_monitoring
detected,1,08_variant_surveillance
detection,3,"12_vaccine_safety_monitoring, 18_global_outbreak_preparedness, 20_post_outbreak_evaluation"
determine,3,"08_variant_surveillance, 09_outbreak_investigation, 18_global_outbreak_preparedness"
determined,1,15_vulnerable_populations
determines,1,10_public_health_surveillance
determining,1,06_contact_tracing
develops,1,02_covid_vaccination_basics
diagnostic,1,07_wastewater_surveillance
diagnostics,1,08_variant_surveillance
differ,1,03_vaccine_effectiveness_and_studies
difference,1,03_vaccine_effectiveness_and_studies
differences,2,"08_variant_surveillance, 09_outbreak_investigation"
different,6,"02_covid_vaccination_basics, 03_vaccine_effectiveness_and_studies, 04_epidemiology_incidence_prevalence, 05_basic_reproduction_number, 16_antiviral_treatment_and_testing, 19_epidemiological_models"
differently,1,03_vaccine_effectiveness_and_studies
difficult,1,04_epidemiology_incidence_prevalence
digital,2,"06_contact_tracing, 15_vulnerable_populations"
dilution,1,07_wastewater_surveillance
direct,2,"07_wastewater_surveillance, 10_public_health_surveillance"
disease,14,"01_covid_transmission_and_prevention, 02_covid_vaccination_basics, 03_vaccine_effectiveness_and_studies, 04_epidemiology_incidence_prevalence, 05_basic_reproduction_number, 06_contact_tracing, 09_outbreak_investigation, 13_risk_communication, 14_school_outbreak_prevention, 16_antiviral_treatment_and_testing, 17_misinformation_and_health_literacy, 18_global_outbreak_preparedness, 19_epidemiological_models, 20_post_outbreak_evaluation"
diseases,2,"10_public_health_surveillance, 19_epidemiological_models"
dissemination,1,10_public_health_surveillance
distinguish,4,"02_covid_vaccination_basics, 12_vaccine_safety_monitoring, 13_risk_communication, 20_post_outbreak_evaluation"
distinguishes,1,02_covid_vaccination_basics
distinguishing,1,17_misinformation_and_health_literacy
divide,1,19_epidemiological_models
do,1,06_contact_tracing
does,7,"02_covid_vaccination_basics, 07_wastewater_surveillance, 08_variant_surveillance, 13_risk_communication, 16_antiviral_treatment_and_testing, 18_global_outbreak_preparedness, 20_post_outbreak_evaluation"
doses,1,12_vaccine_safety_monitoring
drug,1,16_antiviral_treatment_and_testing
due,1,20_post_outbreak_evaluation
duration,2,"04_epidemiology_incidence_prevalence, 06_contact_tracing"
during,5,"04_epidemiology_incidence_prevalence, 06_contact_tracing, 13_risk_communication, 15_vulnerable_populations, 17_misinformation_and_health_literacy"
earlier,1,13_risk_communication
early,3,"07_wastewater_surveillance, 16_antiviral_treatment_and_testing, 18_global_outbreak_preparedness"
economic,1,20_post_outbreak_evaluation
educational,1,14_school_outbreak_prevention
effect,2,"08_variant_surveillance, 19_epidemiological_models"
effective,4,"05_basic_reproduction_number, 06_contact_tracing, 13_risk_communication, 16_antiviral_treatment_and_testing"
effectiveness,3,"02_covid_vaccination_basics, 03_vaccine_effectiveness_and_studies, 06_contact_tracing"
efficacy,1,03_vaccine_effectiveness_and_studies
efficient,1,10_public_health_surveillance
efforts,1,10_public_health_surveillance
elevated,2,"01_covid_transmission_and_prevention, 15_vulnerable_populations"
eligibility,1,16_antiviral_treatment_and_testing
eligible,1,16_antiviral_treatment_and_testing
emergencies,1,18_global_outbreak_preparedness
emergency,1,18_global_outbreak_preparedness
emerging,1,08_variant_surveillance
encounter,2,"11_infection_prevention_healthcare, 17_misinformation_and_health_literacy"
encountered,1,17_misinformation_and_health_literacy
encouraging,1,14_school_outbreak_prevention
endpoint,1,03_vaccine_effectiveness_and_studies
engineering,1,11_infection_prevention_healthcare
ensuring,1,15_vulnerable_populations
environmental,2,"09_outbreak_investigation, 11_infection_prevention_healthcare"
environments,3,"01_covid_transmission_and_prevention, 11_infection_prevention_healthcare, 14_school_outbreak_prevention"
epidemic,1,09_outbreak_investigation
epidemiological,8,"01_covid_transmission_and_prevention, 05_basic_reproduction_number, 07_wastewater_surveillance, 08_variant_surveillance, 10_public_health_surveillance, 12_vaccine_safety_monitoring, 19_epidemiological_models, 20_post_outbreak_evaluation"
epidemiologists,1,04_epidemiology_incidence_prevalence
epidemiology,2,"04_epidemiology_incidence_prevalence, 09_outbreak_investigation"
equipment,1,11_infection_prevention_healthcare
equitable,1,15_vulnerable_populations
equivalent,1,04_epidemiology_incidence_prevalence
especially,3,"03_vaccine_effectiveness_and_studies, 05_basic_reproduction_number, 07_wastewater_surveillance"
essential,1,19_epidemiological_models
estimate,3,"05_basic_reproduction_number, 07_wastewater_surveillance, 19_epidemiological_models"
estimated,1,03_vaccine_effectiveness_and_studies
estimates,3,"05_basic_reproduction_number, 12_vaccine_safety_monitoring, 19_epidemiological_models"
estimating,1,05_basic_reproduction_number
evaluate,4,"08_variant_surveillance, 16_antiviral_treatment_and_testing, 17_misinformation_and_health_literacy, 19_epidemiological_models"
evaluating,3,"03_vaccine_effectiveness_and_studies, 09_outbreak_investigation, 20_post_outbreak_evaluation"
evaluation,3,"02_covid_vaccination_basics, 17_misinformation_and_health_literacy, 20_post_outbreak_evaluation"
evaluations,1,18_global_outbreak_preparedness
even,1,19_epidemiological_models
event,1,12_vaccine_safety_monitoring
event-based,1,18_global_outbreak_preparedness
events,4,"10_public_health_surveillance, 12_vaccine_safety_monitoring, 13_risk_communication, 20_post_outbreak_evaluation"
every,6,"03_vaccine_effectiveness_and_studies, 05_basic_reproduction_number, 07_wastewater_surveillance, 09_outbreak_investigation, 11_infection_prevention_healthcare, 17_misinformation_and_health_literacy"
evidence,8,"02_covid_vaccination_basics, 03_vaccine_effectiveness_and_studies, 09_outbreak_investigation, 11_infection_prevention_healthcare, 12_vaccine_safety_monitoring, 13_risk_communication, 14_school_outbreak_prevention, 17_misinformation_and_health_literacy"
evolve,1,13_risk_communication
exact,3,"07_wastewater_surveillance, 19_epidemiological_models, 20_post_outbreak_evaluation"
examine,1,20_post_outbreak_evaluation
examined,1,19_epidemiological_models
example,2,"03_vaccine_effectiveness_and_studies, 13_risk_communication"
exclude,1,16_antiviral_treatment_and_testing
exercises,1,18_global_outbreak_preparedness
expanding,1,20_post_outbreak_evaluation
expected,1,09_outbreak_investigation
experience,2,"02_covid_vaccination_basics, 20_post_outbreak_evaluation"
experiment,1,17_misinformation_and_health_literacy
expert,1,19_epidemiological_models
explain,2,"13_risk_communication, 14_school_outbreak_prevention"
explaining,1,13_risk_communication
explanation,1,02_covid_vaccination_basics
explanations,1,17_misinformation_and_health_literacy
explore,1,19_epidemiological_models
exposed,3,"02_covid_vaccination_basics, 06_contact_tracing, 09_outbreak_investigation"
exposure,7,"01_covid_transmission_and_prevention, 03_vaccine_effectiveness_and_studies, 06_contact_tracing, 09_outbreak_investigation, 11_infection_prevention_healthcare, 15_vulnerable_populations, 16_antiviral_treatment_and_testing"
exposures,1,09_outbreak_investigation
extremely,1,06_contact_tracing
facilities,2,"11_infection_prevention_healthcare, 15_vulnerable_populations"
factors,3,"03_vaccine_effectiveness_and_studies, 15_vulnerable_populations, 20_post_outbreak_evaluation"
facts,1,17_misinformation_and_health_literacy
failed,1,18_global_outbreak_preparedness
faith,1,17_misinformation_and_health_literacy
families,1,14_school_outbreak_prevention
family,1,15_vulnerable_populations
faster,1,02_covid_vaccination_basics
favorable,1,12_vaccine_safety_monitoring
filtration,1,01_covid_transmission_and_prevention
find,1,17_misinformation_and_health_literacy
findings,2,"17_misinformation_and_health_literacy, 20_post_outbreak_evaluation"
fixed,1,05_basic_reproduction_number
focuses,1,04_epidemiology_incidence_prevalence
following,1,12_vaccine_safety_monitoring
for,15,"01_covid_transmission_and_prevention, 03_vaccine_effectiveness_and_studies, 04_epidemiology_incidence_prevalence, 05_basic_reproduction_number, 06_contact_tracing, 07_wastewater_surveillance, 10_public_health_surveillance, 11_infection_prevention_healthcare, 12_vaccine_safety_monitoring, 13_risk_communication, 14_school_outbreak_prevention, 17_misinformation_and_health_literacy, 18_global_outbreak_preparedness, 19_epidemiological_models, 20_post_outbreak_evaluation"
forecast,1,19_epidemiological_models
frequency,1,07_wastewater_surveillance
frequently,1,14_school_outbreak_prevention
from,9,"02_covid_vaccination_basics, 03_vaccine_effectiveness_and_studies, 08_variant_surveillance, 10_public_health_surveillance, 12_vaccine_safety_monitoring, 13_risk_communication, 15_vulnerable_populations, 17_misinformation_and_health_literacy, 20_post_outbreak_evaluation"
fully,1,05_basic_reproduction_number
further,1,18_global_outbreak_preparedness
future,1,20_post_outbreak_evaluation
generally,3,"01_covid_transmission_and_prevention, 07_wastewater_surveillance, 17_misinformation_and_health_literacy"
generated,1,05_basic_reproduction_number
genetic,3,"07_wastewater_surveillance, 08_variant_surveillance, 16_antiviral_treatment_and_testing"
genomic,3,"08_variant_surveillance, 09_outbreak_investigation, 18_global_outbreak_preparedness"
geographic,2,"09_outbreak_investigation, 19_epidemiological_models"
global,1,18_global_outbreak_preparedness
goal,1,20_post_outbreak_evaluation
greater,2,"09_outbreak_investigation, 10_public_health_surveillance"
greatest,1,19_epidemiological_models
group,2,"02_covid_vaccination_basics, 13_risk_communication"
groups,5,"03_vaccine_effectiveness_and_studies, 09_outbreak_investigation, 12_vaccine_safety_monitoring, 15_vulnerable_populations, 19_epidemiological_models"
growth,1,05_basic_reproduction_number
guarantee,2,"02_covid_vaccination_basics, 03_vaccine_effectiveness_and_studies"
guidance,1,13_risk_communication
guide,2,"01_covid_transmission_and_prevention, 09_outbreak_investigation"
hand,2,"01_covid_transmission_and_prevention, 11_infection_prevention_healthcare"
handle,1,06_contact_tracing
happened,1,20_post_outbreak_evaluation
harm,1,15_vulnerable_populations
has,5,"03_vaccine_effectiveness_and_studies, 04_epidemiology_incidence_prevalence, 09_outbreak_investigation, 16_antiviral_treatment_and_testing, 17_misinformation_and_health_literacy"
have,7,"02_covid_vaccination_basics, 04_epidemiology_incidence_prevalence, 06_contact_tracing, 08_variant_surveillance, 15_vulnerable_populations, 16_antiviral_treatment_and_testing, 19_epidemiological_models"
health,8,"01_covid_transmission_and_prevention, 02_covid_vaccination_basics, 06_contact_tracing, 08_variant_surveillance, 10_public_health_surveillance, 12_vaccine_safety_monitoring, 17_misinformation_and_health_literacy, 20_post_outbreak_evaluation"
healthcare,8,"06_contact_tracing, 10_public_health_surveillance, 11_infection_prevention_healthcare, 14_school_outbreak_prevention, 15_vulnerable_populations, 16_antiviral_treatment_and_testing, 19_epidemiological_models, 20_post_outbreak_evaluation"
healthcare-associated,1,11_infection_prevention_healthcare
healthcare-seeking,1,03_vaccine_effectiveness_and_studies
help,6,"04_epidemiology_incidence_prevalence, 08_variant_surveillance, 13_risk_communication, 14_school_outbreak_prevention, 16_antiviral_treatment_and_testing, 19_epidemiological_models"
helps,1,08_variant_surveillance
hiding,1,13_risk_communication
high,2,"04_epidemiology_incidence_prevalence, 06_contact_tracing"
higher,1,15_vulnerable_populations
higher-risk,1,15_vulnerable_populations
historical,1,19_epidemiological_models
history,1,16_antiviral_treatment_and_testing
home,2,"01_covid_transmission_and_prevention, 14_school_outbreak_prevention"
hospital,2,"07_wastewater_surveillance, 10_public_health_surveillance"
hospitalization,6,"02_covid_vaccination_basics, 03_vaccine_effectiveness_and_studies, 04_epidemiology_incidence_prevalence, 05_basic_reproduction_number, 19_epidemiological_models, 20_post_outbreak_evaluation"
hospitalizations,1,01_covid_transmission_and_prevention
hospitals,1,18_global_outbreak_preparedness
how,4,"04_epidemiology_incidence_prevalence, 10_public_health_surveillance, 19_epidemiological_models, 20_post_outbreak_evaluation"
however,1,08_variant_surveillance
hybrid,1,02_covid_vaccination_basics
hygiene,2,"01_covid_transmission_and_prevention, 11_infection_prevention_healthcare"
identical,1,15_vulnerable_populations
identified,1,06_contact_tracing
identify,10,"06_contact_tracing, 07_wastewater_surveillance, 08_variant_surveillance, 09_outbreak_investigation, 10_public_health_surveillance, 13_risk_communication, 14_school_outbreak_prevention, 16_antiviral_treatment_and_testing, 18_global_outbreak_preparedness, 19_epidemiological_models"
identifying,1,06_contact_tracing
ill,1,01_covid_transmission_and_prevention
illness,4,"04_epidemiology_incidence_prevalence, 09_outbreak_investigation, 11_infection_prevention_healthcare, 14_school_outbreak_prevention"
immune,3,"01_covid_transmission_and_prevention, 02_covid_vaccination_basics, 15_vulnerable_populations"
immunity,5,"02_covid_vaccination_basics, 05_basic_reproduction_number, 15_vulnerable_populations, 19_epidemiological_models, 20_post_outbreak_evaluation"
immunization,1,12_vaccine_safety_monitoring
implemented,1,20_post_outbreak_evaluation
implying,1,13_risk_communication
important,5,"01_covid_transmission_and_prevention, 03_vaccine_effectiveness_and_studies, 06_contact_tracing, 14_school_outbreak_prevention, 15_vulnerable_populations"
improve,1,10_public_health_surveillance
improvements,2,"18_global_outbreak_preparedness, 20_post_outbreak_evaluation"
improving,2,"01_covid_transmission_and_prevention, 20_post_outbreak_evaluation"
in,17,"01_covid_transmission_and_prevention, 02_covid_vaccination_basics, 03_vaccine_effectiveness_and_studies, 04_epidemiology_incidence_prevalence, 05_basic_reproduction_number, 06_contact_tracing, 07_wastewater_surveillance, 08_variant_surveillance, 09_outbreak_investigation, 10_public_health_surveillance, 11_infection_prevention_healthcare, 14_school_outbreak_prevention, 16_antiviral_treatment_and_testing, 17_misinformation_and_health_literacy, 18_global_outbreak_preparedness, 19_epidemiological_models, 20_post_outbreak_evaluation"
inaccurate,1,17_misinformation_and_health_literacy
incidence,2,"04_epidemiology_incidence_prevalence, 12_vaccine_safety_monitoring"
include,4,"09_outbreak_investigation, 11_infection_prevention_healthcare, 17_misinformation_and_health_literacy, 20_post_outbreak_evaluation"
includes,2,"06_contact_tracing, 18_global_outbreak_preparedness"
including,1,04_epidemiology_incidence_prevalence
incomplete,2,"09_outbreak_investigation, 12_vaccine_safety_monitoring"
incorrect,1,17_misinformation_and_health_literacy
increase,2,"05_basic_reproduction_number, 09_outbreak_investigation"
increases,1,01_covid_transmission_and_prevention
indicate,1,12_vaccine_safety_monitoring
indicators,7,"01_covid_transmission_and_prevention, 04_epidemiology_incidence_prevalence, 05_basic_reproduction_number, 07_wastewater_surveillance, 10_public_health_surveillance, 11_infection_prevention_healthcare, 20_post_outbreak_evaluation"
individual,3,"05_basic_reproduction_number, 07_wastewater_surveillance, 15_vulnerable_populations"
individualized,1,16_antiviral_treatment_and_testing
individuals,3,"01_covid_transmission_and_prevention, 07_wastewater_surveillance, 11_infection_prevention_healthcare"
indoor,2,"01_covid_transmission_and_prevention, 14_school_outbreak_prevention"
indoors,1,14_school_outbreak_prevention
infected,4,"01_covid_transmission_and_prevention, 02_covid_vaccination_basics, 07_wastewater_surveillance, 19_epidemiological_models"
infection,7,"01_covid_transmission_and_prevention, 02_covid_vaccination_basics, 03_vaccine_effectiveness_and_studies, 05_basic_reproduction_number, 11_infection_prevention_healthcare, 14_school_outbreak_prevention, 16_antiviral_treatment_and_testing"
infection-prevention,1,11_infection_prevention_healthcare
infections,9,"01_covid_transmission_and_prevention, 04_epidemiology_incidence_prevalence, 05_basic_reproduction_number, 06_contact_tracing, 07_wastewater_surveillance, 08_variant_surveillance, 11_infection_prevention_healthcare, 14_school_outbreak_prevention, 15_vulnerable_populations"
infectious,14,"01_covid_transmission_and_prevention, 04_epidemiology_incidence_prevalence, 05_basic_reproduction_number, 06_contact_tracing, 07_wastewater_surveillance, 09_outbreak_investigation, 10_public_health_surveillance, 11_infection_prevention_healthcare, 13_risk_communication, 14_school_outbreak_prevention, 17_misinformation_and_health_literacy, 18_global_outbreak_preparedness, 19_epidemiological_models, 20_post_outbreak_evaluation"
infectiousness,1,06_contact_tracing
influence,1,08_variant_surveillance
inform,1,16_antiviral_treatment_and_testing
informal,1,17_misinformation_and_health_literacy
information,11,"02_covid_vaccination_basics, 06_contact_tracing, 07_wastewater_surveillance, 08_variant_surveillance, 10_public_health_surveillance, 12_vaccine_safety_monitoring, 13_risk_communication, 15_vulnerable_populations, 16_antiviral_treatment_and_testing, 17_misinformation_and_health_literacy, 18_global_outbreak_preparedness"
informed,1,13_risk_communication
infrastructure,1,18_global_outbreak_preparedness
institutionalized,1,18_global_outbreak_preparedness
institutions,1,18_global_outbreak_preparedness
intended,1,16_antiviral_treatment_and_testing
intensity,1,01_covid_transmission_and_prevention
intentionally,1,13_risk_communication
interact,2,"14_school_outbreak_prevention, 15_vulnerable_populations"
interactions,1,16_antiviral_treatment_and_testing
interchangeable,1,02_covid_vaccination_basics
interoperability,1,20_post_outbreak_evaluation
interpret,2,"04_epidemiology_incidence_prevalence, 19_epidemiological_models"
interpretation,4,"03_vaccine_effectiveness_and_studies, 07_wastewater_surveillance, 10_public_health_surveillance, 16_antiviral_treatment_and_testing"
interpreted,3,"03_vaccine_effectiveness_and_studies, 05_basic_reproduction_number, 10_public_health_surveillance"
interval,1,04_epidemiology_incidence_prevalence
intervals,1,03_vaccine_effectiveness_and_studies
intervention,2,"01_covid_transmission_and_prevention, 20_post_outbreak_evaluation"
interventions,4,"01_covid_transmission_and_prevention, 05_basic_reproduction_number, 19_epidemiological_models, 20_post_outbreak_evaluation"
interviewing,1,06_contact_tracing
into,3,"07_wastewater_surveillance, 19_epidemiological_models, 20_post_outbreak_evaluation"
investigate,1,12_vaccine_safety_monitoring
investigation,3,"09_outbreak_investigation, 18_global_outbreak_preparedness, 20_post_outbreak_evaluation"
investigators,1,09_outbreak_investigation
investments,1,18_global_outbreak_preparedness
involve,1,15_vulnerable_populations
involves,3,"10_public_health_surveillance, 17_misinformation_and_health_literacy, 18_global_outbreak_preparedness"
is,19,"01_covid_transmission_and_prevention, 02_covid_vaccination_basics, 03_vaccine_effectiveness_and_studies, 05_basic_reproduction_number, 06_contact_tracing, 07_wastewater_surveillance, 08_variant_surveillance, 09_outbreak_investigation, 10_public_health_surveillance, 11_infection_prevention_healthcare, 12_vaccine_safety_monitoring, 13_risk_communication, 14_school_outbreak_prevention, 15_vulnerable_populations, 16_antiviral_treatment_and_testing, 17_misinformation_and_health_literacy, 18_global_outbreak_preparedness, 19_epidemiological_models, 20_post_outbreak_evaluation"
isolated,1,02_covid_vaccination_basics
isolation,3,"04_epidemiology_incidence_prevalence, 06_contact_tracing, 09_outbreak_investigation"
it,7,"01_covid_transmission_and_prevention, 02_covid_vaccination_basics, 03_vaccine_effectiveness_and_studies, 05_basic_reproduction_number, 07_wastewater_surveillance, 13_risk_communication, 19_epidemiological_models"
its,3,"07_wastewater_surveillance, 08_variant_surveillance, 19_epidemiological_models"
itself,1,02_covid_vaccination_basics
judgment,1,06_contact_tracing
knowing,1,03_vaccine_effectiveness_and_studies
known,1,13_risk_communication
laboratories,1,08_variant_surveillance
laboratory,7,"07_wastewater_surveillance, 08_variant_surveillance, 09_outbreak_investigation, 10_public_health_surveillance, 17_misinformation_and_health_literacy, 18_global_outbreak_preparedness, 20_post_outbreak_evaluation"
language,2,"13_risk_communication, 15_vulnerable_populations"
large,2,"03_vaccine_effectiveness_and_studies, 18_global_outbreak_preparedness"
later,1,02_covid_vaccination_basics
layer,1,01_covid_transmission_and_prevention
layered,1,11_infection_prevention_healthcare
lead,1,12_vaccine_safety_monitoring
levels,2,"03_vaccine_effectiveness_and_studies, 05_basic_reproduction_number"
licensed,1,12_vaccine_safety_monitoring
likely,1,09_outbreak_investigation
limitations,1,03_vaccine_effectiveness_and_studies
limited,1,13_risk_communication
lineages,1,08_variant_surveillance
linked,1,08_variant_surveillance
literacy,1,17_misinformation_and_health_literacy
local,3,"01_covid_transmission_and_prevention, 11_infection_prevention_healthcare, 14_school_outbreak_prevention"
location,2,"07_wastewater_surveillance, 08_variant_surveillance"
locations,1,08_variant_surveillance
long,1,04_epidemiology_incidence_prevalence
looking,1,17_misinformation_and_health_literacy
low,1,04_epidemiology_incidence_prevalence
lower,2,"04_epidemiology_incidence_prevalence, 16_antiviral_treatment_and_testing"
lower-risk,1,14_school_outbreak_prevention
made,1,04_epidemiology_incidence_prevalence
major,2,"01_covid_transmission_and_prevention, 18_global_outbreak_preparedness"
make,1,13_risk_communication
management,1,06_contact_tracing
managing,1,11_infection_prevention_healthcare
many,2,"01_covid_transmission_and_prevention, 06_contact_tracing"
mapping,1,09_outbreak_investigation
mask,1,01_covid_transmission_and_prevention
matched,1,01_covid_transmission_and_prevention
matches,1,17_misinformation_and_health_literacy
material,2,"07_wastewater_surveillance, 16_antiviral_treatment_and_testing"
mathematical,1,19_epidemiological_models
may,20,"01_covid_transmission_and_prevention, 02_covid_vaccination_basics, 03_vaccine_effectiveness_and_studies, 04_epidemiology_incidence_prevalence, 05_basic_reproduction_number, 06_contact_tracing, 07_wastewater_surveillance, 08_variant_surveillance, 09_outbreak_investigation, 10_public_health_surveillance, 11_infection_prevention_healthcare, 12_vaccine_safety_monitoring, 13_risk_communication, 14_school_outbreak_prevention, 15_vulnerable_populations, 16_antiviral_treatment_and_testing, 17_misinformation_and_health_literacy, 18_global_outbreak_preparedness, 19_epidemiological_models, 20_post_outbreak_evaluation"
mean,2,"08_variant_surveillance, 13_risk_communication"
measure,1,01_covid_transmission_and_prevention
measured,1,03_vaccine_effectiveness_and_studies
measurement,1,04_epidemiology_incidence_prevalence
measurements,3,"04_epidemiology_incidence_prevalence, 07_wastewater_surveillance, 10_public_health_surveillance"
measures,7,"01_covid_transmission_and_prevention, 06_contact_tracing, 09_outbreak_investigation, 11_infection_prevention_healthcare, 14_school_outbreak_prevention, 15_vulnerable_populations, 20_post_outbreak_evaluation"
mechanisms,1,18_global_outbreak_preparedness
media,1,17_misinformation_and_health_literacy
medical,5,"12_vaccine_safety_monitoring, 15_vulnerable_populations, 16_antiviral_treatment_and_testing, 17_misinformation_and_health_literacy, 18_global_outbreak_preparedness"
members,1,15_vulnerable_populations
messages,1,13_risk_communication
messaging,1,17_misinformation_and_health_literacy
method,1,04_epidemiology_incidence_prevalence
methods,2,"05_basic_reproduction_number, 07_wastewater_surveillance"
millions,1,12_vaccine_safety_monitoring
misinformation,2,"13_risk_communication, 17_misinformation_and_health_literacy"
misleading,3,"02_covid_vaccination_basics, 13_risk_communication, 17_misinformation_and_health_literacy"
miss,1,10_public_health_surveillance
misunderstanding,1,17_misinformation_and_health_literacy
model,1,19_epidemiological_models
models,2,"05_basic_reproduction_number, 19_epidemiological_models"
molecular,1,16_antiviral_treatment_and_testing
monitor,1,10_public_health_surveillance
monitoring,4,"07_wastewater_surveillance, 10_public_health_surveillance, 11_infection_prevention_healthcare, 12_vaccine_safety_monitoring"
monitors,1,08_variant_surveillance
more,5,"06_contact_tracing, 08_variant_surveillance, 10_public_health_surveillance, 13_risk_communication, 19_epidemiological_models"
mortality,2,"04_epidemiology_incidence_prevalence, 10_public_health_surveillance"
most,3,"06_contact_tracing, 07_wastewater_surveillance, 16_antiviral_treatment_and_testing"
mount,1,02_covid_vaccination_basics
multiple,5,"04_epidemiology_incidence_prevalence, 08_variant_surveillance, 10_public_health_surveillance, 17_misinformation_and_health_literacy, 18_global_outbreak_preparedness"
must,2,"03_vaccine_effectiveness_and_studies, 09_outbreak_investigation"
mutation,1,08_variant_surveillance
mutations,1,08_variant_surveillance
national,1,14_school_outbreak_prevention
nature,1,07_wastewater_surveillance
necessarily,2,"09_outbreak_investigation, 13_risk_communication"
need,1,18_global_outbreak_preparedness
needed,3,"13_risk_communication, 14_school_outbreak_prevention, 20_post_outbreak_evaluation"
needs,1,14_school_outbreak_prevention
negative,1,16_antiviral_treatment_and_testing
networks,3,"17_misinformation_and_health_literacy, 18_global_outbreak_preparedness, 20_post_outbreak_evaluation"
never,1,02_covid_vaccination_basics
new,3,"04_epidemiology_incidence_prevalence, 09_outbreak_investigation, 13_risk_communication"
newly,1,08_variant_surveillance
news,1,17_misinformation_and_health_literacy
no,1,11_infection_prevention_healthcare
not,15,"02_covid_vaccination_basics, 05_basic_reproduction_number, 06_contact_tracing, 07_wastewater_surveillance, 08_variant_surveillance, 09_outbreak_investigation, 10_public_health_surveillance, 12_vaccine_safety_monitoring, 13_risk_communication, 15_vulnerable_populations, 16_antiviral_treatment_and_testing, 17_misinformation_and_health_literacy, 18_global_outbreak_preparedness, 19_epidemiological_models, 20_post_outbreak_evaluation"
notification,1,06_contact_tracing
nowcasting,1,05_basic_reproduction_number
number,2,"05_basic_reproduction_number, 07_wastewater_surveillance"
numbers,2,"05_basic_reproduction_number, 13_risk_communication"
numerical,1,19_epidemiological_models
objective,1,10_public_health_surveillance
objectives,1,20_post_outbreak_evaluation
observational,2,"03_vaccine_effectiveness_and_studies, 17_misinformation_and_health_literacy"
observations,1,08_variant_surveillance
observed,4,"04_epidemiology_incidence_prevalence, 08_variant_surveillance, 09_outbreak_investigation, 19_epidemiological_models"
occupation,1,09_outbreak_investigation
occur,3,"01_covid_transmission_and_prevention, 08_variant_surveillance, 12_vaccine_safety_monitoring"
occurred,3,"02_covid_vaccination_basics, 06_contact_tracing, 09_outbreak_investigation"
occurrence,1,04_epidemiology_incidence_prevalence
occurring,1,04_epidemiology_incidence_prevalence
occurs,2,"16_antiviral_treatment_and_testing, 18_global_outbreak_preparedness"
of,17,"01_covid_transmission_and_prevention, 03_vaccine_effectiveness_and_studies, 04_epidemiology_incidence_prevalence, 05_basic_reproduction_number, 06_contact_tracing, 07_wastewater_surveillance, 08_variant_surveillance, 09_outbreak_investigation, 10_public_health_surveillance, 11_infection_prevention_healthcare, 12_vaccine_safety_monitoring, 14_school_outbreak_prevention, 15_vulnerable_populations, 16_antiviral_treatment_and_testing, 17_misinformation_and_health_literacy, 19_epidemiological_models, 20_post_outbreak_evaluation"
often,2,"02_covid_vaccination_basics, 05_basic_reproduction_number"
on,14,"01_covid_transmission_and_prevention, 04_epidemiology_incidence_prevalence, 05_basic_reproduction_number, 07_wastewater_surveillance, 08_variant_surveillance, 09_outbreak_investigation, 10_public_health_surveillance, 11_infection_prevention_healthcare, 12_vaccine_safety_monitoring, 14_school_outbreak_prevention, 16_antiviral_treatment_and_testing, 18_global_outbreak_preparedness, 19_epidemiological_models, 20_post_outbreak_evaluation"
one,2,"05_basic_reproduction_number, 11_infection_prevention_healthcare"
ongoing,1,18_global_outbreak_preparedness
only,1,12_vaccine_safety_monitoring
onset,2,"05_basic_reproduction_number, 09_outbreak_investigation"
operational,1,20_post_outbreak_evaluation
opportunities,2,"14_school_outbreak_prevention, 15_vulnerable_populations"
or,18,"01_covid_transmission_and_prevention, 02_covid_vaccination_basics, 03_vaccine_effectiveness_and_studies, 04_epidemiology_incidence_prevalence, 05_basic_reproduction_number, 06_contact_tracing, 07_wastewater_surveillance, 08_variant_surveillance, 09_outbreak_investigation, 10_public_health_surveillance, 11_infection_prevention_healthcare, 12_vaccine_safety_monitoring, 13_risk_communication, 15_vulnerable_populations, 16_antiviral_treatment_and_testing, 17_misinformation_and_health_literacy, 19_epidemiological_models, 20_post_outbreak_evaluation"
original,1,17_misinformation_and_health_literacy
other,10,"01_covid_transmission_and_prevention, 04_epidemiology_incidence_prevalence, 05_basic_reproduction_number, 07_wastewater_surveillance, 08_variant_surveillance, 09_outbreak_investigation, 12_vaccine_safety_monitoring, 15_vulnerable_populations, 19_epidemiological_models, 20_post_outbreak_evaluation"
outbreak,8,"01_covid_transmission_and_prevention, 05_basic_reproduction_number, 09_outbreak_investigation, 11_infection_prevention_healthcare, 13_risk_communication, 14_school_outbreak_prevention, 18_global_outbreak_preparedness, 20_post_outbreak_evaluation"
outbreaks,1,17_misinformation_and_health_literacy
outcome,2,"02_covid_vaccination_basics, 13_risk_communication"
outcomes,6,"02_covid_vaccination_basics, 03_vaccine_effectiveness_and_studies, 08_variant_surveillance, 15_vulnerable_populations, 19_epidemiological_models, 20_post_outbreak_evaluation"
outdated,1,17_misinformation_and_health_literacy
outdoor,1,14_school_outbreak_prevention
outputs,1,19_epidemiological_models
over,4,"01_covid_transmission_and_prevention, 02_covid_vaccination_basics, 04_epidemiology_incidence_prevalence, 08_variant_surveillance"
own,1,01_covid_transmission_and_prevention
parameter,1,19_epidemiological_models
parameters,1,19_epidemiological_models
part,1,15_vulnerable_populations
particles,2,"01_covid_transmission_and_prevention, 14_school_outbreak_prevention"
particular,1,04_epidemiology_incidence_prevalence
particularly,2,"16_antiviral_treatment_and_testing, 19_epidemiological_models"
passive,2,"10_public_health_surveillance, 12_vaccine_safety_monitoring"
pathogen,4,"05_basic_reproduction_number, 09_outbreak_investigation, 11_infection_prevention_healthcare, 18_global_outbreak_preparedness"
patient,1,11_infection_prevention_healthcare
patients,2,"11_infection_prevention_healthcare, 16_antiviral_treatment_and_testing"
patterns,4,"03_vaccine_effectiveness_and_studies, 07_wastewater_surveillance, 08_variant_surveillance, 19_epidemiological_models"
people,10,"01_covid_transmission_and_prevention, 04_epidemiology_incidence_prevalence, 06_contact_tracing, 07_wastewater_surveillance, 09_outbreak_investigation, 13_risk_communication, 14_school_outbreak_prevention, 15_vulnerable_populations, 16_antiviral_treatment_and_testing, 17_misinformation_and_health_literacy"
percentage,2,"02_covid_vaccination_basics, 13_risk_communication"
performance,1,16_antiviral_treatment_and_testing
period,5,"02_covid_vaccination_basics, 03_vaccine_effectiveness_and_studies, 04_epidemiology_incidence_prevalence, 06_contact_tracing, 13_risk_communication"
periods,3,"01_covid_transmission_and_prevention, 04_epidemiology_incidence_prevalence, 15_vulnerable_populations"
person,5,"01_covid_transmission_and_prevention, 02_covid_vaccination_basics, 07_wastewater_surveillance, 09_outbreak_investigation, 17_misinformation_and_health_literacy"
personal,1,11_infection_prevention_healthcare
personnel,1,18_global_outbreak_preparedness
physical,1,11_infection_prevention_healthcare
picture,1,04_epidemiology_incidence_prevalence
place,1,09_outbreak_investigation
placement,1,11_infection_prevention_healthcare
planning,3,"15_vulnerable_populations, 18_global_outbreak_preparedness, 19_epidemiological_models"
plans,2,"18_global_outbreak_preparedness, 20_post_outbreak_evaluation"
platforms,1,02_covid_vaccination_basics
plausibility,1,12_vaccine_safety_monitoring
point,1,04_epidemiology_incidence_prevalence
policies,1,11_infection_prevention_healthcare
poorly,1,01_covid_transmission_and_prevention
population,7,"02_covid_vaccination_basics, 03_vaccine_effectiveness_and_studies, 04_epidemiology_incidence_prevalence, 05_basic_reproduction_number, 07_wastewater_surveillance, 11_infection_prevention_healthcare, 17_misinformation_and_health_literacy"
population-level,3,"07_wastewater_surveillance, 08_variant_surveillance, 17_misinformation_and_health_literacy"
populations,3,"03_vaccine_effectiveness_and_studies, 15_vulnerable_populations, 19_epidemiological_models"
positivity,1,04_epidemiology_incidence_prevalence
possible,1,17_misinformation_and_health_literacy
potential,1,12_vaccine_safety_monitoring
potentially,1,12_vaccine_safety_monitoring
practical,5,"06_contact_tracing, 08_variant_surveillance, 13_risk_communication, 14_school_outbreak_prevention, 17_misinformation_and_health_literacy"
practices,3,"04_epidemiology_incidence_prevalence, 10_public_health_surveillance, 11_infection_prevention_healthcare"
precautions,1,15_vulnerable_populations
pregnancy,1,15_vulnerable_populations
preliminary,1,17_misinformation_and_health_literacy
preparedness,2,"18_global_outbreak_preparedness, 20_post_outbreak_evaluation"
prepares,1,01_covid_transmission_and_prevention
presence,1,07_wastewater_surveillance
present,2,"01_covid_transmission_and_prevention, 02_covid_vaccination_basics"
presentation,1,17_misinformation_and_health_literacy
presented,1,13_risk_communication
presenting,1,17_misinformation_and_health_literacy
prevalence,1,04_epidemiology_incidence_prevalence
prevention,5,"01_covid_transmission_and_prevention, 06_contact_tracing, 11_infection_prevention_healthcare, 14_school_outbreak_prevention, 15_vulnerable_populations"
prevents,1,02_covid_vaccination_basics
previous,2,"02_covid_vaccination_basics, 15_vulnerable_populations"
prior,2,"03_vaccine_effectiveness_and_studies, 05_basic_reproduction_number"
privacy,1,06_contact_tracing
probable,1,06_contact_tracing
procedures,3,"11_infection_prevention_healthcare, 14_school_outbreak_prevention, 20_post_outbreak_evaluation"
process,3,"06_contact_tracing, 17_misinformation_and_health_literacy, 18_global_outbreak_preparedness"
producing,1,02_covid_vaccination_basics
product,2,"02_covid_vaccination_basics, 03_vaccine_effectiveness_and_studies"
professionals,1,14_school_outbreak_prevention
profile,1,12_vaccine_safety_monitoring
programs,3,"01_covid_transmission_and_prevention, 11_infection_prevention_healthcare, 16_antiviral_treatment_and_testing"
projections,1,19_epidemiological_models
prolonged,1,01_covid_transmission_and_prevention
promptly,2,"06_contact_tracing, 16_antiviral_treatment_and_testing"
proof,1,17_misinformation_and_health_literacy
property,1,05_basic_reproduction_number
proportion,1,04_epidemiology_incidence_prevalence
proportionate,1,14_school_outbreak_prevention
protecting,1,15_vulnerable_populations
protection,4,"01_covid_transmission_and_prevention, 02_covid_vaccination_basics, 03_vaccine_effectiveness_and_studies, 15_vulnerable_populations"
protective,2,"01_covid_transmission_and_prevention, 11_infection_prevention_healthcare"
proteins,1,16_antiviral_treatment_and_testing
prove,1,20_post_outbreak_evaluation
provide,9,"01_covid_transmission_and_prevention, 03_vaccine_effectiveness_and_studies, 06_contact_tracing, 07_wastewater_surveillance, 09_outbreak_investigation, 12_vaccine_safety_monitoring, 13_risk_communication, 14_school_outbreak_prevention, 16_antiviral_treatment_and_testing"
provides,2,"04_epidemiology_incidence_prevalence, 13_risk_communication"
proximity,2,"01_covid_transmission_and_prevention, 06_contact_tracing"
public,3,"08_variant_surveillance, 10_public_health_surveillance, 20_post_outbreak_evaluation"
public-health,14,"01_covid_transmission_and_prevention, 02_covid_vaccination_basics, 05_basic_reproduction_number, 06_contact_tracing, 08_variant_surveillance, 10_public_health_surveillance, 13_risk_communication, 14_school_outbreak_prevention, 15_vulnerable_populations, 16_antiviral_treatment_and_testing, 17_misinformation_and_health_literacy, 18_global_outbreak_preparedness, 19_epidemiological_models, 20_post_outbreak_evaluation"
purely,1,10_public_health_surveillance
quality,2,"10_public_health_surveillance, 19_epidemiological_models"
quantity,2,"03_vaccine_effectiveness_and_studies, 05_basic_reproduction_number"
question,2,"09_outbreak_investigation, 17_misinformation_and_health_literacy"
quickly,3,"04_epidemiology_incidence_prevalence, 06_contact_tracing, 20_post_outbreak_evaluation"
rainfall,1,07_wastewater_surveillance
randomized,1,03_vaccine_effectiveness_and_studies
rapid,2,"16_antiviral_treatment_and_testing, 18_global_outbreak_preparedness"
rapidly,2,"13_risk_communication, 17_misinformation_and_health_literacy"
rare,1,12_vaccine_safety_monitoring
rates,2,"02_covid_vaccination_basics, 12_vaccine_safety_monitoring"
rather,6,"01_covid_transmission_and_prevention, 07_wastewater_surveillance, 12_vaccine_safety_monitoring, 13_risk_communication, 14_school_outbreak_prevention, 18_global_outbreak_preparedness"
re,1,05_basic_reproduction_number
reach,1,20_post_outbreak_evaluation
real,1,18_global_outbreak_preparedness
real-world,1,03_vaccine_effectiveness_and_studies
reason,1,13_risk_communication
recall,1,09_outbreak_investigation
recognize,1,02_covid_vaccination_basics
recognized,1,17_misinformation_and_health_literacy
recommendation,1,13_risk_communication
recommendations,5,"02_covid_vaccination_basics, 11_infection_prevention_healthcare, 12_vaccine_safety_monitoring, 13_risk_communication, 14_school_outbreak_prevention"
recommended,3,"06_contact_tracing, 13_risk_communication, 15_vulnerable_populations"
records,1,10_public_health_surveillance
recovered,1,19_epidemiological_models
reduce,6,"01_covid_transmission_and_prevention, 03_vaccine_effectiveness_and_studies, 14_school_outbreak_prevention, 15_vulnerable_populations, 16_antiviral_treatment_and_testing, 17_misinformation_and_health_literacy"
reduces,1,11_infection_prevention_healthcare
reducing,2,"01_covid_transmission_and_prevention, 07_wastewater_surveillance"
reflect,1,04_epidemiology_incidence_prevalence
reflects,1,05_basic_reproduction_number
related,1,12_vaccine_safety_monitoring
relationship,2,"07_wastewater_surveillance, 12_vaccine_safety_monitoring"
relative,4,"02_covid_vaccination_basics, 06_contact_tracing, 12_vaccine_safety_monitoring, 13_risk_communication"
relatively,2,"04_epidemiology_incidence_prevalence, 10_public_health_surveillance"
releases,1,01_covid_transmission_and_prevention
relevant,5,"02_covid_vaccination_basics, 03_vaccine_effectiveness_and_studies, 05_basic_reproduction_number, 06_contact_tracing, 08_variant_surveillance"
reliable,1,13_risk_communication
reliance,1,11_infection_prevention_healthcare
relies,1,10_public_health_surveillance
relying,2,"01_covid_transmission_and_prevention, 14_school_outbreak_prevention"
remain,3,"01_covid_transmission_and_prevention, 04_epidemiology_incidence_prevalence, 14_school_outbreak_prevention"
remains,3,"01_covid_transmission_and_prevention, 05_basic_reproduction_number, 13_risk_communication"
repeated,1,11_infection_prevention_healthcare
replace,2,"06_contact_tracing, 16_antiviral_treatment_and_testing"
report,1,12_vaccine_safety_monitoring
reported,4,"01_covid_transmission_and_prevention, 04_epidemiology_incidence_prevalence, 12_vaccine_safety_monitoring, 17_misinformation_and_health_literacy"
reporting,8,"04_epidemiology_incidence_prevalence, 05_basic_reproduction_number, 09_outbreak_investigation, 10_public_health_surveillance, 12_vaccine_safety_monitoring, 18_global_outbreak_preparedness, 19_epidemiological_models, 20_post_outbreak_evaluation"
reports,3,"01_covid_transmission_and_prevention, 10_public_health_surveillance, 12_vaccine_safety_monitoring"
represent,1,18_global_outbreak_preparedness
representative,1,08_variant_surveillance
representativeness,1,10_public_health_surveillance
representing,1,04_epidemiology_incidence_prevalence
reproduction,1,05_basic_reproduction_number
require,4,"11_infection_prevention_healthcare, 16_antiviral_treatment_and_testing, 17_misinformation_and_health_literacy, 18_global_outbreak_preparedness"
required,1,18_global_outbreak_preparedness
requires,3,"03_vaccine_effectiveness_and_studies, 05_basic_reproduction_number, 07_wastewater_surveillance"
requiring,1,02_covid_vaccination_basics
researchers,4,"02_covid_vaccination_basics, 03_vaccine_effectiveness_and_studies, 08_variant_surveillance, 19_epidemiological_models"
residential,1,15_vulnerable_populations
resolved,1,09_outbreak_investigation
resource,1,18_global_outbreak_preparedness
resources,1,06_contact_tracing
respiratory,6,"01_covid_transmission_and_prevention, 06_contact_tracing, 07_wastewater_surveillance, 11_infection_prevention_healthcare, 14_school_outbreak_prevention, 15_vulnerable_populations"
respond,2,"01_covid_transmission_and_prevention, 18_global_outbreak_preparedness"
responded,1,20_post_outbreak_evaluation
responding,1,14_school_outbreak_prevention
response,4,"02_covid_vaccination_basics, 14_school_outbreak_prevention, 18_global_outbreak_preparedness, 20_post_outbreak_evaluation"
responses,1,20_post_outbreak_evaluation
responsibilities,1,18_global_outbreak_preparedness
restrictions,1,09_outbreak_investigation
result,1,16_antiviral_treatment_and_testing
results,4,"03_vaccine_effectiveness_and_studies, 10_public_health_surveillance, 16_antiviral_treatment_and_testing, 19_epidemiological_models"
reveal,1,09_outbreak_investigation
reviews,1,20_post_outbreak_evaluation
revising,1,20_post_outbreak_evaluation
risk,7,"01_covid_transmission_and_prevention, 02_covid_vaccination_basics, 12_vaccine_safety_monitoring, 13_risk_communication, 15_vulnerable_populations, 16_antiviral_treatment_and_testing, 18_global_outbreak_preparedness"
risk-based,1,01_covid_transmission_and_prevention
risks,1,01_covid_transmission_and_prevention
roles,1,18_global_outbreak_preparedness
room,1,11_infection_prevention_healthcare
route,2,"01_covid_transmission_and_prevention, 11_infection_prevention_healthcare"
routes,1,09_outbreak_investigation
routine,3,"10_public_health_surveillance, 14_school_outbreak_prevention, 18_global_outbreak_preparedness"
rt,1,05_basic_reproduction_number
rules,1,10_public_health_surveillance
safe,1,11_infection_prevention_healthcare
safety,1,12_vaccine_safety_monitoring
same,1,05_basic_reproduction_number
sample,1,03_vaccine_effectiveness_and_studies
samples,1,08_variant_surveillance
sampling,2,"07_wastewater_surveillance, 08_variant_surveillance"
sars-cov,4,"01_covid_transmission_and_prevention, 02_covid_vaccination_basics, 08_variant_surveillance, 16_antiviral_treatment_and_testing"
scale,1,03_vaccine_effectiveness_and_studies
scenario,1,19_epidemiological_models
schedules,1,03_vaccine_effectiveness_and_studies
school,1,14_school_outbreak_prevention
schools,1,14_school_outbreak_prevention
scientific,1,09_outbreak_investigation
screening,1,11_infection_prevention_healthcare
seasonality,1,20_post_outbreak_evaluation
secondary,1,05_basic_reproduction_number
seeking,1,07_wastewater_surveillance
seeks,1,09_outbreak_investigation
selected,3,"08_variant_surveillance, 10_public_health_surveillance, 11_infection_prevention_healthcare"
selection,3,"03_vaccine_effectiveness_and_studies, 09_outbreak_investigation, 16_antiviral_treatment_and_testing"
sensitive,2,"06_contact_tracing, 19_epidemiological_models"
sensitivity,2,"16_antiviral_treatment_and_testing, 19_epidemiological_models"
sentinel,1,10_public_health_surveillance
separation,1,11_infection_prevention_healthcare
sequence,1,08_variant_surveillance
sequences,1,08_variant_surveillance
sequencing,3,"08_variant_surveillance, 09_outbreak_investigation, 18_global_outbreak_preparedness"
served,1,07_wastewater_surveillance
services,1,15_vulnerable_populations
setting,2,"05_basic_reproduction_number, 06_contact_tracing"
settings,4,"01_covid_transmission_and_prevention, 09_outbreak_investigation, 11_infection_prevention_healthcare, 15_vulnerable_populations"
settled,1,17_misinformation_and_health_literacy
several,1,01_covid_transmission_and_prevention
severe,4,"01_covid_transmission_and_prevention, 08_variant_surveillance, 15_vulnerable_populations, 16_antiviral_treatment_and_testing"
sewage,1,07_wastewater_surveillance
shared,2,"01_covid_transmission_and_prevention, 14_school_outbreak_prevention"
sharing,1,18_global_outbreak_preparedness
shed,1,07_wastewater_surveillance
shedding,1,07_wastewater_surveillance
short,1,04_epidemiology_incidence_prevalence
should,15,"02_covid_vaccination_basics, 03_vaccine_effectiveness_and_studies, 05_basic_reproduction_number, 09_outbreak_investigation, 10_public_health_surveillance, 11_infection_prevention_healthcare, 12_vaccine_safety_monitoring, 13_risk_communication, 14_school_outbreak_prevention, 15_vulnerable_populations, 16_antiviral_treatment_and_testing, 17_misinformation_and_health_literacy, 18_global_outbreak_preparedness, 19_epidemiological_models, 20_post_outbreak_evaluation"
show,2,"09_outbreak_investigation, 19_epidemiological_models"
signal,4,"07_wastewater_surveillance, 12_vaccine_safety_monitoring, 18_global_outbreak_preparedness, 20_post_outbreak_evaluation"
signals,2,"01_covid_transmission_and_prevention, 12_vaccine_safety_monitoring"
significance,1,08_variant_surveillance
simulated,1,19_epidemiological_models
simulations,1,18_global_outbreak_preparedness
since,2,"02_covid_vaccination_basics, 03_vaccine_effectiveness_and_studies"
single,8,"01_covid_transmission_and_prevention, 02_covid_vaccination_basics, 05_basic_reproduction_number, 11_infection_prevention_healthcare, 12_vaccine_safety_monitoring, 15_vulnerable_populations, 17_misinformation_and_health_literacy, 18_global_outbreak_preparedness"
sir,1,19_epidemiological_models
sites,1,10_public_health_surveillance
situation,2,"01_covid_transmission_and_prevention, 11_infection_prevention_healthcare"
situations,1,06_contact_tracing
size,2,"03_vaccine_effectiveness_and_studies, 05_basic_reproduction_number"
small,2,"05_basic_reproduction_number, 17_misinformation_and_health_literacy"
sneezing,1,01_covid_transmission_and_prevention
so,1,14_school_outbreak_prevention
social,2,"17_misinformation_and_health_literacy, 20_post_outbreak_evaluation"
some,3,"03_vaccine_effectiveness_and_studies, 04_epidemiology_incidence_prevalence, 15_vulnerable_populations"
source,1,17_misinformation_and_health_literacy
sources,4,"09_outbreak_investigation, 10_public_health_surveillance, 13_risk_communication, 17_misinformation_and_health_literacy"
speaking,1,01_covid_transmission_and_prevention
specific,1,16_antiviral_treatment_and_testing
specified,2,"04_epidemiology_incidence_prevalence, 05_basic_reproduction_number"
specify,2,"02_covid_vaccination_basics, 10_public_health_surveillance"
specimen,1,16_antiviral_treatment_and_testing
specimens,1,08_variant_surveillance
spread,2,"14_school_outbreak_prevention, 19_epidemiological_models"
staff,2,"11_infection_prevention_healthcare, 14_school_outbreak_prevention"
stage,1,16_antiviral_treatment_and_testing
statistic,1,02_covid_vaccination_basics
statistical,2,"03_vaccine_effectiveness_and_studies, 05_basic_reproduction_number"
status,2,"15_vulnerable_populations, 19_epidemiological_models"
stay,1,14_school_outbreak_prevention
staying,1,01_covid_transmission_and_prevention
stimulate,1,02_covid_vaccination_basics
stimulated,1,12_vaccine_safety_monitoring
straightforward,1,07_wastewater_surveillance
strains,1,15_vulnerable_populations
strategies,2,"14_school_outbreak_prevention, 17_misinformation_and_health_literacy"
stratify,1,03_vaccine_effectiveness_and_studies
strengthen,1,18_global_outbreak_preparedness
strengthening,1,20_post_outbreak_evaluation
strong,1,03_vaccine_effectiveness_and_studies
stronger,3,"01_covid_transmission_and_prevention, 12_vaccine_safety_monitoring, 17_misinformation_and_health_literacy"
structure,2,"05_basic_reproduction_number, 19_epidemiological_models"
structured,1,20_post_outbreak_evaluation
students,1,14_school_outbreak_prevention
studied,2,"03_vaccine_effectiveness_and_studies, 17_misinformation_and_health_literacy"
studies,5,"03_vaccine_effectiveness_and_studies, 08_variant_surveillance, 12_vaccine_safety_monitoring, 13_risk_communication, 17_misinformation_and_health_literacy"
study,2,"03_vaccine_effectiveness_and_studies, 17_misinformation_and_health_literacy"
submitted,1,10_public_health_surveillance
substantial,1,04_epidemiology_incidence_prevalence
such,5,"01_covid_transmission_and_prevention, 03_vaccine_effectiveness_and_studies, 06_contact_tracing, 15_vulnerable_populations, 19_epidemiological_models"
sufficient,1,11_infection_prevention_healthcare
summaries,1,09_outbreak_investigation
supplies,1,18_global_outbreak_preparedness
support,2,"06_contact_tracing, 14_school_outbreak_prevention"
supported,1,13_risk_communication
supports,1,12_vaccine_safety_monitoring
surge,1,18_global_outbreak_preparedness
surveillance,11,"01_covid_transmission_and_prevention, 04_epidemiology_incidence_prevalence, 05_basic_reproduction_number, 06_contact_tracing, 07_wastewater_surveillance, 08_variant_surveillance, 10_public_health_surveillance, 12_vaccine_safety_monitoring, 16_antiviral_treatment_and_testing, 18_global_outbreak_preparedness, 19_epidemiological_models"
susceptible,2,"05_basic_reproduction_number, 19_epidemiological_models"
symptom,1,05_basic_reproduction_number
symptomatic,2,"02_covid_vaccination_basics, 11_infection_prevention_healthcare"
symptoms,2,"14_school_outbreak_prevention, 16_antiviral_treatment_and_testing"
syndromic,2,"04_epidemiology_incidence_prevalence, 10_public_health_surveillance"
system,4,"01_covid_transmission_and_prevention, 02_covid_vaccination_basics, 07_wastewater_surveillance, 10_public_health_surveillance"
systematic,1,10_public_health_surveillance
systems,8,"05_basic_reproduction_number, 06_contact_tracing, 07_wastewater_surveillance, 10_public_health_surveillance, 12_vaccine_safety_monitoring, 16_antiviral_treatment_and_testing, 18_global_outbreak_preparedness, 20_post_outbreak_evaluation"
targeted,2,"09_outbreak_investigation, 14_school_outbreak_prevention"
task,1,11_infection_prevention_healthcare
tends,1,05_basic_reproduction_number
test,3,"04_epidemiology_incidence_prevalence, 07_wastewater_surveillance, 16_antiviral_treatment_and_testing"
test-negative,1,03_vaccine_effectiveness_and_studies
testing,9,"04_epidemiology_incidence_prevalence, 05_basic_reproduction_number, 06_contact_tracing, 07_wastewater_surveillance, 09_outbreak_investigation, 10_public_health_surveillance, 15_vulnerable_populations, 16_antiviral_treatment_and_testing, 20_post_outbreak_evaluation"
tests,1,16_antiviral_treatment_and_testing
than,7,"01_covid_transmission_and_prevention, 07_wastewater_surveillance, 09_outbreak_investigation, 12_vaccine_safety_monitoring, 13_risk_communication, 14_school_outbreak_prevention, 18_global_outbreak_preparedness"
that,12,"02_covid_vaccination_basics, 03_vaccine_effectiveness_and_studies, 04_epidemiology_incidence_prevalence, 07_wastewater_surveillance, 08_variant_surveillance, 09_outbreak_investigation, 10_public_health_surveillance, 12_vaccine_safety_monitoring, 13_risk_communication, 15_vulnerable_populations, 17_misinformation_and_health_literacy, 20_post_outbreak_evaluation"
the,19,"01_covid_transmission_and_prevention, 02_covid_vaccination_basics, 03_vaccine_effectiveness_and_studies, 04_epidemiology_incidence_prevalence, 05_basic_reproduction_number, 06_contact_tracing, 07_wastewater_surveillance, 08_variant_surveillance, 09_outbreak_investigation, 10_public_health_surveillance, 11_infection_prevention_healthcare, 12_vaccine_safety_monitoring, 13_risk_communication, 14_school_outbreak_prevention, 16_antiviral_treatment_and_testing, 17_misinformation_and_health_literacy, 18_global_outbreak_preparedness, 19_epidemiological_models, 20_post_outbreak_evaluation"
their,2,"01_covid_transmission_and_prevention, 19_epidemiological_models"
them,2,"01_covid_transmission_and_prevention, 06_contact_tracing"
theoretical,1,05_basic_reproduction_number
therapeutics,1,08_variant_surveillance
therefore,8,"01_covid_transmission_and_prevention, 03_vaccine_effectiveness_and_studies, 05_basic_reproduction_number, 07_wastewater_surveillance, 10_public_health_surveillance, 12_vaccine_safety_monitoring, 15_vulnerable_populations, 19_epidemiological_models"
these,2,"02_covid_vaccination_basics, 20_post_outbreak_evaluation"
they,3,"06_contact_tracing, 13_risk_communication, 18_global_outbreak_preparedness"
this,1,02_covid_vaccination_basics
those,1,08_variant_surveillance
threat,1,13_risk_communication
threats,1,18_global_outbreak_preparedness
through,3,"10_public_health_surveillance, 14_school_outbreak_prevention, 17_misinformation_and_health_literacy"
time,8,"01_covid_transmission_and_prevention, 02_covid_vaccination_basics, 03_vaccine_effectiveness_and_studies, 04_epidemiology_incidence_prevalence, 08_variant_surveillance, 09_outbreak_investigation, 13_risk_communication, 20_post_outbreak_evaluation"
timeliness,2,"10_public_health_surveillance, 20_post_outbreak_evaluation"
timely,2,"15_vulnerable_populations, 18_global_outbreak_preparedness"
timing,4,"06_contact_tracing, 09_outbreak_investigation, 12_vaccine_safety_monitoring, 16_antiviral_treatment_and_testing"
to,19,"01_covid_transmission_and_prevention, 02_covid_vaccination_basics, 04_epidemiology_incidence_prevalence, 05_basic_reproduction_number, 06_contact_tracing, 07_wastewater_surveillance, 08_variant_surveillance, 09_outbreak_investigation, 10_public_health_surveillance, 11_infection_prevention_healthcare, 12_vaccine_safety_monitoring, 13_risk_communication, 14_school_outbreak_prevention, 15_vulnerable_populations, 16_antiviral_treatment_and_testing, 17_misinformation_and_health_literacy, 18_global_outbreak_preparedness, 19_epidemiological_models, 20_post_outbreak_evaluation"
together,3,"01_covid_transmission_and_prevention, 05_basic_reproduction_number, 08_variant_surveillance"
tool,1,07_wastewater_surveillance
tools,1,06_contact_tracing
tracing,2,"06_contact_tracing, 18_global_outbreak_preparedness"
track,1,11_infection_prevention_healthcare
trained,1,18_global_outbreak_preparedness
training,2,"11_infection_prevention_healthcare, 20_post_outbreak_evaluation"
trajectories,1,19_epidemiological_models
translate,1,20_post_outbreak_evaluation
transmissible,1,08_variant_surveillance
transmission,11,"01_covid_transmission_and_prevention, 04_epidemiology_incidence_prevalence, 05_basic_reproduction_number, 06_contact_tracing, 07_wastewater_surveillance, 08_variant_surveillance, 09_outbreak_investigation, 11_infection_prevention_healthcare, 14_school_outbreak_prevention, 15_vulnerable_populations, 20_post_outbreak_evaluation"
transparent,1,19_epidemiological_models
transportation,1,15_vulnerable_populations
treated,1,02_covid_vaccination_basics
treatment,3,"07_wastewater_surveillance, 15_vulnerable_populations, 16_antiviral_treatment_and_testing"
trends,3,"07_wastewater_surveillance, 10_public_health_surveillance, 20_post_outbreak_evaluation"
triage,1,11_infection_prevention_healthcare
trial,1,03_vaccine_effectiveness_and_studies
trials,1,03_vaccine_effectiveness_and_studies
triangulating,1,10_public_health_surveillance
true,1,04_epidemiology_incidence_prevalence
trust,1,13_risk_communication
turnaround,1,20_post_outbreak_evaluation
type,1,09_outbreak_investigation
typical,2,"05_basic_reproduction_number, 06_contact_tracing"
uncertain,3,"05_basic_reproduction_number, 13_risk_communication, 19_epidemiological_models"
uncertainty,3,"03_vaccine_effectiveness_and_studies, 13_risk_communication, 19_epidemiological_models"
under,3,"03_vaccine_effectiveness_and_studies, 05_basic_reproduction_number, 19_epidemiological_models"
underlying,3,"03_vaccine_effectiveness_and_studies, 15_vulnerable_populations, 17_misinformation_and_health_literacy"
underreporting,1,12_vaccine_safety_monitoring
understand,3,"13_risk_communication, 16_antiviral_treatment_and_testing, 17_misinformation_and_health_literacy"
unexposed,1,09_outbreak_investigation
unnecessary,1,16_antiviral_treatment_and_testing
until,1,09_outbreak_investigation
unusual,1,09_outbreak_investigation
updated,3,"02_covid_vaccination_basics, 12_vaccine_safety_monitoring, 13_risk_communication"
updating,1,20_post_outbreak_evaluation
use,8,"01_covid_transmission_and_prevention, 03_vaccine_effectiveness_and_studies, 05_basic_reproduction_number, 11_infection_prevention_healthcare, 12_vaccine_safety_monitoring, 15_vulnerable_populations, 17_misinformation_and_health_literacy, 18_global_outbreak_preparedness"
used,2,"06_contact_tracing, 16_antiviral_treatment_and_testing"
useful,9,"01_covid_transmission_and_prevention, 02_covid_vaccination_basics, 03_vaccine_effectiveness_and_studies, 07_wastewater_surveillance, 10_public_health_surveillance, 13_risk_communication, 17_misinformation_and_health_literacy, 19_epidemiological_models, 20_post_outbreak_evaluation"
uses,1,19_epidemiological_models
using,2,"04_epidemiology_incidence_prevalence, 08_variant_surveillance"
usually,1,03_vaccine_effectiveness_and_studies
vaccinated,1,03_vaccine_effectiveness_and_studies
vaccination,12,"01_covid_transmission_and_prevention, 02_covid_vaccination_basics, 03_vaccine_effectiveness_and_studies, 05_basic_reproduction_number, 09_outbreak_investigation, 11_infection_prevention_healthcare, 12_vaccine_safety_monitoring, 14_school_outbreak_prevention, 15_vulnerable_populations, 18_global_outbreak_preparedness, 19_epidemiological_models, 20_post_outbreak_evaluation"
vaccine,4,"01_covid_transmission_and_prevention, 02_covid_vaccination_basics, 03_vaccine_effectiveness_and_studies, 12_vaccine_safety_monitoring"
vaccines,4,"02_covid_vaccination_basics, 03_vaccine_effectiveness_and_studies, 08_variant_surveillance, 12_vaccine_safety_monitoring"
validation,1,19_epidemiological_models
valuable,1,12_vaccine_safety_monitoring
variant,3,"02_covid_vaccination_basics, 03_vaccine_effectiveness_and_studies, 08_variant_surveillance"
variants,3,"01_covid_transmission_and_prevention, 03_vaccine_effectiveness_and_studies, 08_variant_surveillance"
varies,1,02_covid_vaccination_basics
ventilated,1,01_covid_transmission_and_prevention
ventilation,3,"01_covid_transmission_and_prevention, 11_infection_prevention_healthcare, 14_school_outbreak_prevention"
very,1,12_vaccine_safety_monitoring
viral,6,"02_covid_vaccination_basics, 07_wastewater_surveillance, 08_variant_surveillance, 15_vulnerable_populations, 16_antiviral_treatment_and_testing, 19_epidemiological_models"
virus,2,"01_covid_transmission_and_prevention, 15_vulnerable_populations"
viruses,3,"02_covid_vaccination_basics, 07_wastewater_surveillance, 15_vulnerable_populations"
vulnerability,1,01_covid_transmission_and_prevention
vulnerable,1,01_covid_transmission_and_prevention
wait,1,09_outbreak_investigation
waning,1,03_vaccine_effectiveness_and_studies
warnings,1,12_vaccine_safety_monitoring
was,1,13_risk_communication
wastewater,3,"01_covid_transmission_and_prevention, 04_epidemiology_incidence_prevalence, 07_wastewater_surveillance"
ways,1,02_covid_vaccination_basics
weaknesses,1,18_global_outbreak_preparedness
well,2,"14_school_outbreak_prevention, 20_post_outbreak_evaluation"
were,1,20_post_outbreak_evaluation
what,4,"02_covid_vaccination_basics, 08_variant_surveillance, 13_risk_communication, 20_post_outbreak_evaluation"
when,15,"01_covid_transmission_and_prevention, 02_covid_vaccination_basics, 05_basic_reproduction_number, 06_contact_tracing, 07_wastewater_surveillance, 08_variant_surveillance, 10_public_health_surveillance, 11_infection_prevention_healthcare, 12_vaccine_safety_monitoring, 13_risk_communication, 14_school_outbreak_prevention, 15_vulnerable_populations, 16_antiviral_treatment_and_testing, 17_misinformation_and_health_literacy, 19_epidemiological_models"
where,2,"01_covid_transmission_and_prevention, 14_school_outbreak_prevention"
whether,6,"08_variant_surveillance, 09_outbreak_investigation, 15_vulnerable_populations, 17_misinformation_and_health_literacy, 18_global_outbreak_preparedness, 19_epidemiological_models"
which,6,"06_contact_tracing, 08_variant_surveillance, 10_public_health_surveillance, 18_global_outbreak_preparedness, 19_epidemiological_models, 20_post_outbreak_evaluation"
while,8,"01_covid_transmission_and_prevention, 03_vaccine_effectiveness_and_studies, 07_wastewater_surveillance, 08_variant_surveillance, 09_outbreak_investigation, 10_public_health_surveillance, 16_antiviral_treatment_and_testing, 18_global_outbreak_preparedness"
who,2,"06_contact_tracing, 17_misinformation_and_health_literacy"
why,1,13_risk_communication
widely,1,15_vulnerable_populations
widespread,1,04_epidemiology_incidence_prevalence
will,1,02_covid_vaccination_basics
with,13,"01_covid_transmission_and_prevention, 04_epidemiology_incidence_prevalence, 05_basic_reproduction_number, 06_contact_tracing, 07_wastewater_surveillance, 08_variant_surveillance, 09_outbreak_investigation, 10_public_health_surveillance, 11_infection_prevention_healthcare, 12_vaccine_safety_monitoring, 13_risk_communication, 14_school_outbreak_prevention, 19_epidemiological_models"
within,1,07_wastewater_surveillance
without,5,"02_covid_vaccination_basics, 04_epidemiology_incidence_prevalence, 13_risk_communication, 16_antiviral_treatment_and_testing, 17_misinformation_and_health_literacy"
worked,1,18_global_outbreak_preparedness
workers,1,11_infection_prevention_healthcare
workflow,1,06_contact_tracing
workforce,1,20_post_outbreak_evaluation
works,2,"01_covid_transmission_and_prevention, 08_variant_surveillance"
written,1,05_basic_reproduction_number
