Document_ID,Domain_Term,Frequency,Detected_By_Spacy_NER
01_covid_transmission_and_prevention,COVID-19,3,False
01_covid_transmission_and_prevention,SARS-CoV-2,1,False
01_covid_transmission_and_prevention,infection,3,False
01_covid_transmission_and_prevention,outbreak,1,False
01_covid_transmission_and_prevention,surveillance,1,False
01_covid_transmission_and_prevention,transmission,6,False
01_covid_transmission_and_prevention,vaccination,2,False
01_covid_transmission_and_prevention,vaccine,1,False
02_covid_vaccination_basics,COVID-19,2,False
02_covid_vaccination_basics,SARS-CoV-2,1,False
02_covid_vaccination_basics,immunity,3,False
02_covid_vaccination_basics,infection,3,False
02_covid_vaccination_basics,vaccination,6,False
02_covid_vaccination_basics,vaccine,5,False
03_vaccine_effectiveness_and_studies,infection,2,False
03_vaccine_effectiveness_and_studies,vaccination,2,False
03_vaccine_effectiveness_and_studies,vaccine,5,False
04_epidemiology_incidence_prevalence,COVID-19,1,False
04_epidemiology_incidence_prevalence,epidemiology,1,False
04_epidemiology_incidence_prevalence,infection,1,False
04_epidemiology_incidence_prevalence,surveillance,1,False
04_epidemiology_incidence_prevalence,transmission,1,False
05_basic_reproduction_number,immunity,2,False
05_basic_reproduction_number,infection,3,False
05_basic_reproduction_number,outbreak,1,False
05_basic_reproduction_number,surveillance,1,False
05_basic_reproduction_number,transmission,3,False
05_basic_reproduction_number,vaccination,1,False
06_contact_tracing,contact tracing,4,False
06_contact_tracing,infection,2,False
06_contact_tracing,surveillance,1,False
06_contact_tracing,transmission,2,False
07_wastewater_surveillance,infection,1,False
07_wastewater_surveillance,surveillance,6,False
07_wastewater_surveillance,transmission,1,False
08_variant_surveillance,SARS-CoV-2,2,False
08_variant_surveillance,infection,1,False
08_variant_surveillance,public health,1,False
08_variant_surveillance,surveillance,4,False
08_variant_surveillance,transmission,1,False
08_variant_surveillance,vaccine,1,False
09_outbreak_investigation,epidemiology,1,False
09_outbreak_investigation,outbreak,3,False
09_outbreak_investigation,transmission,1,False
09_outbreak_investigation,vaccination,1,False
10_public_health_surveillance,public health,2,False
10_public_health_surveillance,surveillance,8,False
11_infection_prevention_healthcare,infection,4,False
11_infection_prevention_healthcare,outbreak,1,False
11_infection_prevention_healthcare,transmission,1,False
11_infection_prevention_healthcare,vaccination,1,False
12_vaccine_safety_monitoring,surveillance,2,False
12_vaccine_safety_monitoring,vaccination,2,False
12_vaccine_safety_monitoring,vaccine,5,False
13_risk_communication,outbreak,1,False
14_school_outbreak_prevention,infection,2,False
14_school_outbreak_prevention,outbreak,1,False
14_school_outbreak_prevention,transmission,1,False
14_school_outbreak_prevention,vaccination,1,False
15_vulnerable_populations,immunity,1,False
15_vulnerable_populations,infection,1,False
15_vulnerable_populations,transmission,1,False
15_vulnerable_populations,vaccination,2,False
16_antiviral_treatment_and_testing,COVID-19,1,False
16_antiviral_treatment_and_testing,SARS-CoV-2,1,False
16_antiviral_treatment_and_testing,infection,3,False
16_antiviral_treatment_and_testing,surveillance,1,False
17_misinformation_and_health_literacy,outbreak,1,False
18_global_outbreak_preparedness,contact tracing,1,False
18_global_outbreak_preparedness,outbreak,4,False
18_global_outbreak_preparedness,surveillance,2,False
18_global_outbreak_preparedness,vaccination,1,False
19_epidemiological_models,immunity,1,False
19_epidemiological_models,surveillance,1,False
19_epidemiological_models,vaccination,1,False
20_post_outbreak_evaluation,immunity,1,False
20_post_outbreak_evaluation,outbreak,3,False
20_post_outbreak_evaluation,public health,1,False
20_post_outbreak_evaluation,transmission,1,False
20_post_outbreak_evaluation,vaccination,1,False
