Document_ID,Token_Count
01_covid_transmission_and_prevention,234
02_covid_vaccination_basics,184
03_vaccine_effectiveness_and_studies,185
04_epidemiology_incidence_prevalence,182
05_basic_reproduction_number,185
06_contact_tracing,172
07_wastewater_surveillance,164
08_variant_surveillance,161
09_outbreak_investigation,172
10_public_health_surveillance,160
11_infection_prevention_healthcare,147
12_vaccine_safety_monitoring,168
13_risk_communication,154
14_school_outbreak_prevention,154
15_vulnerable_populations,156
16_antiviral_treatment_and_testing,156
17_misinformation_and_health_literacy,154
18_global_outbreak_preparedness,163
19_epidemiological_models,163
20_post_outbreak_evaluation,161
