Method,POS_Tag,Frequency
Custom_Rule_Based,",",279
Custom_Rule_Based,.,213
Custom_Rule_Based,:,2
Custom_Rule_Based,CC,183
Custom_Rule_Based,CD,3
Custom_Rule_Based,DT,168
Custom_Rule_Based,IN,298
Custom_Rule_Based,JJ,419
Custom_Rule_Based,JJR,14
Custom_Rule_Based,JJS,1
Custom_Rule_Based,MD,147
Custom_Rule_Based,NN,804
Custom_Rule_Based,NNP,108
Custom_Rule_Based,NNPS,1
Custom_Rule_Based,NNS,414
Custom_Rule_Based,PRP,14
Custom_Rule_Based,PRP$,5
Custom_Rule_Based,RB,102
Custom_Rule_Based,RBR,4
Custom_Rule_Based,RBS,5
Custom_Rule_Based,RP,1
Custom_Rule_Based,TO,46
Custom_Rule_Based,VB,199
Custom_Rule_Based,VBD,15
Custom_Rule_Based,VBG,108
Custom_Rule_Based,VBN,84
Custom_Rule_Based,VBP,74
Custom_Rule_Based,VBZ,93
Custom_Rule_Based,WDT,14
Custom_Rule_Based,WP,9
Custom_Rule_Based,WRB,45
NLTK,",",279
NLTK,.,213
NLTK,:,2
NLTK,CC,183
NLTK,CD,3
NLTK,DT,168
NLTK,IN,298
NLTK,JJ,426
NLTK,JJR,14
NLTK,JJS,1
NLTK,MD,147
NLTK,NN,760
NLTK,NNP,145
NLTK,NNPS,1
NLTK,NNS,414
NLTK,PRP,14
NLTK,PRP$,5
NLTK,RB,102
NLTK,RBR,4
NLTK,RBS,5
NLTK,RP,1
NLTK,TO,46
NLTK,VB,199
NLTK,VBD,15
NLTK,VBG,108
NLTK,VBN,84
NLTK,VBP,74
NLTK,VBZ,93
NLTK,WDT,14
NLTK,WP,9
NLTK,WRB,45
spaCy,ADJ,442
spaCy,ADP,276
spaCy,ADV,93
spaCy,AUX,259
spaCy,CCONJ,183
spaCy,DET,170
spaCy,NOUN,1240
spaCy,NUM,3
spaCy,PART,43
spaCy,PRON,40
spaCy,PROPN,116
spaCy,PUNCT,545
spaCy,SCONJ,95
spaCy,VERB,471
