Document_ID,Method,Token_Count,Vocabulary_Size,Domain_Term_Count,Sample_Tokens
01_covid_transmission_and_prevention,Original,261,154,17,covid-19 | transmission | and | community | prevention | covid-19 | is | caused | by | infection | with | sars-cov-2 | . | transmission | can | occur | when | an | infected | person
01_covid_transmission_and_prevention,Stopword_Removal,183,125,17,"covid-19 | transmission | community | prevention | covid-19 | caused | infection | sars-cov-2 | . | transmission | occur | infected | person | releases | respiratory | particles | breathing | , | speaking | ,"
01_covid_transmission_and_prevention,Porter_Stemming,183,109,5,"covid-19 | transmiss | commun | prevent | covid-19 | caus | infect | sars-cov-2 | . | transmiss | occur | infect | person | releas | respiratori | particl | breath | , | speak | ,"
01_covid_transmission_and_prevention,Snowball_Stemming,183,110,5,"covid-19 | transmiss | communiti | prevent | covid-19 | caus | infect | sars-cov-2 | . | transmiss | occur | infect | person | releas | respiratori | particl | breath | , | speak | ,"
01_covid_transmission_and_prevention,WordNet_Lemmatization,183,121,18,"covid-19 | transmission | community | prevention | covid-19 | caused | infection | sars-cov-2 | . | transmission | occur | infected | person | release | respiratory | particle | breathing | , | speaking | ,"
02_covid_vaccination_basics,Original,215,130,18,covid-19 | vaccination | : | basic | concepts | covid-19 | vaccines | are | designed | to | stimulate | an | immune | response | against | sars-cov-2 | without | requiring | a | person
02_covid_vaccination_basics,Stopword_Removal,157,98,18,covid-19 | vaccination | : | basic | concepts | covid-19 | vaccines | designed | stimulate | immune | response | sars-cov-2 | without | requiring | person | experience | disease | . | different | vaccine
02_covid_vaccination_basics,Porter_Stemming,157,92,3,covid-19 | vaccin | : | basic | concept | covid-19 | vaccin | design | stimul | immun | respons | sars-cov-2 | without | requir | person | experi | diseas | . | differ | vaccin
02_covid_vaccination_basics,Snowball_Stemming,157,92,3,covid-19 | vaccin | : | basic | concept | covid-19 | vaccin | design | stimul | immun | respons | sars-cov-2 | without | requir | person | experi | diseas | . | differ | vaccin
02_covid_vaccination_basics,WordNet_Lemmatization,157,96,20,covid-19 | vaccination | : | basic | concept | covid-19 | vaccine | designed | stimulate | immune | response | sars-cov-2 | without | requiring | person | experience | disease | . | different | vaccine
03_vaccine_effectiveness_and_studies,Original,217,134,8,evaluating | vaccine | effectiveness | vaccine | effectiveness | is | usually | estimated | by | comparing | disease | outcomes | between | vaccinated | and | comparison | groups | under | real-world | conditions
03_vaccine_effectiveness_and_studies,Stopword_Removal,164,103,8,evaluating | vaccine | effectiveness | vaccine | effectiveness | usually | estimated | comparing | disease | outcomes | vaccinated | comparison | groups | real-world | conditions | . | observational | studies | may | use
03_vaccine_effectiveness_and_studies,Porter_Stemming,164,89,0,evalu | vaccin | effect | vaccin | effect | usual | estim | compar | diseas | outcom | vaccin | comparison | group | real-world | condit | . | observ | studi | may | use
03_vaccine_effectiveness_and_studies,Snowball_Stemming,164,88,0,evalu | vaccin | effect | vaccin | effect | usual | estim | compar | diseas | outcom | vaccin | comparison | group | real-world | condit | . | observ | studi | may | use
03_vaccine_effectiveness_and_studies,WordNet_Lemmatization,164,96,9,evaluating | vaccine | effectiveness | vaccine | effectiveness | usually | estimated | comparing | disease | outcome | vaccinated | comparison | group | real-world | condition | . | observational | study | may | use
04_epidemiology_incidence_prevalence,Original,206,117,4,incidence | and | prevalence | in | infectious | disease | epidemiology | incidence | and | prevalence | describe | different | aspects | of | disease | occurrence | . | incidence | focuses | on
04_epidemiology_incidence_prevalence,Stopword_Removal,148,92,4,incidence | prevalence | infectious | disease | epidemiology | incidence | prevalence | describe | different | aspects | disease | occurrence | . | incidence | focuses | new | cases | occurring | population | specified
04_epidemiology_incidence_prevalence,Porter_Stemming,148,83,1,incid | preval | infecti | diseas | epidemiolog | incid | preval | describ | differ | aspect | diseas | occurr | . | incid | focus | new | case | occur | popul | specifi
04_epidemiology_incidence_prevalence,Snowball_Stemming,148,83,1,incid | preval | infecti | diseas | epidemiolog | incid | preval | describ | differ | aspect | diseas | occurr | . | incid | focus | new | case | occur | popul | specifi
04_epidemiology_incidence_prevalence,WordNet_Lemmatization,148,88,5,incidence | prevalence | infectious | disease | epidemiology | incidence | prevalence | describe | different | aspect | disease | occurrence | . | incidence | focus | new | case | occurring | population | specified
05_basic_reproduction_number,Original,213,123,9,"reproduction | numbers | and | outbreak | growth | the | basic | reproduction | number | , | r0 | , | describes | the | average | number | of | secondary | infections | generated"
05_basic_reproduction_number,Stopword_Removal,146,95,9,"reproduction | numbers | outbreak | growth | basic | reproduction | number | , | r0 | , | describes | average | number | secondary | infections | generated | typical | infectious | individual | fully"
05_basic_reproduction_number,Porter_Stemming,146,90,1,"reproduct | number | outbreak | growth | basic | reproduct | number | , | r0 | , | describ | averag | number | secondari | infect | gener | typic | infecti | individu | fulli"
05_basic_reproduction_number,Snowball_Stemming,146,90,1,"reproduct | number | outbreak | growth | basic | reproduct | number | , | r0 | , | describ | averag | number | secondari | infect | generat | typic | infecti | individu | fulli"
05_basic_reproduction_number,WordNet_Lemmatization,146,92,11,"reproduction | number | outbreak | growth | basic | reproduction | number | , | r0 | , | describes | average | number | secondary | infection | generated | typical | infectious | individual | fully"
06_contact_tracing,Original,196,116,3,contact | tracing | and | exposure | management | contact | tracing | is | a | public-health | process | used | to | identify | people | who | may | have | been | exposed
06_contact_tracing,Stopword_Removal,131,87,3,contact | tracing | exposure | management | contact | tracing | public-health | process | used | identify | people | may | exposed | infectious | disease | provide | relevant | information | support | .
06_contact_tracing,Porter_Stemming,131,80,0,contact | trace | exposur | manag | contact | trace | public-health | process | use | identifi | peopl | may | expos | infecti | diseas | provid | relev | inform | support | .
06_contact_tracing,Snowball_Stemming,131,81,0,contact | trace | exposur | manag | contact | trace | public-health | process | use | identifi | peopl | may | expos | infecti | diseas | provid | relev | inform | support | .
06_contact_tracing,WordNet_Lemmatization,131,85,5,contact | tracing | exposure | management | contact | tracing | public-health | process | used | identify | people | may | exposed | infectious | disease | provide | relevant | information | support | .
07_wastewater_surveillance,Original,182,114,7,wastewater | surveillance | for | respiratory | viruses | wastewater | surveillance | analyzes | biological | material | in | sewage | to | estimate | the | presence | or | trends | of | infectious
07_wastewater_surveillance,Stopword_Removal,128,85,7,wastewater | surveillance | respiratory | viruses | wastewater | surveillance | analyzes | biological | material | sewage | estimate | presence | trends | infectious | agents | within | community | . | infected | individuals
07_wastewater_surveillance,Porter_Stemming,128,78,0,wastewat | surveil | respiratori | virus | wastewat | surveil | analyz | biolog | materi | sewag | estim | presenc | trend | infecti | agent | within | commun | . | infect | individu
07_wastewater_surveillance,Snowball_Stemming,128,78,0,wastewat | surveil | respiratori | virus | wastewat | surveil | analyz | biolog | materi | sewag | estim | presenc | trend | infecti | agent | within | communiti | . | infect | individu
07_wastewater_surveillance,WordNet_Lemmatization,128,83,8,wastewater | surveillance | respiratory | virus | wastewater | surveillance | analyzes | biological | material | sewage | estimate | presence | trend | infectious | agent | within | community | . | infected | individual
08_variant_surveillance,Original,181,117,7,sars-cov-2 | variant | surveillance | variant | surveillance | monitors | genetic | changes | in | sars-cov-2 | and | assesses | whether | emerging | lineages | have | characteristics | relevant | to | public
08_variant_surveillance,Stopword_Removal,130,90,7,sars-cov-2 | variant | surveillance | variant | surveillance | monitors | genetic | changes | sars-cov-2 | assesses | whether | emerging | lineages | characteristics | relevant | public | health | . | sequencing | identify
08_variant_surveillance,Porter_Stemming,130,79,2,sars-cov-2 | variant | surveil | variant | surveil | monitor | genet | chang | sars-cov-2 | assess | whether | emerg | lineag | characterist | relev | public | health | . | sequenc | identifi
08_variant_surveillance,Snowball_Stemming,130,79,2,sars-cov-2 | variant | surveil | variant | surveil | monitor | genet | chang | sars-cov-2 | assess | whether | emerg | lineag | characterist | relev | public | health | . | sequenc | identifi
08_variant_surveillance,WordNet_Lemmatization,130,84,9,sars-cov-2 | variant | surveillance | variant | surveillance | monitor | genetic | change | sars-cov-2 | assesses | whether | emerging | lineage | characteristic | relevant | public | health | . | sequencing | identify
09_outbreak_investigation,Original,200,128,6,"infectious | disease | outbreak | investigation | an | outbreak | investigation | seeks | to | determine | whether | an | unusual | increase | in | disease | has | occurred | , | characterize"
09_outbreak_investigation,Stopword_Removal,151,105,6,"infectious | disease | outbreak | investigation | outbreak | investigation | seeks | determine | whether | unusual | increase | disease | occurred | , | characterize | affected | people | settings | , | identify"
09_outbreak_investigation,Porter_Stemming,151,100,3,"infecti | diseas | outbreak | investig | outbreak | investig | seek | determin | whether | unusu | increas | diseas | occur | , | character | affect | peopl | set | , | identifi"
09_outbreak_investigation,Snowball_Stemming,151,100,3,"infecti | diseas | outbreak | investig | outbreak | investig | seek | determin | whether | unusu | increas | diseas | occur | , | character | affect | peopl | set | , | identifi"
09_outbreak_investigation,WordNet_Lemmatization,151,102,6,"infectious | disease | outbreak | investigation | outbreak | investigation | seek | determine | whether | unusual | increase | disease | occurred | , | characterize | affected | people | setting | , | identify"
10_public_health_surveillance,Original,187,116,8,"public | health | surveillance | systems | public | health | surveillance | is | the | continuous | and | systematic | collection | , | analysis | , | interpretation | , | and | dissemination"
10_public_health_surveillance,Stopword_Removal,142,90,8,"public | health | surveillance | systems | public | health | surveillance | continuous | systematic | collection | , | analysis | , | interpretation | , | dissemination | health | information | action | ."
10_public_health_surveillance,Porter_Stemming,142,83,0,"public | health | surveil | system | public | health | surveil | continu | systemat | collect | , | analysi | , | interpret | , | dissemin | health | inform | action | ."
10_public_health_surveillance,Snowball_Stemming,142,83,0,"public | health | surveil | system | public | health | surveil | continu | systemat | collect | , | analysi | , | interpret | , | dissemin | health | inform | action | ."
10_public_health_surveillance,WordNet_Lemmatization,142,87,8,"public | health | surveillance | system | public | health | surveillance | continuous | systematic | collection | , | analysis | , | interpretation | , | dissemination | health | information | action | ."
11_infection_prevention_healthcare,Original,172,105,5,infection | prevention | in | healthcare | settings | healthcare | facilities | require | layered | infection-prevention | measures | because | patients | and | healthcare | workers | may | encounter | infectious | individuals
11_infection_prevention_healthcare,Stopword_Removal,138,89,5,infection | prevention | healthcare | settings | healthcare | facilities | require | layered | infection-prevention | measures | patients | healthcare | workers | may | encounter | infectious | individuals | close-contact | environments | .
11_infection_prevention_healthcare,Porter_Stemming,138,86,1,infect | prevent | healthcar | set | healthcar | facil | requir | layer | infection-prevent | measur | patient | healthcar | worker | may | encount | infecti | individu | close-contact | environ | .
11_infection_prevention_healthcare,Snowball_Stemming,138,86,1,infect | prevent | healthcar | set | healthcar | facil | requir | layer | infection-prevent | measur | patient | healthcar | worker | may | encount | infecti | individu | close-contact | environ | .
11_infection_prevention_healthcare,WordNet_Lemmatization,138,86,6,infection | prevention | healthcare | setting | healthcare | facility | require | layered | infection-prevention | measure | patient | healthcare | worker | may | encounter | infectious | individual | close-contact | environment | .
12_vaccine_safety_monitoring,Original,188,123,8,vaccine | safety | and | adverse | event | monitoring | vaccine | safety | monitoring | continues | after | vaccines | are | authorized | or | licensed | because | very | rare | adverse
12_vaccine_safety_monitoring,Stopword_Removal,136,96,8,vaccine | safety | adverse | event | monitoring | vaccine | safety | monitoring | continues | vaccines | authorized | licensed | rare | adverse | events | may | become | detectable | millions | doses
12_vaccine_safety_monitoring,Porter_Stemming,136,85,0,vaccin | safeti | advers | event | monitor | vaccin | safeti | monitor | continu | vaccin | author | licens | rare | advers | event | may | becom | detect | million | dose
12_vaccine_safety_monitoring,Snowball_Stemming,136,84,0,vaccin | safeti | advers | event | monitor | vaccin | safeti | monitor | continu | vaccin | author | licens | rare | advers | event | may | becom | detect | million | dose
12_vaccine_safety_monitoring,WordNet_Lemmatization,136,92,9,vaccine | safety | adverse | event | monitoring | vaccine | safety | monitoring | continues | vaccine | authorized | licensed | rare | adverse | event | may | become | detectable | million | dos
13_risk_communication,Original,175,115,1,risk | communication | during | infectious | disease | events | risk | communication | provides | people | with | information | needed | to | understand | a | public-health | threat | and | make
13_risk_communication,Stopword_Removal,122,87,1,risk | communication | infectious | disease | events | risk | communication | provides | people | information | needed | understand | public-health | threat | make | informed | decisions | . | effective | communication
13_risk_communication,Porter_Stemming,122,80,1,risk | commun | infecti | diseas | event | risk | commun | provid | peopl | inform | need | understand | public-health | threat | make | inform | decis | . | effect | commun
13_risk_communication,Snowball_Stemming,122,80,1,risk | communic | infecti | diseas | event | risk | communic | provid | peopl | inform | need | understand | public-health | threat | make | inform | decis | . | effect | communic
13_risk_communication,WordNet_Lemmatization,122,86,1,risk | communication | infectious | disease | event | risk | communication | provides | people | information | needed | understand | public-health | threat | make | informed | decision | . | effective | communication
14_school_outbreak_prevention,Original,171,110,4,"respiratory | infection | prevention | in | schools | schools | are | environments | where | students | and | staff | interact | frequently | , | so | respiratory | infections | can | spread"
14_school_outbreak_prevention,Stopword_Removal,124,90,4,"respiratory | infection | prevention | schools | schools | environments | students | staff | interact | frequently | , | respiratory | infections | spread | close | contact | shared | indoor | air | ."
14_school_outbreak_prevention,Porter_Stemming,124,84,1,"respiratori | infect | prevent | school | school | environ | student | staff | interact | frequent | , | respiratori | infect | spread | close | contact | share | indoor | air | ."
14_school_outbreak_prevention,Snowball_Stemming,124,85,1,"respiratori | infect | prevent | school | school | environ | student | staff | interact | frequent | , | respiratori | infect | spread | close | contact | share | indoor | air | ."
14_school_outbreak_prevention,WordNet_Lemmatization,124,87,5,"respiratory | infection | prevention | school | school | environment | student | staff | interact | frequently | , | respiratory | infection | spread | close | contact | shared | indoor | air | ."
15_vulnerable_populations,Original,181,115,4,protecting | higher-risk | populations | during | respiratory | virus | activity | some | people | have | a | higher | risk | of | severe | outcomes | from | respiratory | infections | because
15_vulnerable_populations,Stopword_Removal,134,92,4,"protecting | higher-risk | populations | respiratory | virus | activity | people | higher | risk | severe | outcomes | respiratory | infections | age | , | underlying | medical | conditions | , | immune"
15_vulnerable_populations,Porter_Stemming,134,89,0,"protect | higher-risk | popul | respiratori | viru | activ | peopl | higher | risk | sever | outcom | respiratori | infect | age | , | underli | medic | condit | , | immun"
15_vulnerable_populations,Snowball_Stemming,134,89,0,"protect | higher-risk | popul | respiratori | virus | activ | peopl | higher | risk | sever | outcom | respiratori | infect | age | , | under | medic | condit | , | immun"
15_vulnerable_populations,WordNet_Lemmatization,134,91,5,"protecting | higher-risk | population | respiratory | virus | activity | people | higher | risk | severe | outcome | respiratory | infection | age | , | underlying | medical | condition | , | immune"
16_antiviral_treatment_and_testing,Original,178,109,6,testing | and | antiviral | treatment | in | covid-19 | care | testing | can | help | identify | sars-cov-2 | infection | and | inform | clinical | or | public-health | decisions | .
16_antiviral_treatment_and_testing,Stopword_Removal,136,90,6,testing | antiviral | treatment | covid-19 | care | testing | help | identify | sars-cov-2 | infection | inform | clinical | public-health | decisions | . | different | tests | different | characteristics | .
16_antiviral_treatment_and_testing,Porter_Stemming,136,85,2,test | antivir | treatment | covid-19 | care | test | help | identifi | sars-cov-2 | infect | inform | clinic | public-health | decis | . | differ | test | differ | characterist | .
16_antiviral_treatment_and_testing,Snowball_Stemming,136,85,2,test | antivir | treatment | covid-19 | care | test | help | identifi | sars-cov-2 | infect | inform | clinic | public-health | decis | . | differ | test | differ | characterist | .
16_antiviral_treatment_and_testing,WordNet_Lemmatization,136,88,6,testing | antiviral | treatment | covid-19 | care | testing | help | identify | sars-cov-2 | infection | inform | clinical | public-health | decision | . | different | test | different | characteristic | .
17_misinformation_and_health_literacy,Original,179,121,0,"health | literacy | and | infectious | disease | misinformation | health | literacy | involves | the | ability | to | find | , | understand | , | evaluate | , | and | use"
17_misinformation_and_health_literacy,Stopword_Removal,141,100,0,"health | literacy | infectious | disease | misinformation | health | literacy | involves | ability | find | , | understand | , | evaluate | , | use | health | information | . | infectious"
17_misinformation_and_health_literacy,Porter_Stemming,141,90,1,"health | literaci | infecti | diseas | misinform | health | literaci | involv | abil | find | , | understand | , | evalu | , | use | health | inform | . | infecti"
17_misinformation_and_health_literacy,Snowball_Stemming,141,90,1,"health | literaci | infecti | diseas | misinform | health | literaci | involv | abil | find | , | understand | , | evalu | , | use | health | inform | . | infecti"
17_misinformation_and_health_literacy,WordNet_Lemmatization,141,98,1,"health | literacy | infectious | disease | misinformation | health | literacy | involves | ability | find | , | understand | , | evaluate | , | use | health | information | . | infectious"
18_global_outbreak_preparedness,Original,194,120,7,"global | outbreak | preparedness | and | response | outbreak | preparedness | involves | building | the | capacity | to | detect | , | assess | , | communicate | about | , | and"
18_global_outbreak_preparedness,Stopword_Removal,150,97,7,"global | outbreak | preparedness | response | outbreak | preparedness | involves | building | capacity | detect | , | assess | , | communicate | , | respond | infectious | disease | threats | become"
18_global_outbreak_preparedness,Porter_Stemming,150,90,4,"global | outbreak | prepared | respons | outbreak | prepared | involv | build | capac | detect | , | assess | , | commun | , | respond | infecti | diseas | threat | becom"
18_global_outbreak_preparedness,Snowball_Stemming,150,90,4,"global | outbreak | prepared | respons | outbreak | prepared | involv | build | capac | detect | , | assess | , | communic | , | respond | infecti | diseas | threat | becom"
18_global_outbreak_preparedness,WordNet_Lemmatization,150,96,7,"global | outbreak | preparedness | response | outbreak | preparedness | involves | building | capacity | detect | , | assess | , | communicate | , | respond | infectious | disease | threat | become"
19_epidemiological_models,Original,187,127,3,epidemiological | models | for | infectious | disease | planning | mathematical | and | computational | models | can | help | researchers | explore | how | infectious | diseases | may | spread | under
19_epidemiological_models,Stopword_Removal,135,96,3,epidemiological | models | infectious | disease | planning | mathematical | computational | models | help | researchers | explore | infectious | diseases | may | spread | different | assumptions | . | compartmental | models
19_epidemiological_models,Porter_Stemming,135,89,0,epidemiolog | model | infecti | diseas | plan | mathemat | comput | model | help | research | explor | infecti | diseas | may | spread | differ | assumpt | . | compartment | model
19_epidemiological_models,Snowball_Stemming,135,89,0,epidemiolog | model | infecti | diseas | plan | mathemat | comput | model | help | research | explor | infecti | diseas | may | spread | differ | assumpt | . | compartment | model
19_epidemiological_models,WordNet_Lemmatization,135,91,3,epidemiological | model | infectious | disease | planning | mathematical | computational | model | help | researcher | explore | infectious | disease | may | spread | different | assumption | . | compartmental | model
20_post_outbreak_evaluation,Original,189,123,6,"evaluating | public | health | responses | after | an | outbreak | after | an | infectious | disease | outbreak | , | a | structured | evaluation | can | examine | what | happened"
20_post_outbreak_evaluation,Stopword_Removal,135,95,6,"evaluating | public | health | responses | outbreak | infectious | disease | outbreak | , | structured | evaluation | examine | happened | , | interventions | implemented | , | quickly | systems | responded"
20_post_outbreak_evaluation,Porter_Stemming,135,91,3,"evalu | public | health | respons | outbreak | infecti | diseas | outbreak | , | structur | evalu | examin | happen | , | intervent | implement | , | quickli | system | respond"
20_post_outbreak_evaluation,Snowball_Stemming,135,91,3,"evalu | public | health | respons | outbreak | infecti | diseas | outbreak | , | structur | evalu | examin | happen | , | intervent | implement | , | quick | system | respond"
20_post_outbreak_evaluation,WordNet_Lemmatization,135,93,6,"evaluating | public | health | response | outbreak | infectious | disease | outbreak | , | structured | evaluation | examine | happened | , | intervention | implemented | , | quickly | system | responded"
