doc_id,document_name,word_token_count,bpe_token_count,word_tokens,bpe_tokens
D01,01_covid_transmission_and_prevention,234,461,covid-19 | transmission | and | community | prevention | covid-19 | is | caused | by | infection | with | sars-cov-2 | transmission | can | occur | when | an | infected | person | releases | respiratory | particles | while | breathing | speaking | coughing | or | sneezing | risk | generally | increases | in | crowded | or | poorly | ventilated | indoor | environments | and | when | people | are | in | close | proximity | for | prolonged | periods | prevention | therefore | combines | several | measures | rather | than | relying | on | a | single | intervention | improving | indoor | ventilation | and | filtration | can | reduce | the | concentration | of | infectious | particles | in | shared | air | staying | home | when | acutely | ill | can | reduce | exposure | to | other | people | mask | use | can | provide | an | additional | layer | of | protection | in | settings | where | respiratory | virus | transmission | is | elevated | or | where | vulnerable | people | are | present | hand | hygiene | remains | useful | for | reducing | transmission | of | many | infections | although | respiratory | transmission | is | a | major | route | for | covid-19 | vaccination | is | an | important | prevention | measure | because | it | prepares | the | immune | system | to | respond | to | the | virus | vaccine | protection | against | infection | can | change | over | time | and | across | variants | while | protection | against | severe | disease | can | remain | stronger | public-health | programs | therefore | consider | vaccination | together | with | surveillance | clinical | care | ventilation | and | risk-based | protective | measures | community | prevention | works | best | when | measures | are | matched | to | the | local | epidemiological | situation | public-health | authorities | may | use | indicators | such | as | reported | cases | hospitalizations | wastewater | signals | and | outbreak | reports | to | guide | communication | and | interventions | individuals | can | reduce | risk | by | considering | the | intensity | of | local | transmission | their | own | health | risks | and | the | vulnerability | of | people | around | them,co | vid | - | 19 | transmission | and | community | prevention | co | vid | - | 19 | is | c | ause | d | by | infection | with | s | ar | s | - | co | v | - | 2 | transmission | can | occur | when | an | infec | ted | person | re | le | ases | respiratory | par | tic | l | es | while | bre | a | th | ing | s | pe | ak | ing | c | ou | g | h | ing | or | s | ne | e | z | ing | risk | gen | er | al | ly | inc | re | ases | in | c | ro | w | d | ed | or | po | or | ly | ven | ti | l | ated | ind | o | or | en | vir | on | ments | and | when | people | are | in | cl | o | se | pro | x | im | ity | for | pro | l | ong | ed | period | s | prevention | therefore | com | b | in | es | se | ver | al | measures | ra | ther | than | re | ly | ing | on | a | single | inter | vention | im | pro | v | ing | ind | o | or | ven | ti | lation | and | f | il | tr | ation | can | reduce | the | con | c | ent | r | ation | of | infectious | par | tic | l | es | in | sh | are | d | a | ir | st | a | y | ing | h | ome | when | ac | u | te | ly | ill | can | reduce | exposure | to | other | people | m | as | k | use | can | provide | an | ad | di | tion | al | la | y | er | of | protec | tion | in | set | ting | s | whe | re | respiratory | vir | us | transmission | is | e | lev | ated | or | whe | re | v | ul | n | er | able | people | are | pres | ent | h | and | h | y | g | i | en | e | re | ma | ins | useful | for | redu | c | ing | transmission | of | m | an | y | infections | alth | ou | g | h | respiratory | transmission | is | a | ma | j | or | r | out | e | for | co | vid | - | 19 | vaccination | is | an | im | port | ant | prevention | measu | re | because | it | pre | p | a | res | the | immun | e | system | to | respon | d | to | the | vir | us | vaccine | protec | tion | ag | ain | st | infection | can | change | o | ver | time | and | ac | ro | s | s | vari | an | ts | while | protec | tion | ag | ain | st | se | ve | re | disease | can | re | ma | in | str | ong | er | public | - | health | pro | g | r | am | s | therefore | consider | vaccination | to | ge | ther | with | surveillance | clinical | care | ven | ti | lation | and | risk | - | b | ase | d | protec | tive | measures | community | prevention | work | s | b | es | t | when | measures | are | m | at | ch | ed | to | the | loc | al | epidemiological | s | it | u | ation | public | - | health | a | u | th | or | ities | may | use | indicators | su | ch | as | repor | ted | cases | hospital | iz | ations | wastewater | si | gn | als | and | outbreak | repor | ts | to | gu | id | e | communication | and | inter | ven | tions | individu | als | can | reduce | risk | by | consider | ing | the | in | ten | s | ity | of | loc | al | transmission | the | ir | ow | n | health | risk | s | and | the | v | ul | n | er | ab | ility | of | people | ar | oun | d | the | m
D02,02_covid_vaccination_basics,184,377,covid-19 | vaccination | basic | concepts | covid-19 | vaccines | are | designed | to | stimulate | an | immune | response | against | sars-cov-2 | without | requiring | a | person | to | experience | the | disease | itself | different | vaccine | platforms | can | present | viral | information | to | the | immune | system | in | different | ways | after | vaccination | immune | cells | can | recognize | relevant | viral | components | and | mount | a | faster | response | when | exposed | later | vaccination | does | not | guarantee | that | a | person | will | never | become | infected | vaccine | effectiveness | varies | by | outcome | product | population | time | since | vaccination | and | circulating | variant | public-health | evaluation | commonly | distinguishes | protection | against | infection | symptomatic | disease | hospitalization | and | death | these | outcomes | should | not | be | treated | as | interchangeable | immunity | can | change | over | time | previous | infection | may | also | contribute | to | immune | protection | producing | what | researchers | often | describe | as | hybrid | immunity | when | vaccination | and | infection | have | both | occurred | because | immunity | and | circulating | viruses | change | vaccination | recommendations | may | be | updated | as | evidence | develops | when | communicating | about | vaccines | it | is | useful | to | distinguish | relative | risk | absolute | risk | vaccine | effectiveness | and | adverse-event | rates | a | clear | explanation | should | specify | the | population | comparison | group | time | period | and | health | outcome | this | prevents | misleading | conclusions | from | a | single | percentage | or | isolated | statistic,co | vid | - | 19 | vaccination | b | as | ic | con | ce | p | ts | co | vid | - | 19 | vaccin | es | are | des | ig | n | ed | to | s | ti | mul | ate | an | immun | e | response | ag | ain | st | s | ar | s | - | co | v | - | 2 | with | out | requ | ir | ing | a | person | to | ex | peri | ence | the | disease | it | se | l | f | different | vaccine | pl | at | for | m | s | can | pres | ent | viral | information | to | the | immun | e | system | in | different | w | a | ys | after | vaccination | immun | e | ce | l | ls | can | re | c | og | n | iz | e | re | lev | ant | viral | comp | on | ents | and | m | oun | t | a | f | as | ter | response | when | expo | se | d | l | ater | vaccination | does | not | gu | ar | an | te | e | that | a | person | w | ill | n | ever | bec | ome | infec | ted | vaccine | effectiveness | v | ar | ies | by | outcom | e | produ | ct | population | time | s | in | ce | vaccination | and | cir | cul | ating | vari | ant | public | - | health | evalu | ation | comm | on | ly | dis | ting | u | is | h | es | protec | tion | ag | ain | st | infection | sy | mp | t | oma | tic | disease | hospital | iz | ation | and | de | a | th | th | es | e | outcom | es | should | not | be | t | re | ated | as | inter | change | able | immunity | can | change | o | ver | time | pre | vi | ous | infection | may | also | con | tr | ib | u | te | to | immun | e | protec | tion | produc | ing | what | re | se | ar | ch | ers | of | ten | des | cr | i | be | as | h | y | b | r | id | immunity | when | vaccination | and | infection | have | b | o | th | occur | red | because | immunity | and | cir | cul | ating | vir | us | es | change | vaccination | recommend | ations | may | be | u | p | dat | ed | as | evidence | de | ve | l | op | s | when | communic | ating | ab | out | vaccin | es | it | is | useful | to | dis | ting | u | is | h | re | la | tive | risk | ab | s | ol | u | te | risk | vaccine | effectiveness | and | ad | ver | se | - | ev | ent | r | at | es | a | cle | ar | exp | lan | ation | should | sp | ec | i | f | y | the | population | comp | ar | is | on | group | time | period | and | health | outcom | e | th | is | pre | v | ents | mis | le | ad | ing | con | clu | sion | s | from | a | single | per | c | ent | age | or | is | ol | ated | st | ati | s | tic
D03,03_vaccine_effectiveness_and_studies,185,409,evaluating | vaccine | effectiveness | vaccine | effectiveness | is | usually | estimated | by | comparing | disease | outcomes | between | vaccinated | and | comparison | groups | under | real-world | conditions | observational | studies | may | use | cohort | case-control | or | test-negative | designs | researchers | must | account | for | factors | such | as | age | prior | infection | underlying | conditions | healthcare-seeking | behavior | exposure | patterns | and | calendar | period | randomized | controlled | trials | can | provide | strong | evidence | about | efficacy | under | defined | study | conditions | while | observational | studies | are | especially | useful | after | vaccines | are | deployed | at | large | scale | real-world | effectiveness | may | differ | from | trial | efficacy | because | populations | exposure | levels | circulating | variants | and | vaccination | schedules | differ | a | useful | interpretation | of | vaccine | effectiveness | requires | knowing | the | endpoint | for | example | effectiveness | against | hospitalization | is | a | different | quantity | from | effectiveness | against | infection | waning | protection | may | also | appear | differently | for | different | outcomes | researchers | may | stratify | results | by | age | time | since | vaccination | product | or | variant | period | confounding | and | selection | bias | are | important | limitations | in | observational | vaccine | studies | statistical | adjustment | can | reduce | some | biases | but | it | cannot | guarantee | that | every | relevant | difference | between | groups | has | been | measured | results | should | therefore | be | interpreted | in | the | context | of | study | design | uncertainty | intervals | sample | size | and | the | population | studied,evalu | ating | vaccine | effectiveness | vaccine | effectiveness | is | u | su | al | ly | esti | m | ated | by | comp | ar | ing | disease | outcom | es | be | t | we | en | vaccin | ated | and | comp | ar | is | on | group | s | under | re | al | - | wor | ld | condi | tions | observ | ational | studi | es | may | use | co | h | or | t | case | - | contro | l | or | tes | t | - | ne | g | a | tive | des | ig | n | s | re | se | ar | ch | ers | m | u | st | acc | oun | t | for | f | act | or | s | su | ch | as | age | pr | i | or | infection | under | ly | ing | condi | tions | healthcare | - | se | e | k | ing | be | ha | vi | or | exposure | p | at | ter | n | s | and | c | al | end | ar | period | r | and | om | iz | ed | contro | l | l | ed | tr | i | als | can | provide | str | ong | evidence | ab | out | e | ff | ic | ac | y | under | defin | ed | stu | d | y | condi | tions | while | observ | ational | studi | es | are | es | p | ec | ial | ly | useful | after | vaccin | es | are | dep | l | o | y | ed | at | l | ar | ge | s | c | al | e | re | al | - | wor | ld | effectiveness | may | diff | er | from | tr | ial | e | ff | ic | ac | y | because | population | s | exposure | leve | ls | cir | cul | ating | vari | an | ts | and | vaccination | s | ch | ed | ul | es | diff | er | a | useful | interpre | t | ation | of | vaccine | effectiveness | requi | res | k | no | w | ing | the | end | po | in | t | for | ex | am | ple | effectiveness | ag | ain | st | hospital | iz | ation | is | a | different | qu | an | ti | ty | from | effectiveness | ag | ain | st | infection | w | an | ing | protec | tion | may | also | ap | pe | ar | different | ly | for | different | outcom | es | re | se | ar | ch | ers | may | str | a | tif | y | re | sul | ts | by | age | time | s | in | ce | vaccination | produ | ct | or | vari | ant | period | conf | oun | ding | and | selec | tion | b | i | as | are | im | port | ant | l | im | it | ations | in | observ | ational | vaccine | studi | es | st | ati | s | tical | ad | j | u | st | ment | can | reduce | s | ome | b | i | ases | but | it | can | not | gu | ar | an | te | e | that | ever | y | re | lev | ant | differen | ce | be | t | we | en | group | s | h | as | be | en | measu | red | re | sul | ts | should | therefore | be | interpre | ted | in | the | cont | ex | t | of | stu | d | y | des | ig | n | un | cer | tain | ty | inter | v | als | s | am | ple | si | z | e | and | the | population | studi | ed
D04,04_epidemiology_incidence_prevalence,182,357,incidence | and | prevalence | in | infectious | disease | epidemiology | incidence | and | prevalence | describe | different | aspects | of | disease | occurrence | incidence | focuses | on | new | cases | occurring | in | a | population | during | a | specified | period | prevalence | describes | the | proportion | of | a | population | that | has | a | condition | at | a | particular | time | or | over | a | defined | period | for | an | infectious | disease | incidence | can | help | describe | how | quickly | new | infections | are | occurring | prevalence | can | reflect | both | new | cases | and | the | duration | of | illness | a | disease | with | short | duration | may | have | substantial | incidence | but | relatively | low | point | prevalence | conversely | a | chronic | condition | can | have | lower | incidence | but | high | prevalence | because | people | remain | affected | for | long | periods | epidemiologists | define | the | population | time | interval | case | definition | and | measurement | method | carefully | changes | in | testing | availability | or | reporting | practices | can | affect | observed | incidence | without | representing | an | equivalent | change | in | true | transmission | for | covid-19 | widespread | changes | in | testing | behavior | made | reported | case | counts | difficult | to | interpret | in | isolation | during | some | periods | other | indicators | including | hospitalization | mortality | test | positivity | syndromic | surveillance | and | wastewater | measurements | can | complement | reported | cases | using | multiple | indicators | provides | a | broader | picture | of | disease | activity,incidence | and | pre | val | ence | in | infectious | disease | epidem | iolog | y | incidence | and | pre | val | ence | des | cr | i | be | different | as | p | ec | ts | of | disease | occur | ren | ce | incidence | f | oc | us | es | on | ne | w | cases | occur | r | ing | in | a | population | during | a | sp | ec | i | f | i | ed | period | pre | val | ence | des | cr | ib | es | the | pro | por | tion | of | a | population | that | h | as | a | condi | tion | at | a | par | tic | ul | ar | time | or | o | ver | a | defin | ed | period | for | an | infectious | disease | incidence | can | help | des | cr | i | be | h | ow | qu | ic | k | ly | ne | w | infections | are | occur | r | ing | pre | val | ence | can | re | f | lec | t | b | o | th | ne | w | cases | and | the | dur | ation | of | ill | ness | a | disease | with | sh | or | t | dur | ation | may | have | su | b | st | an | ti | al | incidence | but | re | la | tive | ly | low | po | in | t | pre | val | ence | con | ver | se | ly | a | ch | r | on | ic | condi | tion | can | have | low | er | incidence | but | h | ig | h | pre | val | ence | because | people | re | ma | in | affec | ted | for | l | ong | period | s | epidem | iolog | is | ts | def | ine | the | population | time | inter | val | case | defin | i | tion | and | measu | re | ment | me | th | od | care | ful | ly | changes | in | testing | av | ail | ab | ility | or | reporting | prac | tic | es | can | affec | t | observ | ed | incidence | with | out | re | pres | en | ting | an | e | qu | i | val | ent | change | in | tr | u | e | transmission | for | co | vid | - | 19 | w | id | es | pre | ad | changes | in | testing | be | ha | vi | or | ma | de | repor | ted | case | c | oun | ts | diff | ic | ul | t | to | interpre | t | in | is | ol | ation | during | s | ome | period | s | other | indicators | inclu | ding | hospital | iz | ation | m | or | t | al | ity | tes | t | po | si | tiv | ity | sy | n | d | rom | ic | surveillance | and | wastewater | measu | re | ments | can | comple | ment | repor | ted | cases | us | ing | mul | ti | ple | indicators | provid | es | a | b | ro | ad | er | p | ic | t | u | re | of | disease | ac | tiv | ity
D05,05_basic_reproduction_number,186,365,reproduction | numbers | and | outbreak | growth | the | basic | reproduction | number | 0 | describes | the | average | number | of | secondary | infections | generated | by | a | typical | infectious | individual | in | a | fully | susceptible | population | under | specified | assumptions | it | is | a | theoretical | epidemiological | quantity | and | should | not | be | interpreted | as | a | fixed | property | of | a | pathogen | in | every | setting | the | effective | reproduction | number | often | written | rt | or | re | reflects | transmission | under | current | conditions | vaccination | prior | immunity | behavioral | changes | public-health | interventions | and | population | structure | can | all | affect | effective | transmission | when | the | effective | reproduction | number | is | above | one | infections | can | increase | under | the | relevant | conditions | when | it | remains | below | one | transmission | tends | to | decline | estimating | reproduction | numbers | requires | assumptions | and | data | delays | between | infection | symptom | onset | testing | reporting | and | hospitalization | can | affect | estimates | analysts | may | therefore | use | statistical | models | and | nowcasting | methods | to | account | for | reporting | delays | reproduction | numbers | should | be | interpreted | together | with | other | indicators | a | single | estimate | can | be | uncertain | especially | when | case | counts | are | small | or | surveillance | systems | are | changing | the | same | reproduction | number | can | also | correspond | to | different | absolute | levels | of | disease | depending | on | the | size | and | immunity | of | the | population,reproduc | tion | numb | ers | and | outbreak | g | ro | w | th | the | b | as | ic | reproduc | tion | numb | er | r | 0 | des | cr | ib | es | the | a | ver | age | numb | er | of | se | con | d | ar | y | infections | gen | er | ated | by | a | ty | p | ical | infectious | individu | al | in | a | ful | ly | su | s | ce | p | ti | b | le | population | under | sp | ec | i | f | i | ed | assu | mp | tions | it | is | a | the | ore | tical | epidemiological | qu | an | ti | ty | and | should | not | be | interpre | ted | as | a | f | i | x | ed | pro | per | ty | of | a | p | a | th | og | en | in | ever | y | set | ting | the | effec | tive | reproduc | tion | numb | er | of | ten | w | r | it | ten | r | t | or | re | re | f | lec | ts | transmission | under | cur | ren | t | condi | tions | vaccination | pr | i | or | immunity | be | ha | vi | or | al | changes | public | - | health | inter | ven | tions | and | population | str | u | ct | u | re | can | all | affec | t | effec | tive | transmission | when | the | effec | tive | reproduc | tion | numb | er | is | ab | o | ve | on | e | infections | can | inc | re | ase | under | the | re | lev | ant | condi | tions | when | it | re | ma | ins | be | low | on | e | transmission | t | end | s | to | dec | l | ine | esti | ma | ting | reproduc | tion | numb | ers | requi | res | assu | mp | tions | and | data | de | la | ys | be | t | we | en | infection | sy | mp | t | om | on | set | testing | reporting | and | hospital | iz | ation | can | affec | t | esti | m | at | es | an | al | y | st | s | may | therefore | use | st | ati | s | tical | mode | ls | and | no | w | c | as | ting | me | th | od | s | to | acc | oun | t | for | reporting | de | la | ys | reproduc | tion | numb | ers | should | be | interpre | ted | to | ge | ther | with | other | indicators | a | single | esti | m | ate | can | be | un | cer | tain | es | p | ec | ial | ly | when | case | c | oun | ts | are | s | m | all | or | surveillance | systems | are | chang | ing | the | s | a | me | reproduc | tion | numb | er | can | also | c | or | respon | d | to | different | ab | s | ol | u | te | leve | ls | of | disease | depend | ing | on | the | si | z | e | and | immunity | of | the | population
D06,06_contact_tracing,172,319,contact | tracing | and | exposure | management | contact | tracing | is | a | public-health | process | used | to | identify | people | who | may | have | been | exposed | to | an | infectious | disease | and | provide | them | with | relevant | information | and | support | for | respiratory | infections | contact | definitions | may | consider | proximity | duration | setting | and | timing | relative | to | infectiousness | a | typical | workflow | includes | identifying | a | confirmed | or | probable | case | determining | the | period | during | which | transmission | could | have | occurred | interviewing | the | case | when | appropriate | identifying | contacts | and | communicating | recommended | actions | digital | tools | can | assist | with | notification | or | data | management | but | they | do | not | replace | public-health | judgment | contact | tracing | is | most | effective | when | cases | and | contacts | can | be | identified | quickly | and | when | people | have | access | to | testing | healthcare | isolation | resources | and | accurate | information | privacy | and | confidentiality | are | important | because | contact-tracing | systems | handle | sensitive | health | and | exposure | information | the | effectiveness | of | contact | tracing | can | decrease | when | community | transmission | is | extremely | high | when | many | infections | are | asymptomatic | or | when | cases | cannot | be | identified | promptly | in | such | situations | broad | prevention | measures | and | community | surveillance | may | be | more | practical | complements,contact | trac | ing | and | exposure | m | an | age | ment | contact | trac | ing | is | a | public | - | health | pro | c | ess | use | d | to | identify | people | wh | o | may | have | be | en | expo | se | d | to | an | infectious | disease | and | provide | the | m | with | re | lev | ant | information | and | su | p | port | for | respiratory | infections | contact | defin | i | tions | may | consider | pro | x | im | ity | dur | ation | set | ting | and | ti | ming | re | la | tive | to | infectious | ness | a | ty | p | ical | work | f | low | inclu | des | identify | ing | a | conf | ir | med | or | pro | b | able | case | de | ter | min | ing | the | period | during | which | transmission | c | ould | have | occur | red | inter | vi | e | w | ing | the | case | when | ap | pro | pr | i | ate | identify | ing | cont | ac | ts | and | communic | ating | recommend | ed | ac | tions | di | g | ital | to | ol | s | can | ass | is | t | with | no | tif | ic | ation | or | data | m | an | age | ment | but | the | y | do | not | re | pl | ac | e | public | - | health | j | u | d | g | ment | contact | trac | ing | is | mo | st | effec | tive | when | cases | and | cont | ac | ts | can | be | identif | i | ed | qu | ic | k | ly | and | when | people | have | access | to | testing | healthcare | is | ol | ation | res | our | ces | and | acc | ur | ate | information | pr | i | v | ac | y | and | conf | iden | ti | al | ity | are | im | port | ant | because | contact | - | trac | ing | systems | h | and | le | s | en | si | tive | health | and | exposure | information | the | effectiveness | of | contact | trac | ing | can | dec | re | ase | when | community | transmission | is | ex | t | re | me | ly | h | ig | h | when | m | an | y | infections | are | as | y | mp | t | oma | tic | or | when | cases | can | not | be | identif | i | ed | p | rom | p | t | ly | in | su | ch | s | it | u | ations | b | ro | ad | prevention | measures | and | community | surveillance | may | be | m | ore | prac | tical | comple | ments
D07,07_wastewater_surveillance,164,306,wastewater | surveillance | for | respiratory | viruses | wastewater | surveillance | analyzes | biological | material | in | sewage | to | estimate | the | presence | or | trends | of | infectious | agents | within | a | community | because | infected | individuals | can | shed | viral | genetic | material | into | wastewater | wastewater | measurements | can | provide | population-level | information | that | does | not | depend | on | every | infected | person | seeking | a | clinical | test | wastewater | surveillance | can | be | especially | useful | when | individual | testing | declines | trends | may | provide | an | early | signal | of | changing | transmission | although | the | relationship | between | wastewater | concentration | and | the | exact | number | of | infections | is | not | straightforward | interpretation | requires | attention | to | sampling | location | population | served | by | the | treatment | system | rainfall | and | dilution | laboratory | methods | sampling | frequency | and | changes | in | shedding | patterns | wastewater | data | are | most | useful | when | combined | with | clinical | surveillance | hospital | data | and | other | epidemiological | indicators | wastewater | surveillance | generally | does | not | identify | individual | infected | people | its | population-level | nature | can | therefore | complement | other | surveillance | systems | while | reducing | dependence | on | individual | testing | it | is | a | monitoring | tool | rather | than | a | direct | diagnostic | test | for | an | individual,wastewater | surveillance | for | respiratory | vir | us | es | wastewater | surveillance | an | al | y | z | es | b | iological | m | ater | ial | in | se | w | age | to | esti | m | ate | the | pres | ence | or | t | ren | d | s | of | infectious | ag | ents | with | in | a | community | because | infec | ted | individu | als | can | sh | ed | viral | gen | e | tic | m | ater | ial | in | to | wastewater | wastewater | measu | re | ments | can | provide | population | - | leve | l | information | that | does | not | depend | on | ever | y | infec | ted | person | se | e | k | ing | a | clinical | tes | t | wastewater | surveillance | can | be | es | p | ec | ial | ly | useful | when | individu | al | testing | dec | l | in | es | t | ren | d | s | may | provide | an | e | ar | ly | si | gn | al | of | chang | ing | transmission | alth | ou | g | h | the | re | lation | sh | i | p | be | t | we | en | wastewater | con | c | ent | r | ation | and | the | ex | act | numb | er | of | infections | is | not | str | a | ig | h | t | for | w | ar | d | interpre | t | ation | requi | res | at | ten | tion | to | s | am | pl | ing | loc | ation | population | serv | ed | by | the | t | reat | ment | system | ra | inf | all | and | di | l | u | tion | laboratory | me | th | od | s | s | am | pl | ing | f | requ | enc | y | and | changes | in | sh | ed | ding | p | at | ter | n | s | wastewater | data | are | mo | st | useful | when | com | b | in | ed | with | clinical | surveillance | hospital | data | and | other | epidemiological | indicators | wastewater | surveillance | gen | er | al | ly | does | not | identify | individu | al | infec | ted | people | it | s | population | - | leve | l | n | at | u | re | can | therefore | comple | ment | other | surveillance | systems | while | redu | c | ing | depend | ence | on | individu | al | testing | it | is | a | monitor | ing | to | ol | ra | ther | than | a | di | re | ct | di | ag | no | s | tic | tes | t | for | an | individu | al
D08,08_variant_surveillance,161,350,sars-cov-2 | variant | surveillance | variant | surveillance | monitors | genetic | changes | in | sars-cov-2 | and | assesses | whether | emerging | lineages | have | characteristics | relevant | to | public | health | sequencing | can | identify | viral | lineages | from | selected | clinical | specimens | while | genomic | databases | allow | laboratories | and | researchers | to | compare | sequences | over | time | and | across | locations | a | newly | detected | mutation | does | not | automatically | mean | that | a | variant | is | more | transmissible | or | more | severe | researchers | evaluate | changes | using | laboratory | studies | epidemiological | data | clinical | outcomes | and | population-level | observations | multiple | mutations | can | occur | together | and | the | biological | effect | of | a | mutation | depends | on | its | location | and | context | variant | surveillance | helps | public-health | agencies | detect | changes | that | may | affect | diagnostics | therapeutics | vaccines | or | transmission | patterns | however | sequencing | samples | are | not | always | representative | of | all | infections | differences | in | sampling | and | sequencing | capacity | can | influence | which | variants | are | observed | genomic | surveillance | works | best | when | linked | with | epidemiological | and | clinical | information | sequence | data | can | identify | what | is | circulating | while | other | datasets | help | determine | the | practical | public-health | significance | of | those | lineages,s | ar | s | - | co | v | - | 2 | vari | ant | surveillance | vari | ant | surveillance | monitor | s | gen | e | tic | changes | in | s | ar | s | - | co | v | - | 2 | and | ass | ess | es | whe | ther | em | er | g | ing | l | ine | ag | es | have | character | is | tic | s | re | lev | ant | to | public | health | sequ | enc | ing | can | identify | viral | l | ine | ag | es | from | selec | ted | clinical | sp | ec | im | en | s | while | gen | om | ic | dat | ab | ases | al | low | labor | ator | ies | and | re | se | ar | ch | ers | to | comp | are | sequ | enc | es | o | ver | time | and | ac | ro | s | s | loc | ations | a | ne | w | ly | detec | ted | m | ut | ation | does | not | a | ut | oma | tical | ly | me | an | that | a | vari | ant | is | m | ore | transmis | si | b | le | or | m | ore | se | ve | re | re | se | ar | ch | ers | evalu | ate | changes | us | ing | laboratory | studi | es | epidemiological | data | clinical | outcom | es | and | population | - | leve | l | observ | ations | mul | ti | ple | m | ut | ations | can | occur | to | ge | ther | and | the | b | iological | effec | t | of | a | m | ut | ation | depend | s | on | it | s | loc | ation | and | cont | ex | t | vari | ant | surveillance | help | s | public | - | health | ag | enc | ies | detec | t | changes | that | may | affec | t | di | ag | no | s | tic | s | ther | ap | e | u | tic | s | vaccin | es | or | transmission | p | at | ter | n | s | h | ow | ever | sequ | enc | ing | s | am | pl | es | are | not | al | w | a | ys | re | pres | ent | a | tive | of | all | infections | differen | ces | in | s | am | pl | ing | and | sequ | enc | ing | c | ap | ac | ity | can | inf | l | u | ence | which | vari | an | ts | are | observ | ed | gen | om | ic | surveillance | work | s | b | es | t | when | l | in | k | ed | with | epidemiological | and | clinical | information | sequ | ence | data | can | identify | what | is | cir | cul | ating | while | other | dat | ase | ts | help | de | ter | m | ine | the | prac | tical | public | - | health | si | gn | i | f | ic | an | ce | of | th | o | se | l | ine | ag | es
D09,09_outbreak_investigation,172,363,infectious | disease | outbreak | investigation | an | outbreak | investigation | seeks | to | determine | whether | an | unusual | increase | in | disease | has | occurred | characterize | affected | people | and | settings | identify | likely | sources | or | transmission | routes | and | guide | control | measures | the | investigation | begins | with | a | clear | case | definition | and | confirmation | that | the | observed | increase | is | greater | than | expected | investigators | construct | descriptive | summaries | by | time | place | and | person | an | epidemic | curve | can | show | the | timing | of | illness | onset | and | may | provide | clues | about | the | type | of | exposure | mapping | cases | can | identify | geographic | clustering | while | demographic | analysis | can | reveal | differences | by | age | occupation | or | other | characteristics | analytical | epidemiology | may | compare | exposures | among | cases | and | controls | or | among | exposed | and | unexposed | groups | investigators | must | consider | recall | bias | selection | bias | confounding | and | incomplete | reporting | laboratory | testing | and | genomic | sequencing | can | provide | additional | evidence | control | measures | should | not | necessarily | wait | until | every | scientific | question | is | resolved | depending | on | the | pathogen | and | circumstances | measures | can | include | isolation | vaccination | environmental | controls | communication | testing | and | targeted | restrictions | investigators | continue | evaluating | the | outbreak | as | new | evidence | becomes | available,infectious | disease | outbreak | investig | ation | an | outbreak | investig | ation | se | e | k | s | to | de | ter | m | ine | whe | ther | an | un | u | su | al | inc | re | ase | in | disease | h | as | occur | red | character | iz | e | affec | ted | people | and | set | ting | s | identify | l | i | k | e | ly | s | our | ces | or | transmission | r | out | es | and | gu | id | e | contro | l | measures | the | investig | ation | be | g | ins | with | a | cle | ar | case | defin | i | tion | and | conf | ir | m | ation | that | the | observ | ed | inc | re | ase | is | g | re | ater | than | exp | ec | ted | investig | ators | con | str | u | ct | des | cr | i | p | tive | su | m | m | ar | ies | by | time | pl | ac | e | and | person | an | epidem | ic | cur | ve | can | sh | ow | the | ti | ming | of | ill | ness | on | set | and | may | provide | clu | es | ab | out | the | ty | pe | of | exposure | ma | p | p | ing | cases | can | identify | ge | og | rap | h | ic | clu | st | er | ing | while | de | m | og | rap | h | ic | an | al | ys | is | can | re | ve | al | differen | ces | by | age | oc | c | u | p | ation | or | other | character | is | tic | s | an | al | y | tical | epidem | iolog | y | may | comp | are | exposu | res | am | ong | cases | and | contro | ls | or | am | ong | expo | se | d | and | un | expo | se | d | group | s | investig | ators | m | u | st | consider | re | c | all | b | i | as | selec | tion | b | i | as | conf | oun | ding | and | in | comple | te | reporting | laboratory | testing | and | gen | om | ic | sequ | enc | ing | can | provide | ad | di | tion | al | evidence | contro | l | measures | should | not | n | ec | ess | ar | il | y | w | a | it | un | ti | l | ever | y | s | c | i | en | tif | ic | qu | es | tion | is | res | ol | v | ed | depend | ing | on | the | p | a | th | og | en | and | cir | c | um | st | an | ces | measures | can | inclu | de | is | ol | ation | vaccination | en | vir | on | ment | al | contro | ls | communication | testing | and | t | ar | ge | ted | re | str | ic | tions | investig | ators | con | tin | u | e | evalu | ating | the | outbreak | as | ne | w | evidence | bec | om | es | av | ail | able
D10,10_public_health_surveillance,160,334,public | health | surveillance | systems | public | health | surveillance | is | the | continuous | and | systematic | collection | analysis | interpretation | and | dissemination | of | health | information | for | action | surveillance | systems | can | monitor | infectious | diseases | through | case | reports | laboratory | results | hospital | records | mortality | data | syndromic | indicators | sentinel | sites | and | community-level | measurements | a | surveillance | system | begins | with | a | defined | objective | the | case | definition | determines | which | events | are | counted | while | reporting | rules | specify | how | and | when | information | is | submitted | data | quality | depends | on | completeness | timeliness | consistency | and | representativeness | passive | surveillance | relies | on | routine | reporting | and | can | be | relatively | efficient | but | may | miss | cases | active | surveillance | involves | more | direct | efforts | to | identify | cases | and | can | improve | completeness | at | greater | cost | sentinel | surveillance | collects | detailed | information | from | selected | sites | and | may | be | useful | for | monitoring | trends | surveillance | data | should | be | interpreted | carefully | changes | in | reporting | systems | testing | practices | healthcare | access | or | case | definitions | can | create | apparent | changes | that | are | not | purely | epidemiological | public-health | decision-making | therefore | benefits | from | triangulating | multiple | data | sources,public | health | surveillance | systems | public | health | surveillance | is | the | con | tin | u | ous | and | syst | e | ma | tic | c | ol | lec | tion | an | al | ys | is | interpre | t | ation | and | dis | se | min | ation | of | health | information | for | ac | tion | surveillance | systems | can | monitor | infectious | dise | ases | th | rou | g | h | case | repor | ts | laboratory | re | sul | ts | hospital | re | c | or | d | s | m | or | t | al | ity | data | sy | n | d | rom | ic | indicators | s | en | tin | e | l | s | it | es | and | community | - | leve | l | measu | re | ments | a | surveillance | system | be | g | ins | with | a | defin | ed | ob | j | ec | tive | the | case | defin | i | tion | de | ter | min | es | which | ev | ents | are | c | oun | ted | while | reporting | r | ul | es | sp | ec | i | f | y | h | ow | and | when | information | is | su | b | m | it | ted | data | qu | al | ity | depend | s | on | comple | ten | ess | time | l | in | ess | cons | is | t | enc | y | and | re | pres | ent | ati | veness | p | as | si | ve | surveillance | re | l | ies | on | rou | tin | e | reporting | and | can | be | re | la | tive | ly | e | ff | ic | i | ent | but | may | mis | s | cases | ac | tive | surveillance | inv | ol | v | es | m | ore | di | re | ct | e | ff | or | ts | to | identify | cases | and | can | im | pro | ve | comple | ten | ess | at | g | re | ater | co | st | s | en | tin | e | l | surveillance | c | ol | lec | ts | de | t | ail | ed | information | from | selec | ted | s | it | es | and | may | be | useful | for | monitor | ing | t | ren | d | s | surveillance | data | should | be | interpre | ted | care | ful | ly | changes | in | reporting | systems | testing | prac | tic | es | healthcare | access | or | case | defin | i | tions | can | c | re | ate | ap | pare | n | t | changes | that | are | not | pu | re | ly | epidemiological | public | - | health | dec | is | ion | - | ma | k | ing | therefore | b | en | e | f | it | s | from | tr | i | an | g | ul | ating | mul | ti | ple | data | s | our | ces
D11,11_infection_prevention_healthcare,147,347,infection | prevention | in | healthcare | settings | healthcare | facilities | require | layered | infection-prevention | measures | because | patients | and | healthcare | workers | may | encounter | infectious | individuals | in | close-contact | environments | core | practices | include | hand | hygiene | appropriate | use | of | personal | protective | equipment | environmental | cleaning | respiratory | hygiene | and | safe | patient | placement | administrative | measures | can | include | screening | or | triage | procedures | staff | training | vaccination | programs | and | policies | for | managing | symptomatic | healthcare | workers | engineering | controls | include | ventilation | physical | separation | and | room | design | personal | protective | equipment | is | selected | according | to | the | anticipated | exposure | and | task | infection | prevention | programs | also | depend | on | monitoring | facilities | can | track | healthcare-associated | infections | respiratory | illness | among | staff | compliance | with | selected | practices | and | environmental | indicators | training | should | be | repeated | and | adapted | when | evidence | or | recommendations | change | no | single | control | is | sufficient | in | every | situation | layered | prevention | reduces | reliance | on | one | barrier | and | can | be | adapted | according | to | the | pathogen | transmission | route | patient | population | and | local | outbreak | conditions,infection | prevention | in | healthcare | set | ting | s | healthcare | f | ac | il | ities | requi | re | la | y | e | red | infection | - | prevention | measures | because | p | ati | ents | and | healthcare | work | ers | may | enc | oun | ter | infectious | individu | als | in | cl | o | se | - | contact | en | vir | on | ments | co | re | prac | tic | es | inclu | de | h | and | h | y | g | i | en | e | ap | pro | pr | i | ate | use | of | person | al | protec | tive | e | qu | i | p | ment | en | vir | on | ment | al | cle | an | ing | respiratory | h | y | g | i | en | e | and | s | af | e | p | ati | ent | pl | ac | e | ment | ad | min | is | tr | a | tive | measures | can | inclu | de | s | c | re | en | ing | or | tr | i | age | pro | c | ed | u | res | st | a | ff | tr | ain | ing | vaccination | pro | g | r | am | s | and | p | ol | ic | ies | for | m | an | ag | ing | sy | mp | t | oma | tic | healthcare | work | ers | en | g | ine | er | ing | contro | ls | inclu | de | ven | ti | lation | p | h | ys | ical | se | par | ation | and | ro | om | des | ig | n | person | al | protec | tive | e | qu | i | p | ment | is | selec | ted | acc | or | ding | to | the | an | tic | i | p | ated | exposure | and | t | as | k | infection | prevention | pro | g | r | am | s | also | depend | on | monitor | ing | f | ac | il | ities | can | trac | k | healthcare | - | ass | oc | i | ated | infections | respiratory | ill | ness | am | ong | st | a | ff | comp | l | i | an | ce | with | selec | ted | prac | tic | es | and | en | vir | on | ment | al | indicators | tr | ain | ing | should | be | re | pe | ated | and | ad | ap | ted | when | evidence | or | recommend | ations | change | no | single | contro | l | is | su | ff | ic | i | ent | in | ever | y | s | it | u | ation | la | y | e | red | prevention | redu | ces | re | l | i | an | ce | on | on | e | b | ar | r | i | er | and | can | be | ad | ap | ted | acc | or | ding | to | the | p | a | th | og | en | transmission | r | out | e | p | ati | ent | population | and | loc | al | outbreak | condi | tions
D12,12_vaccine_safety_monitoring,168,359,vaccine | safety | and | adverse | event | monitoring | vaccine | safety | monitoring | continues | after | vaccines | are | authorized | or | licensed | because | very | rare | adverse | events | may | only | become | detectable | when | millions | of | doses | are | administered | surveillance | systems | collect | reports | of | health | events | that | occur | after | vaccination | and | investigate | signals | that | may | indicate | a | potential | association | an | adverse | event | following | immunization | is | not | automatically | caused | by | the | vaccine | the | event | may | be | coincidental | associated | with | another | medical | condition | or | potentially | related | to | vaccination | safety | assessment | therefore | considers | background | rates | timing | biological | plausibility | comparison | groups | and | other | evidence | passive | reporting | systems | are | valuable | for | signal | detection | but | can | be | affected | by | underreporting | stimulated | reporting | and | incomplete | clinical | information | active | surveillance | and | epidemiological | studies | can | provide | stronger | estimates | of | incidence | and | relative | risk | clear | communication | should | distinguish | a | reported | event | from | a | confirmed | causal | relationship | vaccine | safety | decisions | are | based | on | accumulated | evidence | rather | than | a | single | report | monitoring | can | lead | to | updated | warnings | recommendations | or | continued | use | when | evidence | supports | a | favorable | benefit-risk | profile,vaccine | s | af | e | ty | and | ad | ver | se | ev | ent | monitor | ing | vaccine | s | af | e | ty | monitor | ing | con | tin | u | es | after | vaccin | es | are | a | u | th | or | iz | ed | or | lic | en | se | d | because | ver | y | r | are | ad | ver | se | ev | ents | may | on | ly | bec | ome | detec | t | able | when | m | ill | ion | s | of | do | s | es | are | ad | min | is | te | red | surveillance | systems | c | ol | lec | t | repor | ts | of | health | ev | ents | that | occur | after | vaccination | and | investig | ate | si | gn | als | that | may | indic | ate | a | po | ten | ti | al | ass | oc | i | ation | an | ad | ver | se | ev | ent | f | ol | low | ing | immun | iz | ation | is | not | a | ut | oma | tical | ly | c | ause | d | by | the | vaccine | the | ev | ent | may | be | co | inc | id | ent | al | ass | oc | i | ated | with | an | other | med | ical | condi | tion | or | po | ten | ti | al | ly | re | l | ated | to | vaccination | s | af | e | ty | ass | ess | ment | therefore | consid | ers | b | ac | k | grou | n | d | r | at | es | ti | ming | b | iological | p | la | u | si | b | ility | comp | ar | is | on | group | s | and | other | evidence | p | as | si | ve | reporting | systems | are | v | alu | able | for | si | gn | al | detec | tion | but | can | be | affec | ted | by | under | reporting | s | ti | mul | ated | reporting | and | in | comple | te | clinical | information | ac | tive | surveillance | and | epidemiological | studi | es | can | provide | str | ong | er | esti | m | at | es | of | incidence | and | re | la | tive | risk | cle | ar | communication | should | dis | ting | u | is | h | a | repor | ted | ev | ent | from | a | conf | ir | med | c | a | us | al | re | lation | sh | i | p | vaccine | s | af | e | ty | dec | is | ion | s | are | b | ase | d | on | acc | um | ul | ated | evidence | ra | ther | than | a | single | repor | t | monitor | ing | can | le | ad | to | u | p | dat | ed | w | ar | n | ing | s | recommend | ations | or | con | tin | u | ed | use | when | evidence | su | p | por | ts | a | f | av | or | able | b | en | e | f | it | - | risk | pro | f | ile
D13,13_risk_communication,154,313,risk | communication | during | infectious | disease | events | risk | communication | provides | people | with | information | needed | to | understand | a | public-health | threat | and | make | informed | decisions | effective | communication | should | explain | what | is | known | what | is | uncertain | what | actions | are | recommended | and | why | recommendations | may | change | numbers | should | be | presented | with | context | for | example | a | percentage | without | a | denominator | comparison | group | time | period | or | outcome | can | be | misleading | communicators | should | distinguish | absolute | risk | from | relative | risk | and | avoid | implying | certainty | when | evidence | remains | limited | trust | can | be | supported | by | acknowledging | uncertainty | rather | than | hiding | it | during | a | rapidly | changing | outbreak | evidence | can | evolve | as | new | studies | become | available | explaining | the | reason | for | an | updated | recommendation | can | help | people | understand | that | changing | guidance | does | not | necessarily | mean | that | earlier | information | was | intentionally | misleading | communication | should | also | consider | language | accessibility | cultural | context | and | misinformation | public-health | messages | are | more | useful | when | they | provide | practical | actions | and | identify | reliable | sources | for | additional | information,risk | communication | during | infectious | disease | ev | ents | risk | communication | provid | es | people | with | information | ne | ed | ed | to | under | st | and | a | public | - | health | th | reat | and | ma | k | e | inform | ed | dec | is | ion | s | effec | tive | communication | should | exp | l | ain | what | is | k | no | w | n | what | is | un | cer | tain | what | ac | tions | are | recommend | ed | and | wh | y | recommend | ations | may | change | numb | ers | should | be | pres | ent | ed | with | cont | ex | t | for | ex | am | ple | a | per | c | ent | age | with | out | a | d | en | om | in | ator | comp | ar | is | on | group | time | period | or | outcom | e | can | be | mis | le | ad | ing | communic | ators | should | dis | ting | u | is | h | ab | s | ol | u | te | risk | from | re | la | tive | risk | and | av | o | id | im | p | ly | ing | cer | tain | ty | when | evidence | re | ma | ins | l | im | it | ed | tr | u | st | can | be | su | p | por | ted | by | ac | k | no | w | l | ed | g | ing | un | cer | tain | ty | ra | ther | than | h | id | ing | it | during | a | rap | id | ly | chang | ing | outbreak | evidence | can | ev | ol | ve | as | ne | w | studi | es | bec | ome | av | ail | able | exp | l | ain | ing | the | re | as | on | for | an | u | p | dat | ed | recommend | ation | can | help | people | under | st | and | that | chang | ing | gu | id | an | ce | does | not | n | ec | ess | ar | il | y | me | an | that | e | ar | l | i | er | information | was | in | ten | tion | al | ly | mis | le | ad | ing | communication | should | also | consider | lan | gu | age | access | ib | ility | cul | t | ur | al | cont | ex | t | and | mis | information | public | - | health | m | ess | ag | es | are | m | ore | useful | when | the | y | provide | prac | tical | ac | tions | and | identify | re | l | i | able | s | our | ces | for | ad | di | tion | al | information
D14,14_school_outbreak_prevention,154,334,respiratory | infection | prevention | in | schools | schools | are | environments | where | students | and | staff | interact | frequently | so | respiratory | infections | can | spread | through | close | contact | and | shared | indoor | air | prevention | strategies | should | be | proportionate | to | local | disease | activity | and | the | needs | of | the | school | community | ventilation | can | reduce | accumulation | of | infectious | respiratory | particles | indoors | outdoor | activities | can | provide | lower-risk | alternatives | when | practical | encouraging | people | with | acute | respiratory | illness | to | stay | home | can | reduce | opportunities | for | transmission | schools | can | also | support | routine | vaccination | according | to | national | and | local | recommendations | clear | procedures | for | responding | to | clusters | of | illness | help | staff | identify | when | public-health | consultation | may | be | needed | communication | with | families | should | explain | symptoms | prevention | measures | and | when | students | should | remain | at | home | outbreak | response | should | consider | educational | continuity | as | well | as | disease | control | measures | can | be | targeted | according | to | evidence | rather | than | relying | automatically | on | broad | closures | coordination | among | school | administrators | healthcare | professionals | families | and | public-health | authorities | is | important,respiratory | infection | prevention | in | s | ch | o | ol | s | s | ch | o | ol | s | are | en | vir | on | ments | whe | re | stu | d | ents | and | st | a | ff | inter | act | f | requ | ent | ly | s | o | respiratory | infections | can | s | pre | ad | th | rou | g | h | cl | o | se | contact | and | sh | are | d | ind | o | or | a | ir | prevention | str | ate | g | ies | should | be | pro | por | tion | ate | to | loc | al | disease | ac | tiv | ity | and | the | ne | ed | s | of | the | s | ch | o | ol | community | ven | ti | lation | can | reduce | acc | um | ulation | of | infectious | respiratory | par | tic | l | es | ind | o | or | s | out | do | or | ac | tiv | ities | can | provide | low | er | - | risk | al | ter | n | ati | v | es | when | prac | tical | enc | our | ag | ing | people | with | ac | u | te | respiratory | ill | ness | to | st | a | y | h | ome | can | reduce | op | port | un | ities | for | transmission | s | ch | o | ol | s | can | also | su | p | port | rou | tin | e | vaccination | acc | or | ding | to | n | ational | and | loc | al | recommend | ations | cle | ar | pro | c | ed | u | res | for | respon | ding | to | clu | st | ers | of | ill | ness | help | st | a | ff | identify | when | public | - | health | con | sul | t | ation | may | be | ne | ed | ed | communication | with | f | am | il | ies | should | exp | l | ain | sy | mp | t | om | s | prevention | measures | and | when | stu | d | ents | should | re | ma | in | at | h | ome | outbreak | response | should | consider | ed | u | c | ational | con | tin | u | ity | as | we | l | l | as | disease | contro | l | measures | can | be | t | ar | ge | ted | acc | or | ding | to | evidence | ra | ther | than | re | ly | ing | a | ut | oma | tical | ly | on | b | ro | ad | cl | o | su | res | co | or | d | in | ation | am | ong | s | ch | o | ol | ad | min | is | tr | ators | healthcare | pro | f | ess | ion | als | f | am | il | ies | and | public | - | health | a | u | th | or | ities | is | im | port | ant
D15,15_vulnerable_populations,156,307,protecting | higher-risk | populations | during | respiratory | virus | activity | some | people | have | a | higher | risk | of | severe | outcomes | from | respiratory | infections | because | of | age | underlying | medical | conditions | immune | status | pregnancy | or | other | factors | public-health | planning | can | reduce | harm | by | ensuring | that | higher-risk | groups | have | access | to | vaccination | timely | testing | when | appropriate | clinical | care | and | clear | prevention | information | protection | can | involve | individual | and | community | measures | healthcare | facilities | and | residential | settings | may | use | additional | precautions | during | periods | of | elevated | transmission | family | members | and | caregivers | can | reduce | exposure | opportunities | when | respiratory | viruses | are | circulating | widely | risk | is | not | determined | by | a | single | characteristic | age | vaccination | status | previous | immunity | treatment | access | and | circulating | viral | strains | can | interact | public-health | communication | should | therefore | avoid | assuming | that | all | members | of | a | broad | category | have | identical | risk | equitable | access | is | an | important | part | of | prevention | barriers | such | as | transportation | cost | language | digital | access | and | healthcare | availability | can | affect | whether | people | are | able | to | use | recommended | services,protec | ting | h | ig | h | er | - | risk | population | s | during | respiratory | vir | us | ac | tiv | ity | s | ome | people | have | a | h | ig | h | er | risk | of | se | ve | re | outcom | es | from | respiratory | infections | because | of | age | under | ly | ing | med | ical | condi | tions | immun | e | st | at | us | pre | gn | an | c | y | or | other | f | act | or | s | public | - | health | p | lan | n | ing | can | reduce | h | ar | m | by | en | sur | ing | that | h | ig | h | er | - | risk | group | s | have | access | to | vaccination | time | ly | testing | when | ap | pro | pr | i | ate | clinical | care | and | cle | ar | prevention | information | protec | tion | can | inv | ol | ve | individu | al | and | community | measures | healthcare | f | ac | il | ities | and | res | iden | ti | al | set | ting | s | may | use | ad | di | tion | al | pre | c | a | u | tions | during | period | s | of | e | lev | ated | transmission | f | am | il | y | me | m | b | ers | and | care | g | i | v | ers | can | reduce | exposure | op | port | un | ities | when | respiratory | vir | us | es | are | cir | cul | ating | w | id | e | ly | risk | is | not | de | ter | min | ed | by | a | single | character | is | tic | age | vaccination | st | at | us | pre | vi | ous | immunity | t | reat | ment | access | and | cir | cul | ating | viral | str | ain | s | can | inter | act | public | - | health | communication | should | therefore | av | o | id | assu | ming | that | all | me | m | b | ers | of | a | b | ro | ad | c | ate | g | or | y | have | iden | tical | risk | e | qu | it | able | access | is | an | im | port | ant | par | t | of | prevention | b | ar | r | i | ers | su | ch | as | trans | port | ation | co | st | lan | gu | age | di | g | ital | access | and | healthcare | av | ail | ab | ility | can | affec | t | whe | ther | people | are | able | to | use | recommend | ed | serv | ic | es
D16,16_antiviral_treatment_and_testing,156,338,testing | and | antiviral | treatment | in | covid-19 | care | testing | can | help | identify | sars-cov-2 | infection | and | inform | clinical | or | public-health | decisions | different | tests | have | different | characteristics | molecular | tests | can | detect | viral | genetic | material | while | antigen | tests | detect | viral | proteins | and | may | provide | rapid | results | test | performance | depends | on | timing | specimen | collection | and | the | stage | of | infection | a | negative | result | does | not | always | exclude | infection | particularly | when | testing | occurs | early | or | when | the | test | has | lower | sensitivity | interpretation | should | consider | symptoms | exposure | history | timing | and | the | specific | test | used | antiviral | treatment | is | intended | to | reduce | the | risk | of | severe | disease | in | eligible | patients | eligibility | timing | contraindications | drug | interactions | and | treatment | selection | require | clinical | assessment | public-health | information | should | not | replace | individualized | medical | advice | testing | and | treatment | programs | are | most | effective | when | people | can | access | testing | promptly | and | healthcare | systems | can | evaluate | eligible | patients | without | unnecessary | delay | surveillance | data | can | also | help | authorities | understand | changes | in | testing | demand | and | disease | activity,testing | and | an | ti | viral | t | reat | ment | in | co | vid | - | 19 | care | testing | can | help | identify | s | ar | s | - | co | v | - | 2 | infection | and | inform | clinical | or | public | - | health | dec | is | ion | s | different | tes | ts | have | different | character | is | tic | s | m | ol | ec | ul | ar | tes | ts | can | detec | t | viral | gen | e | tic | m | ater | ial | while | an | ti | gen | tes | ts | detec | t | viral | pro | te | ins | and | may | provide | rap | id | re | sul | ts | tes | t | per | for | m | an | ce | depend | s | on | ti | ming | sp | ec | im | en | c | ol | lec | tion | and | the | st | age | of | infection | a | ne | g | a | tive | re | sul | t | does | not | al | w | a | ys | ex | clu | de | infection | par | tic | ul | ar | ly | when | testing | occur | s | e | ar | ly | or | when | the | tes | t | h | as | low | er | s | en | si | tiv | ity | interpre | t | ation | should | consider | sy | mp | t | om | s | exposure | h | is | t | or | y | ti | ming | and | the | sp | ec | i | f | ic | tes | t | use | d | an | ti | viral | t | reat | ment | is | in | t | end | ed | to | reduce | the | risk | of | se | ve | re | disease | in | e | l | ig | ib | le | p | ati | ents | e | l | ig | ib | ility | ti | ming | con | tr | ain | d | ic | ations | d | r | u | g | inter | ac | tions | and | t | reat | ment | selec | tion | requi | re | clinical | ass | ess | ment | public | - | health | information | should | not | re | pl | ac | e | individu | al | iz | ed | med | ical | ad | v | ic | e | testing | and | t | reat | ment | pro | g | r | am | s | are | mo | st | effec | tive | when | people | can | access | testing | p | rom | p | t | ly | and | healthcare | systems | can | evalu | ate | e | l | ig | ib | le | p | ati | ents | with | out | un | n | ec | ess | ar | y | de | la | y | surveillance | data | can | also | help | a | u | th | or | ities | under | st | and | changes | in | testing | de | m | and | and | disease | ac | tiv | ity
D17,17_misinformation_and_health_literacy,154,351,health | literacy | and | infectious | disease | misinformation | health | literacy | involves | the | ability | to | find | understand | evaluate | and | use | health | information | during | infectious | disease | outbreaks | people | may | encounter | rapidly | changing | information | through | news | social | media | messaging | applications | and | informal | networks | misinformation | can | arise | from | incorrect | information | misunderstanding | outdated | evidence | or | misleading | presentation | of | accurate | facts | a | useful | evaluation | process | checks | the | source | date | evidence | population | studied | and | whether | the | claim | matches | the | underlying | data | health | communication | should | avoid | presenting | preliminary | findings | as | settled | conclusions | a | single | laboratory | experiment | or | small | observational | study | may | not | answer | a | population-level | question | stronger | conclusions | generally | require | evidence | from | multiple | complementary | studies | practical | health | literacy | strategies | include | checking | information | against | recognized | public-health | or | medical | sources | looking | for | the | original | study | when | possible | and | distinguishing | a | reported | association | from | proof | of | causation | clear | explanations | can | reduce | confusion | without | assuming | that | every | person | who | has | encountered | inaccurate | information | is | acting | in | bad | faith,health | l | it | er | ac | y | and | infectious | disease | mis | information | health | l | it | er | ac | y | inv | ol | v | es | the | ab | ility | to | f | ind | under | st | and | evalu | ate | and | use | health | information | during | infectious | disease | outbreak | s | people | may | enc | oun | ter | rap | id | ly | chang | ing | information | th | rou | g | h | ne | w | s | s | oc | ial | med | i | a | m | ess | ag | ing | ap | p | lic | ations | and | inform | al | ne | t | work | s | mis | information | can | ari | se | from | inc | or | re | ct | information | mis | under | st | and | ing | out | dat | ed | evidence | or | mis | le | ad | ing | pres | ent | ation | of | acc | ur | ate | f | ac | ts | a | useful | evalu | ation | pro | c | ess | ch | ec | k | s | the | s | our | ce | d | ate | evidence | population | studi | ed | and | whe | ther | the | cl | a | im | m | at | ch | es | the | under | ly | ing | data | health | communication | should | av | o | id | pres | en | ting | pre | l | im | in | ar | y | f | ind | ing | s | as | set | t | l | ed | con | clu | sion | s | a | single | laboratory | ex | peri | ment | or | s | m | all | observ | ational | stu | d | y | may | not | ans | w | er | a | population | - | leve | l | qu | es | tion | str | ong | er | con | clu | sion | s | gen | er | al | ly | requi | re | evidence | from | mul | ti | ple | comple | ment | ar | y | studi | es | prac | tical | health | l | it | er | ac | y | str | ate | g | ies | inclu | de | ch | ec | k | ing | information | ag | ain | st | re | c | og | n | iz | ed | public | - | health | or | med | ical | s | our | ces | l | o | o | k | ing | for | the | or | ig | in | al | stu | d | y | when | po | s | si | b | le | and | dis | ting | u | is | h | ing | a | repor | ted | ass | oc | i | ation | from | pro | of | of | c | a | us | ation | cle | ar | exp | lan | ations | can | reduce | conf | u | sion | with | out | assu | ming | that | ever | y | person | wh | o | h | as | enc | oun | te | red | in | acc | ur | ate | information | is | ac | ting | in | b | ad | f | a | ith
D18,18_global_outbreak_preparedness,163,380,global | outbreak | preparedness | and | response | outbreak | preparedness | involves | building | the | capacity | to | detect | assess | communicate | about | and | respond | to | infectious | disease | threats | before | they | become | large | emergencies | preparedness | includes | laboratory | capacity | surveillance | systems | trained | personnel | medical | supplies | vaccination | infrastructure | data | systems | and | emergency | coordination | mechanisms | early | detection | depends | on | timely | information | countries | and | institutions | may | use | laboratory | networks | clinical | surveillance | event-based | reporting | genomic | sequencing | and | cross-border | information | sharing | a | signal | does | not | always | represent | a | major | outbreak | but | rapid | assessment | can | determine | whether | further | investigation | is | required | response | planning | includes | clear | roles | and | responsibilities | hospitals | may | need | surge | plans | while | public-health | agencies | may | require | mechanisms | for | contact | tracing | risk | communication | and | resource | allocation | exercises | and | simulations | can | identify | weaknesses | before | a | real | emergency | occurs | preparedness | is | an | ongoing | process | after | an | outbreak | evaluations | can | identify | which | systems | worked | which | failed | and | which | improvements | should | be | institutionalized | investments | in | routine | public-health | capacity | can | strengthen | response | to | multiple | infectious | threats | rather | than | a | single | pathogen,g | l | ob | al | outbreak | pre | pare | d | ness | and | response | outbreak | pre | pare | d | ness | inv | ol | v | es | b | u | il | ding | the | c | ap | ac | ity | to | detec | t | ass | ess | communic | ate | ab | out | and | respon | d | to | infectious | disease | th | reat | s | be | fore | the | y | bec | ome | l | ar | ge | em | er | g | enc | ies | pre | pare | d | ness | inclu | des | laboratory | c | ap | ac | ity | surveillance | systems | tr | ain | ed | person | ne | l | med | ical | su | p | pl | ies | vaccination | inf | r | as | tr | u | ct | u | re | data | systems | and | em | er | g | enc | y | co | or | d | in | ation | m | ec | h | an | is | m | s | e | ar | ly | detec | tion | depend | s | on | time | ly | information | c | oun | tr | ies | and | ins | ti | t | u | tions | may | use | laboratory | ne | t | work | s | clinical | surveillance | ev | ent | - | b | ase | d | reporting | gen | om | ic | sequ | enc | ing | and | c | ro | s | s | - | b | or | der | information | sh | ar | ing | a | si | gn | al | does | not | al | w | a | ys | re | pres | ent | a | ma | j | or | outbreak | but | rap | id | ass | ess | ment | can | de | ter | m | ine | whe | ther | f | ur | ther | investig | ation | is | requi | red | response | p | lan | n | ing | inclu | des | cle | ar | ro | l | es | and | respon | si | b | il | ities | hosp | it | als | may | ne | ed | sur | ge | p | lan | s | while | public | - | health | ag | enc | ies | may | requi | re | m | ec | h | an | is | m | s | for | contact | trac | ing | risk | communication | and | res | our | ce | al | loc | ation | ex | er | c | is | es | and | si | m | ulation | s | can | identify | we | ak | ness | es | be | fore | a | re | al | em | er | g | enc | y | occur | s | pre | pare | d | ness | is | an | ong | o | ing | pro | c | ess | after | an | outbreak | evalu | ations | can | identify | which | systems | work | ed | which | f | ail | ed | and | which | im | pro | ve | ments | should | be | ins | ti | t | u | tion | al | iz | ed | inv | es | t | ments | in | rou | tin | e | public | - | health | c | ap | ac | ity | can | st | ren | g | th | en | response | to | mul | ti | ple | infectious | th | reat | s | ra | ther | than | a | single | p | a | th | og | en
D19,19_epidemiological_models,163,383,epidemiological | models | for | infectious | disease | planning | mathematical | and | computational | models | can | help | researchers | explore | how | infectious | diseases | may | spread | under | different | assumptions | compartmental | models | such | as | sir | divide | populations | into | categories | such | as | susceptible | infected | and | recovered | more | detailed | models | can | add | age | groups | vaccination | status | hospitalization | geographic | structure | or | other | characteristics | models | are | not | crystal | balls | their | outputs | depend | on | assumptions | parameter | estimates | data | quality | and | the | scenario | being | examined | a | model | can | be | useful | even | when | its | exact | numerical | forecast | is | uncertain | because | it | can | show | how | outcomes | change | when | assumptions | change | model | calibration | uses | observed | data | to | estimate | parameters | or | evaluate | whether | simulated | trajectories | are | consistent | with | historical | patterns | validation | and | sensitivity | analysis | can | identify | which | assumptions | have | the | greatest | effect | on | results | public-health | decision-makers | should | interpret | model | outputs | alongside | surveillance | data | and | expert | assessment | scenario | projections | are | particularly | sensitive | to | changes | in | behavior | immunity | viral | characteristics | interventions | and | healthcare | capacity | transparent | reporting | of | assumptions | and | uncertainty | is | therefore | essential,epidemiological | mode | ls | for | infectious | disease | p | lan | n | ing | ma | the | ma | tical | and | com | pu | t | ational | mode | ls | can | help | re | se | ar | ch | ers | exp | l | ore | h | ow | infectious | dise | ases | may | s | pre | ad | under | different | assu | mp | tions | comp | ar | t | ment | al | mode | ls | su | ch | as | s | ir | divid | e | population | s | in | to | c | ate | g | or | ies | su | ch | as | su | s | ce | p | ti | b | le | infec | ted | and | re | co | ve | red | m | ore | de | t | ail | ed | mode | ls | can | ad | d | age | group | s | vaccination | st | at | us | hospital | iz | ation | ge | og | rap | h | ic | str | u | ct | u | re | or | other | character | is | tic | s | mode | ls | are | not | cr | y | st | al | b | al | ls | the | ir | out | pu | ts | depend | on | assu | mp | tions | par | a | me | ter | esti | m | at | es | data | qu | al | ity | and | the | s | c | en | ari | o | be | ing | ex | am | in | ed | a | mode | l | can | be | useful | ev | en | when | it | s | ex | act | num | er | ical | fore | c | as | t | is | un | cer | tain | because | it | can | sh | ow | h | ow | outcom | es | change | when | assu | mp | tions | change | mode | l | c | al | ib | r | ation | us | es | observ | ed | data | to | esti | m | ate | par | a | me | ter | s | or | evalu | ate | whe | ther | si | mul | ated | tr | a | j | ec | t | or | ies | are | cons | is | t | ent | with | h | is | t | or | ical | p | at | ter | n | s | val | id | ation | and | s | en | si | tiv | ity | an | al | ys | is | can | identify | which | assu | mp | tions | have | the | g | reat | es | t | effec | t | on | re | sul | ts | public | - | health | dec | is | ion | - | ma | k | ers | should | interpre | t | mode | l | out | pu | ts | al | ong | s | id | e | surveillance | data | and | ex | per | t | ass | ess | ment | s | c | en | ari | o | pro | j | ec | tions | are | par | tic | ul | ar | ly | s | en | si | tive | to | changes | in | be | ha | vi | or | immunity | viral | character | is | tic | s | inter | ven | tions | and | healthcare | c | ap | ac | ity | trans | pare | n | t | reporting | of | assu | mp | tions | and | un | cer | tain | ty | is | therefore | ess | en | ti | al
D20,20_post_outbreak_evaluation,161,342,evaluating | public | health | responses | after | an | outbreak | after | an | infectious | disease | outbreak | a | structured | evaluation | can | examine | what | happened | which | interventions | were | implemented | how | quickly | systems | responded | and | what | improvements | are | needed | evaluation | should | consider | epidemiological | outcomes | as | well | as | operational | social | and | economic | consequences | useful | indicators | may | include | time | from | signal | detection | to | investigation | testing | turnaround | time | vaccination | coverage | hospitalization | trends | healthcare | capacity | communication | reach | and | the | timeliness | of | public-health | reporting | the | exact | measures | depend | on | the | outbreak | and | the | objectives | of | the | response | evaluation | should | distinguish | correlation | from | causation | a | decline | in | cases | after | an | intervention | does | not | automatically | prove | that | the | intervention | caused | the | decline | because | transmission | can | also | change | due | to | immunity | behavior | seasonality | or | other | factors | after-action | reviews | can | translate | findings | into | concrete | improvements | these | may | include | updating | response | plans | strengthening | laboratory | networks | improving | data | interoperability | expanding | workforce | training | or | revising | communication | procedures | the | goal | is | to | convert | experience | into | preparedness | for | future | infectious | disease | events,evalu | ating | public | health | respon | s | es | after | an | outbreak | after | an | infectious | disease | outbreak | a | str | u | ct | u | red | evalu | ation | can | ex | am | ine | what | h | ap | p | en | ed | which | inter | ven | tions | we | re | im | ple | ment | ed | h | ow | qu | ic | k | ly | systems | respon | d | ed | and | what | im | pro | ve | ments | are | ne | ed | ed | evalu | ation | should | consider | epidemiological | outcom | es | as | we | l | l | as | op | er | ational | s | oc | ial | and | ec | on | om | ic | con | sequ | enc | es | useful | indicators | may | inclu | de | time | from | si | gn | al | detec | tion | to | investig | ation | testing | t | ur | n | ar | oun | d | time | vaccination | co | ver | age | hospital | iz | ation | t | ren | d | s | healthcare | c | ap | ac | ity | communication | re | ac | h | and | the | time | l | in | ess | of | public | - | health | reporting | the | ex | act | measures | depend | on | the | outbreak | and | the | ob | j | ec | tiv | es | of | the | response | evalu | ation | should | dis | ting | u | is | h | c | or | re | lation | from | c | a | us | ation | a | dec | l | ine | in | cases | after | an | inter | vention | does | not | a | ut | oma | tical | ly | pro | ve | that | the | inter | vention | c | ause | d | the | dec | l | ine | because | transmission | can | also | change | du | e | to | immunity | be | ha | vi | or | se | as | on | al | ity | or | other | f | act | or | s | after | - | ac | tion | re | vi | e | w | s | can | trans | l | ate | f | ind | ing | s | in | to | con | c | re | te | im | pro | ve | ments | th | es | e | may | inclu | de | u | p | d | ating | response | p | lan | s | st | ren | g | th | en | ing | laboratory | ne | t | work | s | im | pro | v | ing | data | inter | op | er | ab | ility | exp | and | ing | work | for | ce | tr | ain | ing | or | re | v | is | ing | communication | pro | c | ed | u | res | the | g | o | al | is | to | con | ver | t | ex | peri | ence | in | to | pre | pare | d | ness | for | f | ut | u | re | infectious | disease | ev | ents
