document_id,sentence_number,token,nltk_default_pos,ml_pos,taggers_agree
D01,1,COVID-19,JJ,CD,False
D01,1,Transmission,NNP,NN,False
D01,1,and,CC,CC,True
D01,1,Community,NNP,NNP,True
D01,1,Prevention,NNP,NNP,True
D01,1,COVID-19,NNP,NNP,True
D01,1,is,VBZ,VBZ,True
D01,1,caused,VBN,VBN,True
D01,1,by,IN,IN,True
D01,1,infection,NN,NN,True
D01,1,with,IN,IN,True
D01,1,SARS-CoV-2,NNP,CD,False
D01,1,.,.,.,True
D01,2,Transmission,NN,NN,True
D01,2,can,MD,MD,True
D01,2,occur,VB,VB,True
D01,2,when,WRB,WRB,True
D01,2,an,DT,DT,True
D01,2,infected,JJ,VBN,False
D01,2,person,NN,NN,True
D01,2,releases,VBZ,NNS,False
D01,2,respiratory,JJ,NN,False
D01,2,particles,NNS,VBZ,False
D01,2,while,IN,IN,True
D01,2,breathing,VBG,NN,False
D01,2,",",",",",",True
D01,2,speaking,NN,NN,True
D01,2,",",",",",",True
D01,2,coughing,VBG,NN,False
D01,2,",",",",",",True
D01,2,or,CC,CC,True
D01,2,sneezing,VBG,VBG,True
D01,2,.,.,.,True
D01,3,Risk,NNP,VB,False
D01,3,generally,RB,RB,True
D01,3,increases,VBZ,NNS,False
D01,3,in,IN,IN,True
D01,3,crowded,VBN,VBD,False
D01,3,or,CC,CC,True
D01,3,poorly,RB,RB,True
D01,3,ventilated,VBN,VBN,True
D01,3,indoor,JJ,NN,False
D01,3,environments,NNS,NNS,True
D01,3,and,CC,CC,True
D01,3,when,WRB,WRB,True
D01,3,people,NNS,NNS,True
D01,3,are,VBP,VBP,True
D01,3,in,IN,IN,True
D01,3,close,JJ,NN,False
D01,3,proximity,NN,NN,True
D01,3,for,IN,IN,True
D01,3,prolonged,JJ,VBN,False
D01,3,periods,NNS,NNS,True
D01,3,.,.,.,True
D01,4,Prevention,NN,NN,True
D01,4,therefore,RB,RB,True
D01,4,combines,VBZ,VBZ,True
D01,4,several,JJ,JJ,True
D01,4,measures,NNS,NNS,True
D01,4,rather,RB,RB,True
D01,4,than,IN,IN,True
D01,4,relying,VBG,VBG,True
D01,4,on,IN,IN,True
D01,4,a,DT,DT,True
D01,4,single,JJ,JJ,True
D01,4,intervention,NN,NN,True
D01,4,.,.,.,True
D01,5,Improving,VBG,VBG,True
D01,5,indoor,JJ,NN,False
D01,5,ventilation,NN,NN,True
D01,5,and,CC,CC,True
D01,5,filtration,NN,NN,True
D01,5,can,MD,MD,True
D01,5,reduce,VB,VB,True
D01,5,the,DT,DT,True
D01,5,concentration,NN,NN,True
D01,5,of,IN,IN,True
D01,5,infectious,JJ,JJ,True
D01,5,particles,NNS,NNS,True
D01,5,in,IN,IN,True
D01,5,shared,VBN,VBN,True
D01,5,air,NN,NN,True
D01,5,.,.,.,True
D01,6,Staying,VBG,VBG,True
D01,6,home,NN,NN,True
D01,6,when,WRB,WRB,True
D01,6,acutely,RB,RB,True
D01,6,ill,VB,JJ,False
D01,6,can,MD,MD,True
D01,6,reduce,VB,VB,True
D01,6,exposure,NN,NN,True
D01,6,to,TO,TO,True
D01,6,other,JJ,JJ,True
D01,6,people,NNS,NNS,True
D01,6,.,.,.,True
D01,7,Mask,NNP,NNP,True
D01,7,use,NN,VBP,False
D01,7,can,MD,MD,True
D01,7,provide,VB,VB,True
D01,7,an,DT,DT,True
D01,7,additional,JJ,JJ,True
D01,7,layer,NN,NN,True
D01,7,of,IN,IN,True
D01,7,protection,NN,NN,True
D01,7,in,IN,IN,True
D01,7,settings,NNS,NNS,True
D01,7,where,WRB,WRB,True
D01,7,respiratory,NN,NN,True
D01,7,virus,NN,NN,True
D01,7,transmission,NN,NN,True
D01,7,is,VBZ,VBZ,True
D01,7,elevated,VBN,VBN,True
D01,7,or,CC,CC,True
D01,7,where,WRB,WRB,True
D01,7,vulnerable,JJ,JJ,True
D01,7,people,NNS,NNS,True
D01,7,are,VBP,VBP,True
D01,7,present,JJ,JJ,True
D01,7,.,.,.,True
D01,8,Hand,NNP,NNP,True
D01,8,hygiene,NN,NNP,False
D01,8,remains,VBZ,VBZ,True
D01,8,useful,JJ,JJ,True
D01,8,for,IN,IN,True
D01,8,reducing,VBG,VBG,True
D01,8,transmission,NN,NN,True
D01,8,of,IN,IN,True
D01,8,many,JJ,JJ,True
D01,8,infections,NNS,NNS,True
D01,8,",",",",",",True
D01,8,although,IN,IN,True
D01,8,respiratory,JJ,JJ,True
D01,8,transmission,NN,NN,True
D01,8,is,VBZ,VBZ,True
D01,8,a,DT,DT,True
D01,8,major,JJ,JJ,True
D01,8,route,NN,NN,True
D01,8,for,IN,IN,True
D01,8,COVID-19,NNP,CD,False
D01,8,.,.,.,True
D01,9,Vaccination,NN,NN,True
D01,9,is,VBZ,VBZ,True
D01,9,an,DT,DT,True
D01,9,important,JJ,JJ,True
D01,9,prevention,NN,NN,True
D01,9,measure,NN,NN,True
D01,9,because,IN,IN,True
D01,9,it,PRP,PRP,True
D01,9,prepares,VBZ,VBZ,True
D01,9,the,DT,DT,True
D01,9,immune,NN,JJ,False
D01,9,system,NN,NN,True
D01,9,to,TO,TO,True
D01,9,respond,VB,VB,True
D01,9,to,TO,TO,True
D01,9,the,DT,DT,True
D01,9,virus,NN,NN,True
D01,9,.,.,.,True
D01,10,Vaccine,NNP,NNP,True
D01,10,protection,NN,NNP,False
D01,10,against,IN,IN,True
D01,10,infection,NN,NN,True
D01,10,can,MD,MD,True
D01,10,change,VB,VB,True
D01,10,over,IN,RP,False
D01,10,time,NN,NN,True
D01,10,and,CC,CC,True
D01,10,across,IN,IN,True
D01,10,variants,NNS,NNS,True
D01,10,",",",",",",True
D01,10,while,IN,IN,True
D01,10,protection,NN,NN,True
D01,10,against,IN,IN,True
D01,10,severe,JJ,JJ,True
D01,10,disease,NN,NN,True
D01,10,can,MD,MD,True
D01,10,remain,VB,VB,True
D01,10,stronger,JJR,JJR,True
D01,10,.,.,.,True
D01,11,Public-health,NN,NN,True
D01,11,programs,NNS,NNS,True
D01,11,therefore,RB,RB,True
D01,11,consider,VBP,VBP,True
D01,11,vaccination,NN,NN,True
D01,11,together,RB,RP,False
D01,11,with,IN,IN,True
D01,11,surveillance,NN,NN,True
D01,11,",",",",",",True
D01,11,clinical,JJ,JJ,True
D01,11,care,NN,NN,True
D01,11,",",",",",",True
D01,11,ventilation,NN,NN,True
D01,11,",",",",",",True
D01,11,and,CC,CC,True
D01,11,risk-based,JJ,JJ,True
D01,11,protective,JJ,JJ,True
D01,11,measures,NNS,NNS,True
D01,11,.,.,.,True
D01,12,Community,NNP,NNP,True
D01,12,prevention,NN,NNP,False
D01,12,works,VBZ,VBZ,True
D01,12,best,RBS,JJS,False
D01,12,when,WRB,WRB,True
D01,12,measures,NNS,NNS,True
D01,12,are,VBP,VBP,True
D01,12,matched,VBN,VBN,True
D01,12,to,TO,TO,True
D01,12,the,DT,DT,True
D01,12,local,JJ,JJ,True
D01,12,epidemiological,JJ,JJ,True
D01,12,situation,NN,NN,True
D01,12,.,.,.,True
D01,13,Public-health,NNP,NN,False
D01,13,authorities,NNS,NNS,True
D01,13,may,MD,MD,True
D01,13,use,VB,VB,True
D01,13,indicators,NNS,NNS,True
D01,13,such,JJ,JJ,True
D01,13,as,IN,IN,True
D01,13,reported,JJ,VBN,False
D01,13,cases,NNS,NNS,True
D01,13,",",",",",",True
D01,13,hospitalizations,NNS,NNS,True
D01,13,",",",",",",True
D01,13,wastewater,NN,NN,True
D01,13,signals,NNS,NNS,True
D01,13,",",",",",",True
D01,13,and,CC,CC,True
D01,13,outbreak,JJ,JJ,True
D01,13,reports,NNS,NNS,True
D01,13,to,TO,TO,True
D01,13,guide,VB,VB,True
D01,13,communication,NN,NN,True
D01,13,and,CC,CC,True
D01,13,interventions,NNS,NNS,True
D01,13,.,.,.,True
D01,14,Individuals,NNS,NNS,True
D01,14,can,MD,MD,True
D01,14,reduce,VB,VB,True
D01,14,risk,NN,VB,False
D01,14,by,IN,IN,True
D01,14,considering,VBG,VBG,True
D01,14,the,DT,DT,True
D01,14,intensity,NN,NN,True
D01,14,of,IN,IN,True
D01,14,local,JJ,JJ,True
D01,14,transmission,NN,NN,True
D01,14,",",",",",",True
D01,14,their,PRP$,PRP$,True
D01,14,own,JJ,JJ,True
D01,14,health,NN,NN,True
D01,14,risks,NNS,NNS,True
D01,14,",",",",",",True
D01,14,and,CC,CC,True
D01,14,the,DT,DT,True
D01,14,vulnerability,NN,NN,True
D01,14,of,IN,IN,True
D01,14,people,NNS,NNS,True
D01,14,around,IN,IN,True
D01,14,them,PRP,PRP,True
D01,14,.,.,.,True
D02,1,COVID-19,JJ,CD,False
D02,1,Vaccination,NN,NNP,False
D02,1,:,:,:,True
D02,1,Basic,JJ,JJ,True
D02,1,Concepts,NNP,NNS,False
D02,1,COVID-19,NNP,JJ,False
D02,1,vaccines,NNS,NNS,True
D02,1,are,VBP,VBP,True
D02,1,designed,VBN,VBN,True
D02,1,to,TO,TO,True
D02,1,stimulate,VB,VB,True
D02,1,an,DT,DT,True
D02,1,immune,JJ,JJ,True
D02,1,response,NN,NN,True
D02,1,against,IN,IN,True
D02,1,SARS-CoV-2,NNP,CD,False
D02,1,without,IN,IN,True
D02,1,requiring,VBG,VBG,True
D02,1,a,DT,DT,True
D02,1,person,NN,NN,True
D02,1,to,TO,TO,True
D02,1,experience,VB,VB,True
D02,1,the,DT,DT,True
D02,1,disease,NN,NN,True
D02,1,itself,PRP,PRP,True
D02,1,.,.,.,True
D02,2,Different,JJ,JJ,True
D02,2,vaccine,NN,NN,True
D02,2,platforms,NNS,NNS,True
D02,2,can,MD,MD,True
D02,2,present,VB,VB,True
D02,2,viral,JJ,JJ,True
D02,2,information,NN,NN,True
D02,2,to,TO,TO,True
D02,2,the,DT,DT,True
D02,2,immune,NN,JJ,False
D02,2,system,NN,NN,True
D02,2,in,IN,IN,True
D02,2,different,JJ,JJ,True
D02,2,ways,NNS,NNS,True
D02,2,.,.,.,True
D02,3,After,IN,IN,True
D02,3,vaccination,NN,NN,True
D02,3,",",",",",",True
D02,3,immune,JJ,JJ,True
D02,3,cells,NNS,NNS,True
D02,3,can,MD,MD,True
D02,3,recognize,VB,VB,True
D02,3,relevant,JJ,JJ,True
D02,3,viral,JJ,JJ,True
D02,3,components,NNS,NNS,True
D02,3,and,CC,CC,True
D02,3,mount,VB,VB,True
D02,3,a,DT,DT,True
D02,3,faster,JJR,JJR,True
D02,3,response,NN,NN,True
D02,3,when,WRB,WRB,True
D02,3,exposed,VBN,VBN,True
D02,3,later,RB,JJ,False
D02,3,.,.,.,True
D02,4,Vaccination,NN,NN,True
D02,4,does,VBZ,VBZ,True
D02,4,not,RB,RB,True
D02,4,guarantee,VB,NN,False
D02,4,that,IN,IN,True
D02,4,a,DT,DT,True
D02,4,person,NN,NN,True
D02,4,will,MD,MD,True
D02,4,never,RB,RB,True
D02,4,become,VB,VB,True
D02,4,infected,JJ,VBN,False
D02,4,.,.,.,True
D02,5,Vaccine,NNP,NNP,True
D02,5,effectiveness,NN,NNP,False
D02,5,varies,NNS,NNS,True
D02,5,by,IN,IN,True
D02,5,outcome,NN,JJ,False
D02,5,",",",",",",True
D02,5,product,NN,NN,True
D02,5,",",",",",",True
D02,5,population,NN,NN,True
D02,5,",",",",",",True
D02,5,time,NN,NN,True
D02,5,since,IN,IN,True
D02,5,vaccination,NN,NN,True
D02,5,",",",",",",True
D02,5,and,CC,CC,True
D02,5,circulating,VBG,NNP,False
D02,5,variant,NN,NNP,False
D02,5,.,.,.,True
D02,6,Public-health,NNP,NN,False
D02,6,evaluation,NN,NN,True
D02,6,commonly,RB,RB,True
D02,6,distinguishes,VBZ,VBZ,True
D02,6,protection,NN,NN,True
D02,6,against,IN,IN,True
D02,6,infection,NN,NN,True
D02,6,",",",",",",True
D02,6,symptomatic,JJ,JJ,True
D02,6,disease,NN,NN,True
D02,6,",",",",",",True
D02,6,hospitalization,NN,NN,True
D02,6,",",",",",",True
D02,6,and,CC,CC,True
D02,6,death,NN,NN,True
D02,6,.,.,.,True
D02,7,These,DT,DT,True
D02,7,outcomes,NNS,NNS,True
D02,7,should,MD,MD,True
D02,7,not,RB,RB,True
D02,7,be,VB,VB,True
D02,7,treated,VBN,VBN,True
D02,7,as,IN,IN,True
D02,7,interchangeable,JJ,JJ,True
D02,7,.,.,.,True
D02,8,Immunity,NN,NN,True
D02,8,can,MD,MD,True
D02,8,change,VB,VB,True
D02,8,over,IN,RP,False
D02,8,time,NN,NN,True
D02,8,.,.,.,True
D02,9,Previous,JJ,JJ,True
D02,9,infection,NN,NN,True
D02,9,may,MD,MD,True
D02,9,also,RB,RB,True
D02,9,contribute,VB,VB,True
D02,9,to,TO,TO,True
D02,9,immune,VB,JJ,False
D02,9,protection,NN,NN,True
D02,9,",",",",",",True
D02,9,producing,VBG,VBG,True
D02,9,what,WP,WP,True
D02,9,researchers,NNS,NNS,True
D02,9,often,RB,RB,True
D02,9,describe,VBP,VBP,True
D02,9,as,IN,IN,True
D02,9,hybrid,JJ,JJ,True
D02,9,immunity,NN,NN,True
D02,9,when,WRB,WRB,True
D02,9,vaccination,NN,NN,True
D02,9,and,CC,CC,True
D02,9,infection,NN,NN,True
D02,9,have,VBP,VBP,True
D02,9,both,DT,DT,True
D02,9,occurred,VBN,VBD,False
D02,9,.,.,.,True
D02,10,Because,IN,IN,True
D02,10,immunity,NN,NN,True
D02,10,and,CC,CC,True
D02,10,circulating,NN,VBG,False
D02,10,viruses,NNS,NNS,True
D02,10,change,VBP,NN,False
D02,10,",",",",",",True
D02,10,vaccination,NN,NN,True
D02,10,recommendations,NNS,NNS,True
D02,10,may,MD,MD,True
D02,10,be,VB,VB,True
D02,10,updated,VBN,VBN,True
D02,10,as,IN,IN,True
D02,10,evidence,NN,NN,True
D02,10,develops,NNS,NNS,True
D02,10,.,.,.,True
D02,11,When,WRB,WRB,True
D02,11,communicating,VBG,VBG,True
D02,11,about,IN,IN,True
D02,11,vaccines,NNS,NNS,True
D02,11,",",",",",",True
D02,11,it,PRP,PRP,True
D02,11,is,VBZ,VBZ,True
D02,11,useful,JJ,JJ,True
D02,11,to,TO,TO,True
D02,11,distinguish,VB,JJ,False
D02,11,relative,JJ,JJ,True
D02,11,risk,NN,NN,True
D02,11,",",",",",",True
D02,11,absolute,NN,NNP,False
D02,11,risk,NN,NNP,False
D02,11,",",",",",",True
D02,11,vaccine,NN,NNP,False
D02,11,effectiveness,NN,NNP,False
D02,11,",",",",",",True
D02,11,and,CC,CC,True
D02,11,adverse-event,JJ,JJ,True
D02,11,rates,NNS,NNS,True
D02,11,.,.,.,True
D02,12,A,DT,DT,True
D02,12,clear,JJ,JJ,True
D02,12,explanation,NN,NN,True
D02,12,should,MD,MD,True
D02,12,specify,VB,VB,True
D02,12,the,DT,DT,True
D02,12,population,NN,NN,True
D02,12,",",",",",",True
D02,12,comparison,NN,NN,True
D02,12,group,NN,NN,True
D02,12,",",",",",",True
D02,12,time,NN,NN,True
D02,12,period,NN,NN,True
D02,12,",",",",",",True
D02,12,and,CC,CC,True
D02,12,health,NN,NN,True
D02,12,outcome,NN,NN,True
D02,12,.,.,.,True
D02,13,This,DT,DT,True
D02,13,prevents,VBZ,VBZ,True
D02,13,misleading,JJ,NN,False
D02,13,conclusions,NNS,NNS,True
D02,13,from,IN,IN,True
D02,13,a,DT,DT,True
D02,13,single,JJ,JJ,True
D02,13,percentage,NN,NN,True
D02,13,or,CC,CC,True
D02,13,isolated,VBN,VBN,True
D02,13,statistic,JJ,JJ,True
D02,13,.,.,.,True
D03,1,Evaluating,VBG,VBG,True
D03,1,Vaccine,NNP,NNP,True
D03,1,Effectiveness,NNP,NNP,True
D03,1,Vaccine,NNP,NNP,True
D03,1,effectiveness,NN,NN,True
D03,1,is,VBZ,VBZ,True
D03,1,usually,RB,RB,True
D03,1,estimated,VBN,VBN,True
D03,1,by,IN,IN,True
D03,1,comparing,VBG,VBG,True
D03,1,disease,NN,NN,True
D03,1,outcomes,NNS,NNS,True
D03,1,between,IN,IN,True
D03,1,vaccinated,VBN,VBN,True
D03,1,and,CC,CC,True
D03,1,comparison,JJ,NN,False
D03,1,groups,NNS,NNS,True
D03,1,under,IN,IN,True
D03,1,real-world,JJ,NN,False
D03,1,conditions,NNS,NNS,True
D03,1,.,.,.,True
D03,2,Observational,JJ,JJ,True
D03,2,studies,NNS,NNS,True
D03,2,may,MD,MD,True
D03,2,use,VB,VB,True
D03,2,cohort,NN,JJ,False
D03,2,",",",",",",True
D03,2,case-control,NN,JJ,False
D03,2,",",",",",",True
D03,2,or,CC,CC,True
D03,2,test-negative,JJ,JJ,True
D03,2,designs,NNS,NNS,True
D03,2,.,.,.,True
D03,3,Researchers,NNS,NNS,True
D03,3,must,MD,MD,True
D03,3,account,VB,VB,True
D03,3,for,IN,IN,True
D03,3,factors,NNS,NNS,True
D03,3,such,JJ,JJ,True
D03,3,as,IN,IN,True
D03,3,age,NN,NN,True
D03,3,",",",",",",True
D03,3,prior,JJ,RB,False
D03,3,infection,NN,NN,True
D03,3,",",",",",",True
D03,3,underlying,JJ,VBG,False
D03,3,conditions,NNS,NNS,True
D03,3,",",",",",",True
D03,3,healthcare-seeking,JJ,JJ,True
D03,3,behavior,NN,NN,True
D03,3,",",",",",",True
D03,3,exposure,NN,NN,True
D03,3,patterns,NNS,NNS,True
D03,3,",",",",",",True
D03,3,and,CC,CC,True
D03,3,calendar,NN,NN,True
D03,3,period,NN,NN,True
D03,3,.,.,.,True
D03,4,Randomized,VBN,NNP,False
D03,4,controlled,JJ,VBD,False
D03,4,trials,NNS,NNS,True
D03,4,can,MD,MD,True
D03,4,provide,VB,VB,True
D03,4,strong,JJ,JJ,True
D03,4,evidence,NN,NN,True
D03,4,about,IN,IN,True
D03,4,efficacy,NN,NN,True
D03,4,under,IN,IN,True
D03,4,defined,VBN,VBN,True
D03,4,study,NN,NN,True
D03,4,conditions,NNS,NNS,True
D03,4,",",",",",",True
D03,4,while,IN,IN,True
D03,4,observational,JJ,JJ,True
D03,4,studies,NNS,NNS,True
D03,4,are,VBP,VBP,True
D03,4,especially,RB,RB,True
D03,4,useful,JJ,JJ,True
D03,4,after,IN,IN,True
D03,4,vaccines,NNS,NNS,True
D03,4,are,VBP,VBP,True
D03,4,deployed,VBN,VBN,True
D03,4,at,IN,IN,True
D03,4,large,JJ,JJ,True
D03,4,scale,NN,NN,True
D03,4,.,.,.,True
D03,5,Real-world,NNP,NNP,True
D03,5,effectiveness,NN,NNP,False
D03,5,may,MD,MD,True
D03,5,differ,VB,VB,True
D03,5,from,IN,IN,True
D03,5,trial,NN,NN,True
D03,5,efficacy,NN,NN,True
D03,5,because,IN,IN,True
D03,5,populations,NNS,NNS,True
D03,5,",",",",",",True
D03,5,exposure,NN,NN,True
D03,5,levels,NNS,NNS,True
D03,5,",",",",",",True
D03,5,circulating,VBG,VBG,True
D03,5,variants,NNS,NNS,True
D03,5,",",",",",",True
D03,5,and,CC,CC,True
D03,5,vaccination,NN,NN,True
D03,5,schedules,NNS,NNS,True
D03,5,differ,VBP,VBP,True
D03,5,.,.,.,True
D03,6,A,DT,DT,True
D03,6,useful,JJ,JJ,True
D03,6,interpretation,NN,NN,True
D03,6,of,IN,IN,True
D03,6,vaccine,NN,JJ,False
D03,6,effectiveness,NN,NN,True
D03,6,requires,VBZ,VBZ,True
D03,6,knowing,VBG,VBG,True
D03,6,the,DT,DT,True
D03,6,endpoint,NN,NN,True
D03,6,.,.,.,True
D03,7,For,IN,IN,True
D03,7,example,NN,NN,True
D03,7,",",",",",",True
D03,7,effectiveness,NN,NN,True
D03,7,against,IN,IN,True
D03,7,hospitalization,NN,NN,True
D03,7,is,VBZ,VBZ,True
D03,7,a,DT,DT,True
D03,7,different,JJ,JJ,True
D03,7,quantity,NN,NN,True
D03,7,from,IN,IN,True
D03,7,effectiveness,NN,NN,True
D03,7,against,IN,IN,True
D03,7,infection,NN,NN,True
D03,7,.,.,.,True
D03,8,Waning,VBG,NNP,False
D03,8,protection,NN,NNP,False
D03,8,may,MD,NNP,False
D03,8,also,RB,RB,True
D03,8,appear,VB,VB,True
D03,8,differently,RB,RB,True
D03,8,for,IN,IN,True
D03,8,different,JJ,JJ,True
D03,8,outcomes,NNS,NNS,True
D03,8,.,.,.,True
D03,9,Researchers,NNS,NNS,True
D03,9,may,MD,MD,True
D03,9,stratify,VB,VB,True
D03,9,results,NNS,NNS,True
D03,9,by,IN,IN,True
D03,9,age,NN,NN,True
D03,9,",",",",",",True
D03,9,time,NN,NN,True
D03,9,since,IN,IN,True
D03,9,vaccination,NN,NN,True
D03,9,",",",",",",True
D03,9,product,NN,NN,True
D03,9,",",",",",",True
D03,9,or,CC,CC,True
D03,9,variant,JJ,JJ,True
D03,9,period,NN,NN,True
D03,9,.,.,.,True
D03,10,Confounding,VBG,VBG,True
D03,10,and,CC,CC,True
D03,10,selection,NN,NN,True
D03,10,bias,NNS,NN,False
D03,10,are,VBP,VBP,True
D03,10,important,JJ,JJ,True
D03,10,limitations,NNS,NNS,True
D03,10,in,IN,IN,True
D03,10,observational,JJ,JJ,True
D03,10,vaccine,NN,NN,True
D03,10,studies,NNS,NNS,True
D03,10,.,.,.,True
D03,11,Statistical,JJ,JJ,True
D03,11,adjustment,NN,NN,True
D03,11,can,MD,MD,True
D03,11,reduce,VB,VB,True
D03,11,some,DT,DT,True
D03,11,biases,NNS,NNS,True
D03,11,",",",",",",True
D03,11,but,CC,CC,True
D03,11,it,PRP,PRP,True
D03,11,cannot,VBZ,RB,False
D03,11,guarantee,NN,VBP,False
D03,11,that,WDT,IN,False
D03,11,every,DT,DT,True
D03,11,relevant,JJ,JJ,True
D03,11,difference,NN,NN,True
D03,11,between,IN,IN,True
D03,11,groups,NNS,NNS,True
D03,11,has,VBZ,VBZ,True
D03,11,been,VBN,VBN,True
D03,11,measured,VBN,VBN,True
D03,11,.,.,.,True
D03,12,Results,NNS,NNS,True
D03,12,should,MD,MD,True
D03,12,therefore,RB,RB,True
D03,12,be,VB,VB,True
D03,12,interpreted,VBN,VBN,True
D03,12,in,IN,IN,True
D03,12,the,DT,DT,True
D03,12,context,NN,NN,True
D03,12,of,IN,IN,True
D03,12,study,NN,NN,True
D03,12,design,NN,NN,True
D03,12,",",",",",",True
D03,12,uncertainty,NN,NN,True
D03,12,intervals,NNS,NNS,True
D03,12,",",",",",",True
D03,12,sample,NN,JJ,False
D03,12,size,NN,NN,True
D03,12,",",",",",",True
D03,12,and,CC,CC,True
D03,12,the,DT,DT,True
D03,12,population,NN,NN,True
D03,12,studied,VBD,VBD,True
D03,12,.,.,.,True
D04,1,Incidence,NN,NN,True
D04,1,and,CC,CC,True
D04,1,Prevalence,NNP,NN,False
D04,1,in,IN,IN,True
D04,1,Infectious,NNP,JJ,False
D04,1,Disease,NNP,NN,False
D04,1,Epidemiology,NNP,NN,False
D04,1,Incidence,NNP,NN,False
D04,1,and,CC,CC,True
D04,1,prevalence,NN,NN,True
D04,1,describe,NN,NN,True
D04,1,different,JJ,JJ,True
D04,1,aspects,NNS,NNS,True
D04,1,of,IN,IN,True
D04,1,disease,NN,NN,True
D04,1,occurrence,NN,NN,True
D04,1,.,.,.,True
D04,2,Incidence,NN,NN,True
D04,2,focuses,NNS,NNS,True
D04,2,on,IN,IN,True
D04,2,new,JJ,JJ,True
D04,2,cases,NNS,NNS,True
D04,2,occurring,VBG,VBG,True
D04,2,in,IN,IN,True
D04,2,a,DT,DT,True
D04,2,population,NN,NN,True
D04,2,during,IN,IN,True
D04,2,a,DT,DT,True
D04,2,specified,JJ,VBN,False
D04,2,period,NN,NN,True
D04,2,.,.,.,True
D04,3,Prevalence,NNP,NN,False
D04,3,describes,VBZ,VBZ,True
D04,3,the,DT,DT,True
D04,3,proportion,NN,NN,True
D04,3,of,IN,IN,True
D04,3,a,DT,DT,True
D04,3,population,NN,NN,True
D04,3,that,WDT,WDT,True
D04,3,has,VBZ,VBZ,True
D04,3,a,DT,DT,True
D04,3,condition,NN,NN,True
D04,3,at,IN,IN,True
D04,3,a,DT,DT,True
D04,3,particular,JJ,JJ,True
D04,3,time,NN,NN,True
D04,3,or,CC,CC,True
D04,3,over,IN,IN,True
D04,3,a,DT,DT,True
D04,3,defined,JJ,VBN,False
D04,3,period,NN,NN,True
D04,3,.,.,.,True
D04,4,For,IN,IN,True
D04,4,an,DT,DT,True
D04,4,infectious,JJ,JJ,True
D04,4,disease,NN,NN,True
D04,4,",",",",",",True
D04,4,incidence,NN,NN,True
D04,4,can,MD,MD,True
D04,4,help,VB,VB,True
D04,4,describe,VB,NN,False
D04,4,how,WRB,WRB,True
D04,4,quickly,RB,RB,True
D04,4,new,JJ,JJ,True
D04,4,infections,NNS,NNS,True
D04,4,are,VBP,VBP,True
D04,4,occurring,VBG,VBG,True
D04,4,.,.,.,True
D04,5,Prevalence,NN,NN,True
D04,5,can,MD,MD,True
D04,5,reflect,VB,VB,True
D04,5,both,DT,DT,True
D04,5,new,JJ,JJ,True
D04,5,cases,NNS,NNS,True
D04,5,and,CC,CC,True
D04,5,the,DT,DT,True
D04,5,duration,NN,NN,True
D04,5,of,IN,IN,True
D04,5,illness,NN,NN,True
D04,5,.,.,.,True
D04,6,A,DT,DT,True
D04,6,disease,NN,NN,True
D04,6,with,IN,IN,True
D04,6,short,JJ,JJ,True
D04,6,duration,NN,NN,True
D04,6,may,MD,MD,True
D04,6,have,VB,VB,True
D04,6,substantial,JJ,JJ,True
D04,6,incidence,NN,NN,True
D04,6,but,CC,CC,True
D04,6,relatively,RB,RB,True
D04,6,low,JJ,JJ,True
D04,6,point,NN,NN,True
D04,6,prevalence,NN,NN,True
D04,6,.,.,.,True
D04,7,Conversely,RB,RB,True
D04,7,",",",",",",True
D04,7,a,DT,DT,True
D04,7,chronic,JJ,JJ,True
D04,7,condition,NN,NN,True
D04,7,can,MD,MD,True
D04,7,have,VB,VB,True
D04,7,lower,JJR,JJR,True
D04,7,incidence,NN,NN,True
D04,7,but,CC,CC,True
D04,7,high,JJ,JJ,True
D04,7,prevalence,NN,NN,True
D04,7,because,IN,IN,True
D04,7,people,NNS,NNS,True
D04,7,remain,VBP,JJ,False
D04,7,affected,JJ,VBN,False
D04,7,for,IN,IN,True
D04,7,long,JJ,RB,False
D04,7,periods,NNS,NNS,True
D04,7,.,.,.,True
D04,8,Epidemiologists,NNS,NNS,True
D04,8,define,VBP,VBP,True
D04,8,the,DT,DT,True
D04,8,population,NN,NN,True
D04,8,",",",",",",True
D04,8,time,NN,NNP,False
D04,8,interval,NN,NNP,False
D04,8,",",",",",",True
D04,8,case,NN,NN,True
D04,8,definition,NN,NN,True
D04,8,",",",",",",True
D04,8,and,CC,CC,True
D04,8,measurement,NN,NN,True
D04,8,method,NN,NN,True
D04,8,carefully,RB,RB,True
D04,8,.,.,.,True
D04,9,Changes,NNS,NNS,True
D04,9,in,IN,IN,True
D04,9,testing,VBG,NN,False
D04,9,availability,NN,NN,True
D04,9,or,CC,CC,True
D04,9,reporting,NN,VBG,False
D04,9,practices,NNS,NNS,True
D04,9,can,MD,MD,True
D04,9,affect,VB,VB,True
D04,9,observed,JJ,VBN,False
D04,9,incidence,NN,NN,True
D04,9,without,IN,IN,True
D04,9,representing,VBG,VBG,True
D04,9,an,DT,DT,True
D04,9,equivalent,JJ,JJ,True
D04,9,change,NN,NN,True
D04,9,in,IN,IN,True
D04,9,true,JJ,JJ,True
D04,9,transmission,NN,NN,True
D04,9,.,.,.,True
D04,10,For,IN,IN,True
D04,10,COVID-19,NNP,NN,False
D04,10,",",",",",",True
D04,10,widespread,JJ,JJ,True
D04,10,changes,NNS,NNS,True
D04,10,in,IN,IN,True
D04,10,testing,VBG,NN,False
D04,10,behavior,NN,IN,False
D04,10,made,VBN,VBN,True
D04,10,reported,VBD,VBN,False
D04,10,case,NN,NN,True
D04,10,counts,NNS,NNS,True
D04,10,difficult,JJ,JJ,True
D04,10,to,TO,TO,True
D04,10,interpret,VB,NN,False
D04,10,in,IN,IN,True
D04,10,isolation,NN,NN,True
D04,10,during,IN,IN,True
D04,10,some,DT,DT,True
D04,10,periods,NNS,NNS,True
D04,10,.,.,.,True
D04,11,Other,JJ,JJ,True
D04,11,indicators,NNS,NNS,True
D04,11,",",",",",",True
D04,11,including,VBG,VBG,True
D04,11,hospitalization,NN,NN,True
D04,11,",",",",",",True
D04,11,mortality,NN,NN,True
D04,11,",",",",",",True
D04,11,test,NN,NN,True
D04,11,positivity,NN,NN,True
D04,11,",",",",",",True
D04,11,syndromic,JJ,JJ,True
D04,11,surveillance,NN,NN,True
D04,11,",",",",",",True
D04,11,and,CC,CC,True
D04,11,wastewater,NN,NN,True
D04,11,measurements,NNS,NNS,True
D04,11,",",",",",",True
D04,11,can,MD,MD,True
D04,11,complement,VB,VB,True
D04,11,reported,VBN,VBN,True
D04,11,cases,NNS,NNS,True
D04,11,.,.,.,True
D04,12,Using,VBG,VBG,True
D04,12,multiple,JJ,JJ,True
D04,12,indicators,NNS,NNS,True
D04,12,provides,VBZ,VBZ,True
D04,12,a,DT,DT,True
D04,12,broader,JJR,JJR,True
D04,12,picture,NN,NN,True
D04,12,of,IN,IN,True
D04,12,disease,NN,NN,True
D04,12,activity,NN,NN,True
D04,12,.,.,.,True
D05,1,Reproduction,NN,NN,True
D05,1,Numbers,NNS,NNS,True
D05,1,and,CC,CC,True
D05,1,Outbreak,NNP,JJ,False
D05,1,Growth,NNP,NN,False
D05,1,The,DT,DT,True
D05,1,basic,JJ,JJ,True
D05,1,reproduction,NN,NN,True
D05,1,number,NN,NN,True
D05,1,",",",",",",True
D05,1,R,NNP,NNP,True
D05,1,0,CD,-NONE-,False
D05,1,",",",",",",True
D05,1,describes,VBZ,VBZ,True
D05,1,the,DT,DT,True
D05,1,average,JJ,JJ,True
D05,1,number,NN,NN,True
D05,1,of,IN,IN,True
D05,1,secondary,JJ,JJ,True
D05,1,infections,NNS,NNS,True
D05,1,generated,VBN,VBN,True
D05,1,by,IN,IN,True
D05,1,a,DT,DT,True
D05,1,typical,JJ,JJ,True
D05,1,infectious,JJ,JJ,True
D05,1,individual,NN,NN,True
D05,1,in,IN,IN,True
D05,1,a,DT,DT,True
D05,1,fully,RB,RB,True
D05,1,susceptible,JJ,JJ,True
D05,1,population,NN,NN,True
D05,1,under,IN,IN,True
D05,1,specified,VBN,VBN,True
D05,1,assumptions,NNS,NNS,True
D05,1,.,.,.,True
D05,2,It,PRP,PRP,True
D05,2,is,VBZ,VBZ,True
D05,2,a,DT,DT,True
D05,2,theoretical,JJ,JJ,True
D05,2,epidemiological,JJ,JJ,True
D05,2,quantity,NN,NN,True
D05,2,and,CC,CC,True
D05,2,should,MD,MD,True
D05,2,not,RB,RB,True
D05,2,be,VB,VB,True
D05,2,interpreted,VBN,VBN,True
D05,2,as,IN,IN,True
D05,2,a,DT,DT,True
D05,2,fixed,JJ,VBN,False
D05,2,property,NN,NN,True
D05,2,of,IN,IN,True
D05,2,a,DT,DT,True
D05,2,pathogen,NN,NN,True
D05,2,in,IN,IN,True
D05,2,every,DT,DT,True
D05,2,setting,NN,NN,True
D05,2,.,.,.,True
D05,3,The,DT,DT,True
D05,3,effective,JJ,JJ,True
D05,3,reproduction,NN,NN,True
D05,3,number,NN,NN,True
D05,3,",",",",",",True
D05,3,often,RB,RB,True
D05,3,written,VBN,VBN,True
D05,3,Rt,NNP,NN,False
D05,3,or,CC,CC,True
D05,3,Re,NNP,NN,False
D05,3,",",",",",",True
D05,3,reflects,VBZ,VBZ,True
D05,3,transmission,NN,NN,True
D05,3,under,IN,IN,True
D05,3,current,JJ,JJ,True
D05,3,conditions,NNS,NNS,True
D05,3,.,.,.,True
D05,4,Vaccination,NN,NN,True
D05,4,",",",",",",True
D05,4,prior,JJ,RB,False
D05,4,immunity,NN,NN,True
D05,4,",",",",",",True
D05,4,behavioral,JJ,JJ,True
D05,4,changes,NNS,NNS,True
D05,4,",",",",",",True
D05,4,public-health,NN,JJ,False
D05,4,interventions,NNS,NNS,True
D05,4,",",",",",",True
D05,4,and,CC,CC,True
D05,4,population,NN,NN,True
D05,4,structure,NN,NN,True
D05,4,can,MD,MD,True
D05,4,all,DT,DT,True
D05,4,affect,VB,NN,False
D05,4,effective,JJ,JJ,True
D05,4,transmission,NN,NN,True
D05,4,.,.,.,True
D05,5,When,WRB,WRB,True
D05,5,the,DT,DT,True
D05,5,effective,JJ,JJ,True
D05,5,reproduction,NN,NN,True
D05,5,number,NN,NN,True
D05,5,is,VBZ,VBZ,True
D05,5,above,IN,IN,True
D05,5,one,CD,CD,True
D05,5,",",",",",",True
D05,5,infections,NNS,NNS,True
D05,5,can,MD,MD,True
D05,5,increase,VB,VB,True
D05,5,under,IN,IN,True
D05,5,the,DT,DT,True
D05,5,relevant,JJ,JJ,True
D05,5,conditions,NNS,NNS,True
D05,5,;,:,:,True
D05,5,when,WRB,WRB,True
D05,5,it,PRP,PRP,True
D05,5,remains,VBZ,VBZ,True
D05,5,below,IN,IN,True
D05,5,one,CD,CD,True
D05,5,",",",",",",True
D05,5,transmission,NN,NN,True
D05,5,tends,NNS,NNS,True
D05,5,to,TO,TO,True
D05,5,decline,VB,VB,True
D05,5,.,.,.,True
D05,6,Estimating,VBG,VBG,True
D05,6,reproduction,NN,NN,True
D05,6,numbers,NNS,NNS,True
D05,6,requires,VBZ,VBZ,True
D05,6,assumptions,NNS,NNS,True
D05,6,and,CC,CC,True
D05,6,data,NNS,NNS,True
D05,6,.,.,.,True
D05,7,Delays,NNS,NNS,True
D05,7,between,IN,IN,True
D05,7,infection,NN,NN,True
D05,7,",",",",",",True
D05,7,symptom,JJ,NN,False
D05,7,onset,NN,NN,True
D05,7,",",",",",",True
D05,7,testing,VBG,NN,False
D05,7,",",",",",",True
D05,7,reporting,NN,VBG,False
D05,7,",",",",",",True
D05,7,and,CC,CC,True
D05,7,hospitalization,NN,NN,True
D05,7,can,MD,MD,True
D05,7,affect,VB,VB,True
D05,7,estimates,NNS,NNS,True
D05,7,.,.,.,True
D05,8,Analysts,NNS,NNS,True
D05,8,may,MD,MD,True
D05,8,therefore,VB,RB,False
D05,8,use,NN,VB,False
D05,8,statistical,JJ,JJ,True
D05,8,models,NNS,NNS,True
D05,8,and,CC,CC,True
D05,8,nowcasting,VBG,VBG,True
D05,8,methods,NNS,NNS,True
D05,8,to,TO,TO,True
D05,8,account,VB,VB,True
D05,8,for,IN,IN,True
D05,8,reporting,NN,VBG,False
D05,8,delays,NNS,NNS,True
D05,8,.,.,.,True
D05,9,Reproduction,NN,NN,True
D05,9,numbers,NNS,NNS,True
D05,9,should,MD,MD,True
D05,9,be,VB,VB,True
D05,9,interpreted,VBN,VBN,True
D05,9,together,RB,RP,False
D05,9,with,IN,IN,True
D05,9,other,JJ,JJ,True
D05,9,indicators,NNS,NNS,True
D05,9,.,.,.,True
D05,10,A,DT,DT,True
D05,10,single,JJ,JJ,True
D05,10,estimate,NN,NN,True
D05,10,can,MD,MD,True
D05,10,be,VB,VB,True
D05,10,uncertain,JJ,JJ,True
D05,10,",",",",",",True
D05,10,especially,RB,RB,True
D05,10,when,WRB,WRB,True
D05,10,case,NN,NN,True
D05,10,counts,NNS,NNS,True
D05,10,are,VBP,VBP,True
D05,10,small,JJ,JJ,True
D05,10,or,CC,CC,True
D05,10,surveillance,JJ,NN,False
D05,10,systems,NNS,NNS,True
D05,10,are,VBP,VBP,True
D05,10,changing,VBG,VBG,True
D05,10,.,.,.,True
D05,11,The,DT,DT,True
D05,11,same,JJ,JJ,True
D05,11,reproduction,NN,NN,True
D05,11,number,NN,NN,True
D05,11,can,MD,MD,True
D05,11,also,RB,RB,True
D05,11,correspond,VB,VB,True
D05,11,to,TO,TO,True
D05,11,different,JJ,JJ,True
D05,11,absolute,NN,JJ,False
D05,11,levels,NNS,NNS,True
D05,11,of,IN,IN,True
D05,11,disease,NN,NN,True
D05,11,depending,VBG,VBG,True
D05,11,on,IN,IN,True
D05,11,the,DT,DT,True
D05,11,size,NN,NN,True
D05,11,and,CC,CC,True
D05,11,immunity,NN,NN,True
D05,11,of,IN,IN,True
D05,11,the,DT,DT,True
D05,11,population,NN,NN,True
D05,11,.,.,.,True
D06,1,Contact,NNP,NN,False
D06,1,Tracing,NNP,NN,False
D06,1,and,CC,CC,True
D06,1,Exposure,NNP,JJ,False
D06,1,Management,NNP,NN,False
D06,1,Contact,NNP,NN,False
D06,1,tracing,NN,NN,True
D06,1,is,VBZ,VBZ,True
D06,1,a,DT,DT,True
D06,1,public-health,JJ,JJ,True
D06,1,process,NN,NN,True
D06,1,used,VBN,VBN,True
D06,1,to,TO,TO,True
D06,1,identify,VB,VB,True
D06,1,people,NNS,NNS,True
D06,1,who,WP,WP,True
D06,1,may,MD,MD,True
D06,1,have,VB,VB,True
D06,1,been,VBN,VBN,True
D06,1,exposed,VBN,VBN,True
D06,1,to,TO,TO,True
D06,1,an,DT,DT,True
D06,1,infectious,JJ,JJ,True
D06,1,disease,NN,NN,True
D06,1,and,CC,CC,True
D06,1,provide,VB,VB,True
D06,1,them,PRP,PRP,True
D06,1,with,IN,IN,True
D06,1,relevant,JJ,JJ,True
D06,1,information,NN,NN,True
D06,1,and,CC,CC,True
D06,1,support,NN,NN,True
D06,1,.,.,.,True
D06,2,For,IN,IN,True
D06,2,respiratory,JJ,NN,False
D06,2,infections,NNS,NNS,True
D06,2,",",",",",",True
D06,2,contact,JJ,NN,False
D06,2,definitions,NNS,NNS,True
D06,2,may,MD,MD,True
D06,2,consider,VB,VB,True
D06,2,proximity,NN,NN,True
D06,2,",",",",",",True
D06,2,duration,NN,NN,True
D06,2,",",",",",",True
D06,2,setting,NN,VBG,False
D06,2,",",",",",",True
D06,2,and,CC,CC,True
D06,2,timing,VBG,NN,False
D06,2,relative,JJ,JJ,True
D06,2,to,TO,TO,True
D06,2,infectiousness,VB,NN,False
D06,2,.,.,.,True
D06,3,A,DT,DT,True
D06,3,typical,JJ,JJ,True
D06,3,workflow,NN,NN,True
D06,3,includes,VBZ,VBZ,True
D06,3,identifying,VBG,VBG,True
D06,3,a,DT,DT,True
D06,3,confirmed,NN,VBN,False
D06,3,or,CC,CC,True
D06,3,probable,JJ,JJ,True
D06,3,case,NN,NN,True
D06,3,",",",",",",True
D06,3,determining,VBG,VBG,True
D06,3,the,DT,DT,True
D06,3,period,NN,NN,True
D06,3,during,IN,IN,True
D06,3,which,WDT,WDT,True
D06,3,transmission,NN,NN,True
D06,3,could,MD,MD,True
D06,3,have,VB,VB,True
D06,3,occurred,VBN,VBN,True
D06,3,",",",",",",True
D06,3,interviewing,VBG,VBG,True
D06,3,the,DT,DT,True
D06,3,case,NN,NN,True
D06,3,when,WRB,WRB,True
D06,3,appropriate,NN,NN,True
D06,3,",",",",",",True
D06,3,identifying,VBG,VBG,True
D06,3,contacts,NNS,NNS,True
D06,3,",",",",",",True
D06,3,and,CC,CC,True
D06,3,communicating,VBG,VBG,True
D06,3,recommended,JJ,VBD,False
D06,3,actions,NNS,NNS,True
D06,3,.,.,.,True
D06,4,Digital,NNP,NNP,True
D06,4,tools,NNS,NNPS,False
D06,4,can,MD,MD,True
D06,4,assist,VB,VB,True
D06,4,with,IN,IN,True
D06,4,notification,NN,NN,True
D06,4,or,CC,CC,True
D06,4,data,NN,NNS,False
D06,4,management,NN,NN,True
D06,4,",",",",",",True
D06,4,but,CC,CC,True
D06,4,they,PRP,PRP,True
D06,4,do,VBP,VBP,True
D06,4,not,RB,RB,True
D06,4,replace,VB,VB,True
D06,4,public-health,JJ,JJ,True
D06,4,judgment,NN,NN,True
D06,4,.,.,.,True
D06,5,Contact,NNP,NN,False
D06,5,tracing,NN,NN,True
D06,5,is,VBZ,VBZ,True
D06,5,most,RBS,JJS,False
D06,5,effective,JJ,JJ,True
D06,5,when,WRB,WRB,True
D06,5,cases,NNS,NNS,True
D06,5,and,CC,CC,True
D06,5,contacts,NNS,NNS,True
D06,5,can,MD,MD,True
D06,5,be,VB,VB,True
D06,5,identified,VBN,VBN,True
D06,5,quickly,RB,RB,True
D06,5,and,CC,CC,True
D06,5,when,WRB,WRB,True
D06,5,people,NNS,NNS,True
D06,5,have,VBP,VBP,True
D06,5,access,NN,NN,True
D06,5,to,TO,TO,True
D06,5,testing,VBG,NN,False
D06,5,",",",",",",True
D06,5,healthcare,NN,NN,True
D06,5,",",",",",",True
D06,5,isolation,NN,NN,True
D06,5,resources,NNS,NNS,True
D06,5,",",",",",",True
D06,5,and,CC,CC,True
D06,5,accurate,JJ,VB,False
D06,5,information,NN,NN,True
D06,5,.,.,.,True
D06,6,Privacy,NN,NN,True
D06,6,and,CC,CC,True
D06,6,confidentiality,NN,NN,True
D06,6,are,VBP,VBP,True
D06,6,important,JJ,JJ,True
D06,6,because,IN,IN,True
D06,6,contact-tracing,JJ,JJ,True
D06,6,systems,NNS,NNS,True
D06,6,handle,VBP,VBP,True
D06,6,sensitive,JJ,JJ,True
D06,6,health,NN,NN,True
D06,6,and,CC,CC,True
D06,6,exposure,NN,NN,True
D06,6,information,NN,NN,True
D06,6,.,.,.,True
D06,7,The,DT,DT,True
D06,7,effectiveness,NN,NN,True
D06,7,of,IN,IN,True
D06,7,contact,NN,NN,True
D06,7,tracing,NN,NN,True
D06,7,can,MD,MD,True
D06,7,decrease,VB,VB,True
D06,7,when,WRB,WRB,True
D06,7,community,NN,NN,True
D06,7,transmission,NN,NN,True
D06,7,is,VBZ,VBZ,True
D06,7,extremely,RB,RB,True
D06,7,high,JJ,JJ,True
D06,7,",",",",",",True
D06,7,when,WRB,WRB,True
D06,7,many,JJ,JJ,True
D06,7,infections,NNS,NNS,True
D06,7,are,VBP,VBP,True
D06,7,asymptomatic,JJ,JJ,True
D06,7,",",",",",",True
D06,7,or,CC,CC,True
D06,7,when,WRB,WRB,True
D06,7,cases,NNS,NNS,True
D06,7,cannot,VBP,MD,False
D06,7,be,VB,VB,True
D06,7,identified,VBN,VBN,True
D06,7,promptly,RB,RB,True
D06,7,.,.,.,True
D06,8,In,IN,IN,True
D06,8,such,JJ,JJ,True
D06,8,situations,NNS,NNS,True
D06,8,",",",",",",True
D06,8,broad,JJ,JJ,True
D06,8,prevention,NN,NN,True
D06,8,measures,NNS,NNS,True
D06,8,and,CC,CC,True
D06,8,community,NN,NN,True
D06,8,surveillance,NN,NN,True
D06,8,may,MD,MD,True
D06,8,be,VB,VB,True
D06,8,more,JJR,RBR,False
D06,8,practical,JJ,JJ,True
D06,8,complements,NNS,NNS,True
D06,8,.,.,.,True
D07,1,Wastewater,NNP,NNP,True
D07,1,Surveillance,NNP,NNP,True
D07,1,for,IN,IN,True
D07,1,Respiratory,NNP,NNP,True
D07,1,Viruses,NNP,NNS,False
D07,1,Wastewater,NNP,VBP,False
D07,1,surveillance,NN,NN,True
D07,1,analyzes,VBZ,NNS,False
D07,1,biological,JJ,JJ,True
D07,1,material,NN,NN,True
D07,1,in,IN,IN,True
D07,1,sewage,NN,NN,True
D07,1,to,TO,TO,True
D07,1,estimate,VB,VB,True
D07,1,the,DT,DT,True
D07,1,presence,NN,NN,True
D07,1,or,CC,CC,True
D07,1,trends,NNS,NNS,True
D07,1,of,IN,IN,True
D07,1,infectious,JJ,JJ,True
D07,1,agents,NNS,NNS,True
D07,1,within,IN,IN,True
D07,1,a,DT,DT,True
D07,1,community,NN,NN,True
D07,1,.,.,.,True
D07,2,Because,IN,IN,True
D07,2,infected,JJ,VBN,False
D07,2,individuals,NNS,NNS,True
D07,2,can,MD,MD,True
D07,2,shed,VB,VB,True
D07,2,viral,JJ,JJ,True
D07,2,genetic,JJ,JJ,True
D07,2,material,NN,NN,True
D07,2,into,IN,IN,True
D07,2,wastewater,NN,NN,True
D07,2,",",",",",",True
D07,2,wastewater,NN,NN,True
D07,2,measurements,NNS,NNS,True
D07,2,can,MD,MD,True
D07,2,provide,VB,VB,True
D07,2,population-level,JJ,JJ,True
D07,2,information,NN,NN,True
D07,2,that,WDT,IN,False
D07,2,does,VBZ,VBZ,True
D07,2,not,RB,RB,True
D07,2,depend,VB,VB,True
D07,2,on,IN,IN,True
D07,2,every,DT,DT,True
D07,2,infected,JJ,VBN,False
D07,2,person,NN,NN,True
D07,2,seeking,VBG,VBG,True
D07,2,a,DT,DT,True
D07,2,clinical,JJ,JJ,True
D07,2,test,NN,NN,True
D07,2,.,.,.,True
D07,3,Wastewater,NNP,NNP,True
D07,3,surveillance,NN,NN,True
D07,3,can,MD,MD,True
D07,3,be,VB,VB,True
D07,3,especially,RB,RB,True
D07,3,useful,JJ,JJ,True
D07,3,when,WRB,WRB,True
D07,3,individual,JJ,JJ,True
D07,3,testing,NN,NN,True
D07,3,declines,NNS,NNS,True
D07,3,.,.,.,True
D07,4,Trends,NNS,NNS,True
D07,4,may,MD,MD,True
D07,4,provide,VB,VB,True
D07,4,an,DT,DT,True
D07,4,early,JJ,JJ,True
D07,4,signal,NN,NN,True
D07,4,of,IN,IN,True
D07,4,changing,VBG,VBG,True
D07,4,transmission,NN,NN,True
D07,4,",",",",",",True
D07,4,although,IN,IN,True
D07,4,the,DT,DT,True
D07,4,relationship,NN,NN,True
D07,4,between,IN,IN,True
D07,4,wastewater,NN,NNP,False
D07,4,concentration,NN,NNP,False
D07,4,and,CC,CC,True
D07,4,the,DT,DT,True
D07,4,exact,JJ,JJ,True
D07,4,number,NN,NN,True
D07,4,of,IN,IN,True
D07,4,infections,NNS,NNS,True
D07,4,is,VBZ,VBZ,True
D07,4,not,RB,RB,True
D07,4,straightforward,RB,RB,True
D07,4,.,.,.,True
D07,5,Interpretation,NN,NN,True
D07,5,requires,VBZ,VBZ,True
D07,5,attention,NN,NN,True
D07,5,to,TO,TO,True
D07,5,sampling,VBG,JJ,False
D07,5,location,NN,NN,True
D07,5,",",",",",",True
D07,5,population,NN,NN,True
D07,5,served,VBN,VBD,False
D07,5,by,IN,IN,True
D07,5,the,DT,DT,True
D07,5,treatment,NN,NN,True
D07,5,system,NN,NN,True
D07,5,",",",",",",True
D07,5,rainfall,NN,NN,True
D07,5,and,CC,CC,True
D07,5,dilution,NN,NN,True
D07,5,",",",",",",True
D07,5,laboratory,NN,NN,True
D07,5,methods,NNS,NNS,True
D07,5,",",",",",",True
D07,5,sampling,VBG,JJ,False
D07,5,frequency,NN,NN,True
D07,5,",",",",",",True
D07,5,and,CC,CC,True
D07,5,changes,NNS,NNS,True
D07,5,in,IN,IN,True
D07,5,shedding,VBG,VBG,True
D07,5,patterns,NNS,NNS,True
D07,5,.,.,.,True
D07,6,Wastewater,NNP,NNP,True
D07,6,data,NNS,NNP,False
D07,6,are,VBP,VBP,True
D07,6,most,RBS,RBS,True
D07,6,useful,JJ,JJ,True
D07,6,when,WRB,WRB,True
D07,6,combined,VBN,VBN,True
D07,6,with,IN,IN,True
D07,6,clinical,JJ,JJ,True
D07,6,surveillance,NN,NN,True
D07,6,",",",",",",True
D07,6,hospital,NN,NNP,False
D07,6,data,NNS,NNP,False
D07,6,",",",",",",True
D07,6,and,CC,CC,True
D07,6,other,JJ,JJ,True
D07,6,epidemiological,JJ,JJ,True
D07,6,indicators,NNS,NNS,True
D07,6,.,.,.,True
D07,7,Wastewater,NN,NNP,False
D07,7,surveillance,NN,NNP,False
D07,7,generally,RB,RB,True
D07,7,does,VBZ,VBZ,True
D07,7,not,RB,RB,True
D07,7,identify,VB,JJ,False
D07,7,individual,JJ,JJ,True
D07,7,infected,JJ,VBN,False
D07,7,people,NNS,NNS,True
D07,7,.,.,.,True
D07,8,Its,PRP$,PRP$,True
D07,8,population-level,JJ,JJ,True
D07,8,nature,NN,NN,True
D07,8,can,MD,MD,True
D07,8,therefore,VB,RB,False
D07,8,complement,JJ,VB,False
D07,8,other,JJ,JJ,True
D07,8,surveillance,NN,NN,True
D07,8,systems,NNS,NNS,True
D07,8,while,IN,IN,True
D07,8,reducing,VBG,VBG,True
D07,8,dependence,NN,NN,True
D07,8,on,IN,IN,True
D07,8,individual,JJ,JJ,True
D07,8,testing,NN,NN,True
D07,8,.,.,.,True
D07,9,It,PRP,PRP,True
D07,9,is,VBZ,VBZ,True
D07,9,a,DT,DT,True
D07,9,monitoring,JJ,NN,False
D07,9,tool,NN,NN,True
D07,9,rather,RB,RB,True
D07,9,than,IN,IN,True
D07,9,a,DT,DT,True
D07,9,direct,JJ,JJ,True
D07,9,diagnostic,JJ,JJ,True
D07,9,test,NN,NN,True
D07,9,for,IN,IN,True
D07,9,an,DT,DT,True
D07,9,individual,NN,NN,True
D07,9,.,.,.,True
D08,1,SARS-CoV-2,JJ,CD,False
D08,1,Variant,NNP,JJ,False
D08,1,Surveillance,NNP,NN,False
D08,1,Variant,NNP,JJ,False
D08,1,surveillance,NN,NN,True
D08,1,monitors,NNS,NNS,True
D08,1,genetic,JJ,JJ,True
D08,1,changes,NNS,NNS,True
D08,1,in,IN,IN,True
D08,1,SARS-CoV-2,NNP,CD,False
D08,1,and,CC,CC,True
D08,1,assesses,VBZ,VBZ,True
D08,1,whether,IN,IN,True
D08,1,emerging,VBG,VBG,True
D08,1,lineages,NNS,NNS,True
D08,1,have,VBP,VBP,True
D08,1,characteristics,NNS,NNS,True
D08,1,relevant,JJ,JJ,True
D08,1,to,TO,TO,True
D08,1,public,JJ,JJ,True
D08,1,health,NN,NN,True
D08,1,.,.,.,True
D08,2,Sequencing,VBG,VBG,True
D08,2,can,MD,MD,True
D08,2,identify,VB,VB,True
D08,2,viral,JJ,JJ,True
D08,2,lineages,NNS,NNS,True
D08,2,from,IN,IN,True
D08,2,selected,VBN,VBN,True
D08,2,clinical,JJ,JJ,True
D08,2,specimens,NNS,NNS,True
D08,2,",",",",",",True
D08,2,while,IN,IN,True
D08,2,genomic,JJ,JJ,True
D08,2,databases,NNS,NNS,True
D08,2,allow,VBP,VBP,True
D08,2,laboratories,NNS,NNS,True
D08,2,and,CC,CC,True
D08,2,researchers,NNS,NNS,True
D08,2,to,TO,TO,True
D08,2,compare,VB,VB,True
D08,2,sequences,NNS,NNS,True
D08,2,over,IN,IN,True
D08,2,time,NN,NN,True
D08,2,and,CC,CC,True
D08,2,across,IN,IN,True
D08,2,locations,NNS,NNS,True
D08,2,.,.,.,True
D08,3,A,DT,DT,True
D08,3,newly,RB,RB,True
D08,3,detected,VBN,VBN,True
D08,3,mutation,NN,NN,True
D08,3,does,VBZ,VBZ,True
D08,3,not,RB,RB,True
D08,3,automatically,RB,RB,True
D08,3,mean,VB,VB,True
D08,3,that,IN,IN,True
D08,3,a,DT,DT,True
D08,3,variant,NN,JJ,False
D08,3,is,VBZ,VBZ,True
D08,3,more,RBR,RBR,True
D08,3,transmissible,JJ,JJ,True
D08,3,or,CC,CC,True
D08,3,more,RBR,JJR,False
D08,3,severe,JJ,JJ,True
D08,3,.,.,.,True
D08,4,Researchers,NNP,NNS,False
D08,4,evaluate,VBP,JJ,False
D08,4,changes,NNS,NNS,True
D08,4,using,VBG,VBG,True
D08,4,laboratory,NN,NN,True
D08,4,studies,NNS,NNS,True
D08,4,",",",",",",True
D08,4,epidemiological,JJ,JJ,True
D08,4,data,NNS,NNS,True
D08,4,",",",",",",True
D08,4,clinical,JJ,JJ,True
D08,4,outcomes,NNS,NNS,True
D08,4,",",",",",",True
D08,4,and,CC,CC,True
D08,4,population-level,JJ,JJ,True
D08,4,observations,NNS,NNS,True
D08,4,.,.,.,True
D08,5,Multiple,JJ,NNP,False
D08,5,mutations,NNS,NNS,True
D08,5,can,MD,MD,True
D08,5,occur,VB,VB,True
D08,5,together,RB,RB,True
D08,5,",",",",",",True
D08,5,and,CC,CC,True
D08,5,the,DT,DT,True
D08,5,biological,JJ,JJ,True
D08,5,effect,NN,NN,True
D08,5,of,IN,IN,True
D08,5,a,DT,DT,True
D08,5,mutation,NN,NN,True
D08,5,depends,VBZ,VBZ,True
D08,5,on,IN,IN,True
D08,5,its,PRP$,PRP$,True
D08,5,location,NN,NN,True
D08,5,and,CC,CC,True
D08,5,context,NN,NN,True
D08,5,.,.,.,True
D08,6,Variant,JJ,JJ,True
D08,6,surveillance,NN,NN,True
D08,6,helps,VBZ,NNS,False
D08,6,public-health,NN,JJ,False
D08,6,agencies,NNS,NNS,True
D08,6,detect,VBP,VBP,True
D08,6,changes,NNS,NNS,True
D08,6,that,WDT,IN,False
D08,6,may,MD,MD,True
D08,6,affect,VB,VB,True
D08,6,diagnostics,NNS,NNS,True
D08,6,",",",",",",True
D08,6,therapeutics,NNS,NNS,True
D08,6,",",",",",",True
D08,6,vaccines,NNS,NNS,True
D08,6,",",",",",",True
D08,6,or,CC,CC,True
D08,6,transmission,NN,NN,True
D08,6,patterns,NNS,NNS,True
D08,6,.,.,.,True
D08,7,However,RB,RB,True
D08,7,",",",",",",True
D08,7,sequencing,VBG,VBG,True
D08,7,samples,NNS,NNS,True
D08,7,are,VBP,VBP,True
D08,7,not,RB,RB,True
D08,7,always,RB,RB,True
D08,7,representative,VB,NN,False
D08,7,of,IN,IN,True
D08,7,all,DT,DT,True
D08,7,infections,NNS,NNS,True
D08,7,.,.,.,True
D08,8,Differences,NNS,NNS,True
D08,8,in,IN,IN,True
D08,8,sampling,VBG,JJ,False
D08,8,and,CC,CC,True
D08,8,sequencing,VBG,JJ,False
D08,8,capacity,NN,NN,True
D08,8,can,MD,MD,True
D08,8,influence,VB,VB,True
D08,8,which,WDT,WDT,True
D08,8,variants,NNS,NNS,True
D08,8,are,VBP,VBP,True
D08,8,observed,VBN,VBN,True
D08,8,.,.,.,True
D08,9,Genomic,NNP,JJ,False
D08,9,surveillance,NN,NN,True
D08,9,works,VBZ,NNS,False
D08,9,best,RBS,JJS,False
D08,9,when,WRB,WRB,True
D08,9,linked,VBN,VBN,True
D08,9,with,IN,IN,True
D08,9,epidemiological,JJ,JJ,True
D08,9,and,CC,CC,True
D08,9,clinical,JJ,JJ,True
D08,9,information,NN,NN,True
D08,9,.,.,.,True
D08,10,Sequence,NNP,NNP,True
D08,10,data,NNS,NNP,False
D08,10,can,MD,MD,True
D08,10,identify,VB,VB,True
D08,10,what,WP,WP,True
D08,10,is,VBZ,VBZ,True
D08,10,circulating,VBG,VBG,True
D08,10,",",",",",",True
D08,10,while,IN,IN,True
D08,10,other,JJ,JJ,True
D08,10,datasets,NNS,NNS,True
D08,10,help,VBP,VBP,True
D08,10,determine,VB,VB,True
D08,10,the,DT,DT,True
D08,10,practical,JJ,JJ,True
D08,10,public-health,NN,NN,True
D08,10,significance,NN,NN,True
D08,10,of,IN,IN,True
D08,10,those,DT,DT,True
D08,10,lineages,NNS,NNS,True
D08,10,.,.,.,True
D09,1,Infectious,JJ,JJ,True
D09,1,Disease,NNP,NN,False
D09,1,Outbreak,NNP,JJ,False
D09,1,Investigation,NNP,NN,False
D09,1,An,DT,DT,True
D09,1,outbreak,JJ,JJ,True
D09,1,investigation,NN,NN,True
D09,1,seeks,VBZ,VBZ,True
D09,1,to,TO,TO,True
D09,1,determine,VB,VB,True
D09,1,whether,IN,IN,True
D09,1,an,DT,DT,True
D09,1,unusual,JJ,JJ,True
D09,1,increase,NN,NN,True
D09,1,in,IN,IN,True
D09,1,disease,NN,NN,True
D09,1,has,VBZ,VBZ,True
D09,1,occurred,VBN,VBN,True
D09,1,",",",",",",True
D09,1,characterize,VB,NNP,False
D09,1,affected,JJ,VBD,False
D09,1,people,NNS,NNS,True
D09,1,and,CC,CC,True
D09,1,settings,NNS,NNS,True
D09,1,",",",",",",True
D09,1,identify,VB,JJ,False
D09,1,likely,JJ,JJ,True
D09,1,sources,NNS,NNS,True
D09,1,or,CC,CC,True
D09,1,transmission,NN,NN,True
D09,1,routes,NNS,NNS,True
D09,1,",",",",",",True
D09,1,and,CC,CC,True
D09,1,guide,VB,NNP,False
D09,1,control,NN,NNP,False
D09,1,measures,NNS,NNPS,False
D09,1,.,.,.,True
D09,2,The,DT,DT,True
D09,2,investigation,NN,NN,True
D09,2,begins,VBZ,VBZ,True
D09,2,with,IN,IN,True
D09,2,a,DT,DT,True
D09,2,clear,JJ,JJ,True
D09,2,case,NN,NN,True
D09,2,definition,NN,NN,True
D09,2,and,CC,CC,True
D09,2,confirmation,NN,NN,True
D09,2,that,IN,IN,True
D09,2,the,DT,DT,True
D09,2,observed,JJ,VBN,False
D09,2,increase,NN,NN,True
D09,2,is,VBZ,VBZ,True
D09,2,greater,JJR,JJR,True
D09,2,than,IN,IN,True
D09,2,expected,VBN,VBN,True
D09,2,.,.,.,True
D09,3,Investigators,NNS,NNS,True
D09,3,construct,VBP,VBP,True
D09,3,descriptive,JJ,JJ,True
D09,3,summaries,NNS,NNS,True
D09,3,by,IN,IN,True
D09,3,time,NN,NN,True
D09,3,",",",",",",True
D09,3,place,NN,NN,True
D09,3,",",",",",",True
D09,3,and,CC,CC,True
D09,3,person,NN,NN,True
D09,3,.,.,.,True
D09,4,An,DT,DT,True
D09,4,epidemic,JJ,JJ,True
D09,4,curve,NN,NN,True
D09,4,can,MD,MD,True
D09,4,show,VB,VB,True
D09,4,the,DT,DT,True
D09,4,timing,NN,NN,True
D09,4,of,IN,IN,True
D09,4,illness,JJ,NN,False
D09,4,onset,NN,NN,True
D09,4,and,CC,CC,True
D09,4,may,MD,MD,True
D09,4,provide,VB,VB,True
D09,4,clues,NNS,NNS,True
D09,4,about,IN,IN,True
D09,4,the,DT,DT,True
D09,4,type,NN,NN,True
D09,4,of,IN,IN,True
D09,4,exposure,NN,NN,True
D09,4,.,.,.,True
D09,5,Mapping,VBG,VBG,True
D09,5,cases,NNS,NNS,True
D09,5,can,MD,MD,True
D09,5,identify,VB,VB,True
D09,5,geographic,JJ,JJ,True
D09,5,clustering,NN,NN,True
D09,5,",",",",",",True
D09,5,while,IN,IN,True
D09,5,demographic,JJ,JJ,True
D09,5,analysis,NN,NN,True
D09,5,can,MD,MD,True
D09,5,reveal,VB,VB,True
D09,5,differences,NNS,NNS,True
D09,5,by,IN,IN,True
D09,5,age,NN,NN,True
D09,5,",",",",",",True
D09,5,occupation,NN,NN,True
D09,5,",",",",",",True
D09,5,or,CC,CC,True
D09,5,other,JJ,JJ,True
D09,5,characteristics,NNS,NNS,True
D09,5,.,.,.,True
D09,6,Analytical,JJ,JJ,True
D09,6,epidemiology,NN,NN,True
D09,6,may,MD,MD,True
D09,6,compare,VB,VB,True
D09,6,exposures,NNS,NNS,True
D09,6,among,IN,IN,True
D09,6,cases,NNS,NNS,True
D09,6,and,CC,CC,True
D09,6,controls,NNS,NNS,True
D09,6,or,CC,CC,True
D09,6,among,IN,IN,True
D09,6,exposed,VBN,VBN,True
D09,6,and,CC,CC,True
D09,6,unexposed,JJ,JJ,True
D09,6,groups,NNS,NNS,True
D09,6,.,.,.,True
D09,7,Investigators,NNS,NNS,True
D09,7,must,MD,MD,True
D09,7,consider,VB,VB,True
D09,7,recall,NN,NN,True
D09,7,bias,NN,NN,True
D09,7,",",",",",",True
D09,7,selection,NN,NN,True
D09,7,bias,NN,NN,True
D09,7,",",",",",",True
D09,7,confounding,NN,VBG,False
D09,7,",",",",",",True
D09,7,and,CC,CC,True
D09,7,incomplete,JJ,JJ,True
D09,7,reporting,NN,NN,True
D09,7,.,.,.,True
D09,8,Laboratory,NN,NN,True
D09,8,testing,NN,NN,True
D09,8,and,CC,CC,True
D09,8,genomic,JJ,JJ,True
D09,8,sequencing,NN,NN,True
D09,8,can,MD,MD,True
D09,8,provide,VB,VB,True
D09,8,additional,JJ,JJ,True
D09,8,evidence,NN,NN,True
D09,8,.,.,.,True
D09,9,Control,NNP,NN,False
D09,9,measures,NNS,NNS,True
D09,9,should,MD,MD,True
D09,9,not,RB,RB,True
D09,9,necessarily,RB,RB,True
D09,9,wait,VB,VB,True
D09,9,until,IN,IN,True
D09,9,every,DT,DT,True
D09,9,scientific,JJ,JJ,True
D09,9,question,NN,NN,True
D09,9,is,VBZ,VBZ,True
D09,9,resolved,VBN,VBN,True
D09,9,.,.,.,True
D09,10,Depending,VBG,VBG,True
D09,10,on,IN,IN,True
D09,10,the,DT,DT,True
D09,10,pathogen,NN,NN,True
D09,10,and,CC,CC,True
D09,10,circumstances,NNS,NNS,True
D09,10,",",",",",",True
D09,10,measures,NNS,NNS,True
D09,10,can,MD,MD,True
D09,10,include,VB,VB,True
D09,10,isolation,NN,NN,True
D09,10,",",",",",",True
D09,10,vaccination,NN,NN,True
D09,10,",",",",",",True
D09,10,environmental,JJ,NNP,False
D09,10,controls,NNS,NNP,False
D09,10,",",",",",",True
D09,10,communication,NN,NN,True
D09,10,",",",",",",True
D09,10,testing,VBG,NN,False
D09,10,",",",",",",True
D09,10,and,CC,CC,True
D09,10,targeted,VBD,VBD,True
D09,10,restrictions,NNS,NNS,True
D09,10,.,.,.,True
D09,11,Investigators,NNS,NNS,True
D09,11,continue,VBP,VBP,True
D09,11,evaluating,VBG,VBG,True
D09,11,the,DT,DT,True
D09,11,outbreak,NN,JJ,False
D09,11,as,IN,IN,True
D09,11,new,JJ,JJ,True
D09,11,evidence,NN,NN,True
D09,11,becomes,VBZ,VBZ,True
D09,11,available,JJ,JJ,True
D09,11,.,.,.,True
D10,1,Public,NNP,NNP,True
D10,1,Health,NNP,NNP,True
D10,1,Surveillance,NNP,NNP,True
D10,1,Systems,NNP,NNPS,False
D10,1,Public,NNP,NNP,True
D10,1,health,NN,NNP,False
D10,1,surveillance,NN,NN,True
D10,1,is,VBZ,VBZ,True
D10,1,the,DT,DT,True
D10,1,continuous,JJ,JJ,True
D10,1,and,CC,CC,True
D10,1,systematic,JJ,JJ,True
D10,1,collection,NN,NN,True
D10,1,",",",",",",True
D10,1,analysis,NN,NN,True
D10,1,",",",",",",True
D10,1,interpretation,NN,NN,True
D10,1,",",",",",",True
D10,1,and,CC,CC,True
D10,1,dissemination,NN,NN,True
D10,1,of,IN,IN,True
D10,1,health,NN,NN,True
D10,1,information,NN,NN,True
D10,1,for,IN,IN,True
D10,1,action,NN,NN,True
D10,1,.,.,.,True
D10,2,Surveillance,NN,NN,True
D10,2,systems,NNS,NNS,True
D10,2,can,MD,MD,True
D10,2,monitor,VB,VB,True
D10,2,infectious,JJ,JJ,True
D10,2,diseases,NNS,NNS,True
D10,2,through,IN,IN,True
D10,2,case,NN,NN,True
D10,2,reports,NNS,NNS,True
D10,2,",",",",",",True
D10,2,laboratory,NN,NN,True
D10,2,results,NNS,NNS,True
D10,2,",",",",",",True
D10,2,hospital,NN,NN,True
D10,2,records,NNS,NNS,True
D10,2,",",",",",",True
D10,2,mortality,NN,NN,True
D10,2,data,NNS,NNS,True
D10,2,",",",",",",True
D10,2,syndromic,JJ,JJ,True
D10,2,indicators,NNS,NNS,True
D10,2,",",",",",",True
D10,2,sentinel,NN,NNP,False
D10,2,sites,NNS,VBZ,False
D10,2,",",",",",",True
D10,2,and,CC,CC,True
D10,2,community-level,JJ,JJ,True
D10,2,measurements,NNS,NNS,True
D10,2,.,.,.,True
D10,3,A,DT,DT,True
D10,3,surveillance,NN,NN,True
D10,3,system,NN,NN,True
D10,3,begins,VBZ,VBZ,True
D10,3,with,IN,IN,True
D10,3,a,DT,DT,True
D10,3,defined,JJ,VBN,False
D10,3,objective,NN,NN,True
D10,3,.,.,.,True
D10,4,The,DT,DT,True
D10,4,case,NN,NN,True
D10,4,definition,NN,NN,True
D10,4,determines,NNS,NNS,True
D10,4,which,WDT,WDT,True
D10,4,events,NNS,NNS,True
D10,4,are,VBP,VBP,True
D10,4,counted,VBN,VBN,True
D10,4,",",",",",",True
D10,4,while,IN,IN,True
D10,4,reporting,VBG,VBG,True
D10,4,rules,NNS,NNS,True
D10,4,specify,VB,VBP,False
D10,4,how,WRB,WRB,True
D10,4,and,CC,CC,True
D10,4,when,WRB,WRB,True
D10,4,information,NN,NN,True
D10,4,is,VBZ,VBZ,True
D10,4,submitted,VBN,VBN,True
D10,4,.,.,.,True
D10,5,Data,NNP,NNS,False
D10,5,quality,NN,NN,True
D10,5,depends,VBZ,VBZ,True
D10,5,on,IN,IN,True
D10,5,completeness,NN,NN,True
D10,5,",",",",",",True
D10,5,timeliness,NN,NN,True
D10,5,",",",",",",True
D10,5,consistency,NN,NN,True
D10,5,",",",",",",True
D10,5,and,CC,CC,True
D10,5,representativeness,NN,NN,True
D10,5,.,.,.,True
D10,6,Passive,JJ,JJ,True
D10,6,surveillance,NN,NN,True
D10,6,relies,NNS,NNS,True
D10,6,on,IN,IN,True
D10,6,routine,JJ,NN,False
D10,6,reporting,NN,NN,True
D10,6,and,CC,CC,True
D10,6,can,MD,MD,True
D10,6,be,VB,VB,True
D10,6,relatively,RB,RB,True
D10,6,efficient,JJ,JJ,True
D10,6,but,CC,CC,True
D10,6,may,MD,MD,True
D10,6,miss,VB,VB,True
D10,6,cases,NNS,NNS,True
D10,6,.,.,.,True
D10,7,Active,JJ,JJ,True
D10,7,surveillance,NN,NN,True
D10,7,involves,VBZ,VBZ,True
D10,7,more,RBR,RBR,True
D10,7,direct,JJ,JJ,True
D10,7,efforts,NNS,NNS,True
D10,7,to,TO,TO,True
D10,7,identify,VB,VB,True
D10,7,cases,NNS,NNS,True
D10,7,and,CC,CC,True
D10,7,can,MD,MD,True
D10,7,improve,VB,VB,True
D10,7,completeness,NN,NN,True
D10,7,at,IN,IN,True
D10,7,greater,JJR,JJR,True
D10,7,cost,NN,NN,True
D10,7,.,.,.,True
D10,8,Sentinel,NNP,NNP,True
D10,8,surveillance,NN,NNP,False
D10,8,collects,NNS,VBZ,False
D10,8,detailed,VBN,JJ,False
D10,8,information,NN,NN,True
D10,8,from,IN,IN,True
D10,8,selected,VBN,VBN,True
D10,8,sites,NNS,NNS,True
D10,8,and,CC,CC,True
D10,8,may,MD,MD,True
D10,8,be,VB,VB,True
D10,8,useful,JJ,JJ,True
D10,8,for,IN,IN,True
D10,8,monitoring,VBG,NN,False
D10,8,trends,NNS,NNS,True
D10,8,.,.,.,True
D10,9,Surveillance,NNP,NNP,True
D10,9,data,NNS,NNP,False
D10,9,should,MD,MD,True
D10,9,be,VB,VB,True
D10,9,interpreted,VBN,VBN,True
D10,9,carefully,RB,RB,True
D10,9,.,.,.,True
D10,10,Changes,NNS,NNS,True
D10,10,in,IN,IN,True
D10,10,reporting,VBG,VBG,True
D10,10,systems,NNS,NNS,True
D10,10,",",",",",",True
D10,10,testing,VBG,NN,False
D10,10,practices,NNS,NNS,True
D10,10,",",",",",",True
D10,10,healthcare,JJ,VBP,False
D10,10,access,NN,NN,True
D10,10,",",",",",",True
D10,10,or,CC,CC,True
D10,10,case,NN,NN,True
D10,10,definitions,NNS,NNS,True
D10,10,can,MD,MD,True
D10,10,create,VB,VB,True
D10,10,apparent,JJ,JJ,True
D10,10,changes,NNS,NNS,True
D10,10,that,WDT,WDT,True
D10,10,are,VBP,VBP,True
D10,10,not,RB,RB,True
D10,10,purely,RB,RB,True
D10,10,epidemiological,JJ,JJ,True
D10,10,.,.,.,True
D10,11,Public-health,NNP,NN,False
D10,11,decision-making,NN,VBG,False
D10,11,therefore,NN,RB,False
D10,11,benefits,NNS,VBZ,False
D10,11,from,IN,IN,True
D10,11,triangulating,VBG,VBG,True
D10,11,multiple,JJ,JJ,True
D10,11,data,NNS,NNS,True
D10,11,sources,NNS,NNS,True
D10,11,.,.,.,True
D11,1,Infection,NNP,NN,False
D11,1,Prevention,NNP,NN,False
D11,1,in,IN,IN,True
D11,1,Healthcare,NNP,NNP,True
D11,1,Settings,NNP,NNP,True
D11,1,Healthcare,NNP,NNP,True
D11,1,facilities,NNS,NNPS,False
D11,1,require,VBP,NNP,False
D11,1,layered,JJ,VBD,False
D11,1,infection-prevention,NN,NN,True
D11,1,measures,NNS,NNS,True
D11,1,because,IN,IN,True
D11,1,patients,NNS,NNS,True
D11,1,and,CC,CC,True
D11,1,healthcare,JJ,JJ,True
D11,1,workers,NNS,NNS,True
D11,1,may,MD,MD,True
D11,1,encounter,RB,VB,False
D11,1,infectious,JJ,JJ,True
D11,1,individuals,NNS,NNS,True
D11,1,in,IN,IN,True
D11,1,close-contact,JJ,JJ,True
D11,1,environments,NNS,NNS,True
D11,1,.,.,.,True
D11,2,Core,NN,NN,True
D11,2,practices,NNS,NNS,True
D11,2,include,VBP,VBP,True
D11,2,hand,NN,NNP,False
D11,2,hygiene,NN,NNP,False
D11,2,",",",",",",True
D11,2,appropriate,JJ,JJ,True
D11,2,use,NN,NN,True
D11,2,of,IN,IN,True
D11,2,personal,JJ,JJ,True
D11,2,protective,JJ,JJ,True
D11,2,equipment,NN,NN,True
D11,2,",",",",",",True
D11,2,environmental,JJ,JJ,True
D11,2,cleaning,NN,NN,True
D11,2,",",",",",",True
D11,2,respiratory,NN,NNP,False
D11,2,hygiene,NN,NNP,False
D11,2,",",",",",",True
D11,2,and,CC,CC,True
D11,2,safe,JJ,JJ,True
D11,2,patient,NN,NN,True
D11,2,placement,NN,NN,True
D11,2,.,.,.,True
D11,3,Administrative,JJ,JJ,True
D11,3,measures,NNS,NNS,True
D11,3,can,MD,MD,True
D11,3,include,VB,VB,True
D11,3,screening,VBG,VBG,True
D11,3,or,CC,CC,True
D11,3,triage,NN,NN,True
D11,3,procedures,NNS,NNS,True
D11,3,",",",",",",True
D11,3,staff,NN,NN,True
D11,3,training,NN,NN,True
D11,3,",",",",",",True
D11,3,vaccination,NN,NN,True
D11,3,programs,NNS,NNS,True
D11,3,",",",",",",True
D11,3,and,CC,CC,True
D11,3,policies,NNS,NNS,True
D11,3,for,IN,IN,True
D11,3,managing,VBG,VBG,True
D11,3,symptomatic,JJ,JJ,True
D11,3,healthcare,NN,NN,True
D11,3,workers,NNS,NNS,True
D11,3,.,.,.,True
D11,4,Engineering,VBG,NNP,False
D11,4,controls,NNS,NNP,False
D11,4,include,VBP,NNP,False
D11,4,ventilation,NN,NNP,False
D11,4,",",",",",",True
D11,4,physical,JJ,JJ,True
D11,4,separation,NN,NN,True
D11,4,",",",",",",True
D11,4,and,CC,CC,True
D11,4,room,NN,NN,True
D11,4,design,NN,NN,True
D11,4,.,.,.,True
D11,5,Personal,JJ,JJ,True
D11,5,protective,JJ,JJ,True
D11,5,equipment,NN,NN,True
D11,5,is,VBZ,VBZ,True
D11,5,selected,VBN,VBN,True
D11,5,according,VBG,VBG,True
D11,5,to,TO,TO,True
D11,5,the,DT,DT,True
D11,5,anticipated,JJ,VBN,False
D11,5,exposure,NN,NN,True
D11,5,and,CC,CC,True
D11,5,task,NN,NN,True
D11,5,.,.,.,True
D11,6,Infection,NNP,NN,False
D11,6,prevention,NN,NN,True
D11,6,programs,NNS,NNS,True
D11,6,also,RB,RB,True
D11,6,depend,VBP,VBP,True
D11,6,on,IN,IN,True
D11,6,monitoring,NN,NN,True
D11,6,.,.,.,True
D11,7,Facilities,NNS,NNS,True
D11,7,can,MD,MD,True
D11,7,track,VB,VB,True
D11,7,healthcare-associated,JJ,JJ,True
D11,7,infections,NNS,NNS,True
D11,7,",",",",",",True
D11,7,respiratory,JJ,JJ,True
D11,7,illness,NN,NN,True
D11,7,among,IN,IN,True
D11,7,staff,NN,NN,True
D11,7,",",",",",",True
D11,7,compliance,NN,NN,True
D11,7,with,IN,IN,True
D11,7,selected,VBN,VBN,True
D11,7,practices,NNS,NNS,True
D11,7,",",",",",",True
D11,7,and,CC,CC,True
D11,7,environmental,JJ,JJ,True
D11,7,indicators,NNS,NNS,True
D11,7,.,.,.,True
D11,8,Training,NN,NN,True
D11,8,should,MD,MD,True
D11,8,be,VB,VB,True
D11,8,repeated,VBN,VBN,True
D11,8,and,CC,CC,True
D11,8,adapted,VBN,VBN,True
D11,8,when,WRB,WRB,True
D11,8,evidence,NN,NN,True
D11,8,or,CC,CC,True
D11,8,recommendations,NNS,NNS,True
D11,8,change,VBP,NN,False
D11,8,.,.,.,True
D11,9,No,DT,DT,True
D11,9,single,JJ,JJ,True
D11,9,control,NN,NN,True
D11,9,is,VBZ,VBZ,True
D11,9,sufficient,JJ,JJ,True
D11,9,in,IN,IN,True
D11,9,every,DT,DT,True
D11,9,situation,NN,NN,True
D11,9,.,.,.,True
D11,10,Layered,VBN,VBN,True
D11,10,prevention,NN,NN,True
D11,10,reduces,NNS,NNS,True
D11,10,reliance,NN,NNP,False
D11,10,on,IN,IN,True
D11,10,one,CD,CD,True
D11,10,barrier,NN,NN,True
D11,10,and,CC,CC,True
D11,10,can,MD,MD,True
D11,10,be,VB,VB,True
D11,10,adapted,VBN,VBN,True
D11,10,according,VBG,VBG,True
D11,10,to,TO,TO,True
D11,10,the,DT,DT,True
D11,10,pathogen,NN,NN,True
D11,10,",",",",",",True
D11,10,transmission,NN,NN,True
D11,10,route,NN,NN,True
D11,10,",",",",",",True
D11,10,patient,JJ,JJ,True
D11,10,population,NN,NN,True
D11,10,",",",",",",True
D11,10,and,CC,CC,True
D11,10,local,JJ,JJ,True
D11,10,outbreak,NN,JJ,False
D11,10,conditions,NNS,NNS,True
D11,10,.,.,.,True
D12,1,Vaccine,NNP,NNP,True
D12,1,Safety,NNP,NNP,True
D12,1,and,CC,CC,True
D12,1,Adverse,NNP,NNP,True
D12,1,Event,NNP,NNP,True
D12,1,Monitoring,NNP,NNP,True
D12,1,Vaccine,NNP,NNP,True
D12,1,safety,NN,NNP,False
D12,1,monitoring,NN,NNP,False
D12,1,continues,VBZ,VBZ,True
D12,1,after,IN,IN,True
D12,1,vaccines,NNS,NNS,True
D12,1,are,VBP,VBP,True
D12,1,authorized,VBN,VBN,True
D12,1,or,CC,CC,True
D12,1,licensed,VBN,VBN,True
D12,1,because,IN,IN,True
D12,1,very,RB,RB,True
D12,1,rare,JJ,JJ,True
D12,1,adverse,JJ,JJ,True
D12,1,events,NNS,NNS,True
D12,1,may,MD,MD,True
D12,1,only,RB,RB,True
D12,1,become,VB,VB,True
D12,1,detectable,JJ,JJ,True
D12,1,when,WRB,WRB,True
D12,1,millions,NNS,NNS,True
D12,1,of,IN,IN,True
D12,1,doses,NNS,NNS,True
D12,1,are,VBP,VBP,True
D12,1,administered,VBN,VBN,True
D12,1,.,.,.,True
D12,2,Surveillance,NN,NN,True
D12,2,systems,NNS,NNS,True
D12,2,collect,JJ,NN,False
D12,2,reports,NNS,NNS,True
D12,2,of,IN,IN,True
D12,2,health,NN,NN,True
D12,2,events,NNS,NNS,True
D12,2,that,WDT,IN,False
D12,2,occur,VBP,VBP,True
D12,2,after,IN,IN,True
D12,2,vaccination,NN,NN,True
D12,2,and,CC,CC,True
D12,2,investigate,NN,NN,True
D12,2,signals,NNS,NNS,True
D12,2,that,WDT,WDT,True
D12,2,may,MD,MD,True
D12,2,indicate,VB,VB,True
D12,2,a,DT,DT,True
D12,2,potential,JJ,JJ,True
D12,2,association,NN,NN,True
D12,2,.,.,.,True
D12,3,An,DT,DT,True
D12,3,adverse,JJ,JJ,True
D12,3,event,NN,NN,True
D12,3,following,VBG,VBG,True
D12,3,immunization,NN,NN,True
D12,3,is,VBZ,VBZ,True
D12,3,not,RB,RB,True
D12,3,automatically,RB,RB,True
D12,3,caused,VBN,VBN,True
D12,3,by,IN,IN,True
D12,3,the,DT,DT,True
D12,3,vaccine,NN,NN,True
D12,3,.,.,.,True
D12,4,The,DT,DT,True
D12,4,event,NN,NN,True
D12,4,may,MD,MD,True
D12,4,be,VB,VB,True
D12,4,coincidental,JJ,JJ,True
D12,4,",",",",",",True
D12,4,associated,VBN,VBN,True
D12,4,with,IN,IN,True
D12,4,another,DT,DT,True
D12,4,medical,JJ,JJ,True
D12,4,condition,NN,NN,True
D12,4,",",",",",",True
D12,4,or,CC,CC,True
D12,4,potentially,RB,RB,True
D12,4,related,VBN,VBN,True
D12,4,to,TO,TO,True
D12,4,vaccination,NN,NN,True
D12,4,.,.,.,True
D12,5,Safety,NNP,NNP,True
D12,5,assessment,NN,NNP,False
D12,5,therefore,NN,RB,False
D12,5,considers,NNS,VBZ,False
D12,5,background,VBP,NN,False
D12,5,rates,NNS,NNS,True
D12,5,",",",",",",True
D12,5,timing,NN,NN,True
D12,5,",",",",",",True
D12,5,biological,JJ,JJ,True
D12,5,plausibility,NN,NN,True
D12,5,",",",",",",True
D12,5,comparison,NN,NN,True
D12,5,groups,NNS,NNS,True
D12,5,",",",",",",True
D12,5,and,CC,CC,True
D12,5,other,JJ,JJ,True
D12,5,evidence,NN,NN,True
D12,5,.,.,.,True
D12,6,Passive,JJ,JJ,True
D12,6,reporting,NN,NN,True
D12,6,systems,NNS,NNS,True
D12,6,are,VBP,VBP,True
D12,6,valuable,JJ,JJ,True
D12,6,for,IN,IN,True
D12,6,signal,JJ,NN,False
D12,6,detection,NN,NN,True
D12,6,but,CC,CC,True
D12,6,can,MD,MD,True
D12,6,be,VB,VB,True
D12,6,affected,VBN,VBN,True
D12,6,by,IN,IN,True
D12,6,underreporting,VBG,VBG,True
D12,6,",",",",",",True
D12,6,stimulated,VBD,VBD,True
D12,6,reporting,NN,NN,True
D12,6,",",",",",",True
D12,6,and,CC,CC,True
D12,6,incomplete,JJ,JJ,True
D12,6,clinical,JJ,JJ,True
D12,6,information,NN,NN,True
D12,6,.,.,.,True
D12,7,Active,JJ,JJ,True
D12,7,surveillance,NN,NN,True
D12,7,and,CC,CC,True
D12,7,epidemiological,JJ,JJ,True
D12,7,studies,NNS,NNS,True
D12,7,can,MD,MD,True
D12,7,provide,VB,VB,True
D12,7,stronger,JJR,JJR,True
D12,7,estimates,NNS,NNS,True
D12,7,of,IN,IN,True
D12,7,incidence,NN,NN,True
D12,7,and,CC,CC,True
D12,7,relative,JJ,JJ,True
D12,7,risk,NN,NN,True
D12,7,.,.,.,True
D12,8,Clear,JJ,JJ,True
D12,8,communication,NN,NN,True
D12,8,should,MD,MD,True
D12,8,distinguish,VB,VB,True
D12,8,a,DT,DT,True
D12,8,reported,JJ,VBN,False
D12,8,event,NN,NN,True
D12,8,from,IN,IN,True
D12,8,a,DT,DT,True
D12,8,confirmed,VBN,VBN,True
D12,8,causal,NN,NN,True
D12,8,relationship,NN,NN,True
D12,8,.,.,.,True
D12,9,Vaccine,NNP,NNP,True
D12,9,safety,NN,NNP,False
D12,9,decisions,NNS,NNS,True
D12,9,are,VBP,VBP,True
D12,9,based,VBN,VBN,True
D12,9,on,IN,IN,True
D12,9,accumulated,JJ,VBN,False
D12,9,evidence,NN,NN,True
D12,9,rather,RB,RB,True
D12,9,than,IN,IN,True
D12,9,a,DT,DT,True
D12,9,single,JJ,JJ,True
D12,9,report,NN,NN,True
D12,9,.,.,.,True
D12,10,Monitoring,VBG,NN,False
D12,10,can,MD,MD,True
D12,10,lead,VB,VB,True
D12,10,to,TO,TO,True
D12,10,updated,JJ,VBN,False
D12,10,warnings,NNS,NNS,True
D12,10,",",",",",",True
D12,10,recommendations,NNS,NNS,True
D12,10,",",",",",",True
D12,10,or,CC,CC,True
D12,10,continued,VBN,VBD,False
D12,10,use,NN,NN,True
D12,10,when,WRB,WRB,True
D12,10,evidence,NN,NN,True
D12,10,supports,VBZ,NNS,False
D12,10,a,DT,DT,True
D12,10,favorable,JJ,JJ,True
D12,10,benefit-risk,JJ,JJ,True
D12,10,profile,NN,NN,True
D12,10,.,.,.,True
D13,1,Risk,NN,VB,False
D13,1,Communication,NNP,NN,False
D13,1,During,IN,IN,True
D13,1,Infectious,NNP,JJ,False
D13,1,Disease,NNP,NN,False
D13,1,Events,NNP,NNS,False
D13,1,Risk,NNP,VB,False
D13,1,communication,NN,NN,True
D13,1,provides,VBZ,VBZ,True
D13,1,people,NNS,NNS,True
D13,1,with,IN,IN,True
D13,1,information,NN,NN,True
D13,1,needed,VBN,VBD,False
D13,1,to,TO,TO,True
D13,1,understand,VB,VB,True
D13,1,a,DT,DT,True
D13,1,public-health,NN,NN,True
D13,1,threat,NN,NN,True
D13,1,and,CC,CC,True
D13,1,make,VB,NN,False
D13,1,informed,JJ,VBD,False
D13,1,decisions,NNS,NNS,True
D13,1,.,.,.,True
D13,2,Effective,JJ,JJ,True
D13,2,communication,NN,NN,True
D13,2,should,MD,MD,True
D13,2,explain,VB,VB,True
D13,2,what,WP,WP,True
D13,2,is,VBZ,VBZ,True
D13,2,known,VBN,VBN,True
D13,2,",",",",",",True
D13,2,what,WP,WP,True
D13,2,is,VBZ,VBZ,True
D13,2,uncertain,JJ,JJ,True
D13,2,",",",",",",True
D13,2,what,WP,WP,True
D13,2,actions,NNS,NNS,True
D13,2,are,VBP,VBP,True
D13,2,recommended,VBN,VBN,True
D13,2,",",",",",",True
D13,2,and,CC,CC,True
D13,2,why,WRB,WRB,True
D13,2,recommendations,NNS,NNS,True
D13,2,may,MD,MD,True
D13,2,change,VB,VB,True
D13,2,.,.,.,True
D13,3,Numbers,NNS,NNS,True
D13,3,should,MD,MD,True
D13,3,be,VB,VB,True
D13,3,presented,VBN,VBN,True
D13,3,with,IN,IN,True
D13,3,context,NN,NN,True
D13,3,.,.,.,True
D13,4,For,IN,IN,True
D13,4,example,NN,NN,True
D13,4,",",",",",",True
D13,4,a,DT,DT,True
D13,4,percentage,NN,NN,True
D13,4,without,IN,IN,True
D13,4,a,DT,DT,True
D13,4,denominator,NN,NN,True
D13,4,",",",",",",True
D13,4,comparison,NN,NN,True
D13,4,group,NN,NN,True
D13,4,",",",",",",True
D13,4,time,NN,NN,True
D13,4,period,NN,NN,True
D13,4,",",",",",",True
D13,4,or,CC,CC,True
D13,4,outcome,NN,JJ,False
D13,4,can,MD,MD,True
D13,4,be,VB,VB,True
D13,4,misleading,JJ,VBG,False
D13,4,.,.,.,True
D13,5,Communicators,NNS,NNS,True
D13,5,should,MD,MD,True
D13,5,distinguish,VB,VB,True
D13,5,absolute,NN,JJ,False
D13,5,risk,NN,NN,True
D13,5,from,IN,IN,True
D13,5,relative,JJ,JJ,True
D13,5,risk,NN,NN,True
D13,5,and,CC,CC,True
D13,5,avoid,VB,VBD,False
D13,5,implying,VBG,VBG,True
D13,5,certainty,NN,NN,True
D13,5,when,WRB,WRB,True
D13,5,evidence,NN,NN,True
D13,5,remains,VBZ,VBZ,True
D13,5,limited,JJ,VBN,False
D13,5,.,.,.,True
D13,6,Trust,NNP,NN,False
D13,6,can,MD,MD,True
D13,6,be,VB,VB,True
D13,6,supported,VBN,VBN,True
D13,6,by,IN,IN,True
D13,6,acknowledging,VBG,VBG,True
D13,6,uncertainty,NN,NN,True
D13,6,rather,RB,RB,True
D13,6,than,IN,IN,True
D13,6,hiding,VBG,VBG,True
D13,6,it,PRP,PRP,True
D13,6,.,.,.,True
D13,7,During,IN,IN,True
D13,7,a,DT,DT,True
D13,7,rapidly,RB,RB,True
D13,7,changing,VBG,VBG,True
D13,7,outbreak,NN,JJ,False
D13,7,",",",",",",True
D13,7,evidence,NN,NN,True
D13,7,can,MD,MD,True
D13,7,evolve,VB,VB,True
D13,7,as,IN,IN,True
D13,7,new,JJ,JJ,True
D13,7,studies,NNS,NNS,True
D13,7,become,VBP,VBP,True
D13,7,available,JJ,JJ,True
D13,7,.,.,.,True
D13,8,Explaining,VBG,VBG,True
D13,8,the,DT,DT,True
D13,8,reason,NN,NN,True
D13,8,for,IN,IN,True
D13,8,an,DT,DT,True
D13,8,updated,JJ,VBN,False
D13,8,recommendation,NN,NN,True
D13,8,can,MD,MD,True
D13,8,help,VB,VB,True
D13,8,people,NNS,NNS,True
D13,8,understand,VBP,VBP,True
D13,8,that,IN,IN,True
D13,8,changing,VBG,VBG,True
D13,8,guidance,NN,NN,True
D13,8,does,VBZ,VBZ,True
D13,8,not,RB,RB,True
D13,8,necessarily,RB,RB,True
D13,8,mean,VB,VB,True
D13,8,that,IN,DT,False
D13,8,earlier,JJR,JJR,True
D13,8,information,NN,NN,True
D13,8,was,VBD,VBD,True
D13,8,intentionally,RB,RB,True
D13,8,misleading,JJ,VBG,False
D13,8,.,.,.,True
D13,9,Communication,NN,NN,True
D13,9,should,MD,MD,True
D13,9,also,RB,RB,True
D13,9,consider,VB,VB,True
D13,9,language,NN,NN,True
D13,9,",",",",",",True
D13,9,accessibility,NN,NN,True
D13,9,",",",",",",True
D13,9,cultural,JJ,JJ,True
D13,9,context,NN,NN,True
D13,9,",",",",",",True
D13,9,and,CC,CC,True
D13,9,misinformation,NN,NN,True
D13,9,.,.,.,True
D13,10,Public-health,NN,NN,True
D13,10,messages,NNS,NNS,True
D13,10,are,VBP,VBP,True
D13,10,more,RBR,RBR,True
D13,10,useful,JJ,JJ,True
D13,10,when,WRB,WRB,True
D13,10,they,PRP,PRP,True
D13,10,provide,VBP,VBP,True
D13,10,practical,JJ,JJ,True
D13,10,actions,NNS,NNS,True
D13,10,and,CC,CC,True
D13,10,identify,VB,VB,True
D13,10,reliable,JJ,JJ,True
D13,10,sources,NNS,NNS,True
D13,10,for,IN,IN,True
D13,10,additional,JJ,JJ,True
D13,10,information,NN,NN,True
D13,10,.,.,.,True
D14,1,Respiratory,JJ,NNP,False
D14,1,Infection,NNP,NNP,True
D14,1,Prevention,NNP,NNP,True
D14,1,in,IN,IN,True
D14,1,Schools,NNP,NNP,True
D14,1,Schools,NNP,NNP,True
D14,1,are,VBP,VBP,True
D14,1,environments,NNS,NNS,True
D14,1,where,WRB,WRB,True
D14,1,students,NNS,NNS,True
D14,1,and,CC,CC,True
D14,1,staff,NN,NN,True
D14,1,interact,NN,NN,True
D14,1,frequently,RB,RB,True
D14,1,",",",",",",True
D14,1,so,RB,RB,True
D14,1,respiratory,JJ,NN,False
D14,1,infections,NNS,NNS,True
D14,1,can,MD,MD,True
D14,1,spread,VB,VB,True
D14,1,through,IN,IN,True
D14,1,close,JJ,NN,False
D14,1,contact,NN,NN,True
D14,1,and,CC,CC,True
D14,1,shared,VBD,VBD,True
D14,1,indoor,JJ,NN,False
D14,1,air,NN,NN,True
D14,1,.,.,.,True
D14,2,Prevention,NN,NN,True
D14,2,strategies,NNS,NNS,True
D14,2,should,MD,MD,True
D14,2,be,VB,VB,True
D14,2,proportionate,VB,RB,False
D14,2,to,TO,TO,True
D14,2,local,JJ,JJ,True
D14,2,disease,NN,NN,True
D14,2,activity,NN,NN,True
D14,2,and,CC,CC,True
D14,2,the,DT,DT,True
D14,2,needs,NNS,NNS,True
D14,2,of,IN,IN,True
D14,2,the,DT,DT,True
D14,2,school,NN,NN,True
D14,2,community,NN,NN,True
D14,2,.,.,.,True
D14,3,Ventilation,NN,NN,True
D14,3,can,MD,MD,True
D14,3,reduce,VB,VB,True
D14,3,accumulation,NN,NN,True
D14,3,of,IN,IN,True
D14,3,infectious,JJ,JJ,True
D14,3,respiratory,NN,NN,True
D14,3,particles,NNS,NNS,True
D14,3,indoors,NNS,NNS,True
D14,3,.,.,.,True
D14,4,Outdoor,JJ,JJ,True
D14,4,activities,NNS,NNS,True
D14,4,can,MD,MD,True
D14,4,provide,VB,VB,True
D14,4,lower-risk,JJ,JJ,True
D14,4,alternatives,NNS,NNS,True
D14,4,when,WRB,WRB,True
D14,4,practical,NN,JJ,False
D14,4,.,.,.,True
D14,5,Encouraging,JJ,VBG,False
D14,5,people,NNS,NNS,True
D14,5,with,IN,IN,True
D14,5,acute,JJ,JJ,True
D14,5,respiratory,NN,NN,True
D14,5,illness,NN,NN,True
D14,5,to,TO,TO,True
D14,5,stay,VB,VB,True
D14,5,home,NN,NN,True
D14,5,can,MD,MD,True
D14,5,reduce,VB,VB,True
D14,5,opportunities,NNS,NNS,True
D14,5,for,IN,IN,True
D14,5,transmission,NN,NN,True
D14,5,.,.,.,True
D14,6,Schools,NNS,NNS,True
D14,6,can,MD,MD,True
D14,6,also,RB,RB,True
D14,6,support,VB,VB,True
D14,6,routine,JJ,NNP,False
D14,6,vaccination,NN,NNP,False
D14,6,according,VBG,VBG,True
D14,6,to,TO,TO,True
D14,6,national,JJ,NNP,False
D14,6,and,CC,CC,True
D14,6,local,JJ,JJ,True
D14,6,recommendations,NNS,NNS,True
D14,6,.,.,.,True
D14,7,Clear,JJ,JJ,True
D14,7,procedures,NNS,NNS,True
D14,7,for,IN,IN,True
D14,7,responding,VBG,VBG,True
D14,7,to,TO,TO,True
D14,7,clusters,NNS,NNS,True
D14,7,of,IN,IN,True
D14,7,illness,NN,NN,True
D14,7,help,NN,NN,True
D14,7,staff,NN,NN,True
D14,7,identify,VB,NN,False
D14,7,when,WRB,WRB,True
D14,7,public-health,NN,JJ,False
D14,7,consultation,NN,NN,True
D14,7,may,MD,MD,True
D14,7,be,VB,VB,True
D14,7,needed,VBN,VBN,True
D14,7,.,.,.,True
D14,8,Communication,NN,NN,True
D14,8,with,IN,IN,True
D14,8,families,NNS,NNS,True
D14,8,should,MD,MD,True
D14,8,explain,VB,VB,True
D14,8,symptoms,NNS,NNS,True
D14,8,",",",",",",True
D14,8,prevention,NN,NN,True
D14,8,measures,NNS,NNS,True
D14,8,",",",",",",True
D14,8,and,CC,CC,True
D14,8,when,WRB,WRB,True
D14,8,students,NNS,NNS,True
D14,8,should,MD,MD,True
D14,8,remain,VB,VB,True
D14,8,at,IN,IN,True
D14,8,home,NN,NN,True
D14,8,.,.,.,True
D14,9,Outbreak,NNP,JJ,False
D14,9,response,NN,NN,True
D14,9,should,MD,MD,True
D14,9,consider,VB,VB,True
D14,9,educational,JJ,JJ,True
D14,9,continuity,NN,NN,True
D14,9,as,RB,RB,True
D14,9,well,RB,RB,True
D14,9,as,IN,IN,True
D14,9,disease,NN,NN,True
D14,9,control,NN,NN,True
D14,9,.,.,.,True
D14,10,Measures,NNS,NNS,True
D14,10,can,MD,MD,True
D14,10,be,VB,VB,True
D14,10,targeted,VBN,VBN,True
D14,10,according,VBG,VBG,True
D14,10,to,TO,TO,True
D14,10,evidence,NN,NN,True
D14,10,rather,RB,RB,True
D14,10,than,IN,IN,True
D14,10,relying,VBG,VBG,True
D14,10,automatically,RB,RB,True
D14,10,on,IN,IN,True
D14,10,broad,JJ,JJ,True
D14,10,closures,NNS,NNS,True
D14,10,.,.,.,True
D14,11,Coordination,NN,NN,True
D14,11,among,IN,IN,True
D14,11,school,NN,NN,True
D14,11,administrators,NNS,NNS,True
D14,11,",",",",",",True
D14,11,healthcare,NN,NN,True
D14,11,professionals,NNS,NNS,True
D14,11,",",",",",",True
D14,11,families,NNS,NNS,True
D14,11,",",",",",",True
D14,11,and,CC,CC,True
D14,11,public-health,NN,JJ,False
D14,11,authorities,NNS,NNS,True
D14,11,is,VBZ,VBZ,True
D14,11,important,JJ,JJ,True
D14,11,.,.,.,True
D15,1,Protecting,VBG,VBG,True
D15,1,Higher-Risk,JJ,JJ,True
D15,1,Populations,NNS,NNS,True
D15,1,During,IN,IN,True
D15,1,Respiratory,NNP,NNP,True
D15,1,Virus,NNP,NNP,True
D15,1,Activity,NNP,NNP,True
D15,1,Some,DT,DT,True
D15,1,people,NNS,NNS,True
D15,1,have,VBP,VBP,True
D15,1,a,DT,DT,True
D15,1,higher,JJR,JJR,True
D15,1,risk,NN,NN,True
D15,1,of,IN,IN,True
D15,1,severe,JJ,JJ,True
D15,1,outcomes,NNS,NNS,True
D15,1,from,IN,IN,True
D15,1,respiratory,NN,NN,True
D15,1,infections,NNS,NNS,True
D15,1,because,IN,IN,True
D15,1,of,IN,IN,True
D15,1,age,NN,NN,True
D15,1,",",",",",",True
D15,1,underlying,VBG,VBG,True
D15,1,medical,JJ,JJ,True
D15,1,conditions,NNS,NNS,True
D15,1,",",",",",",True
D15,1,immune,NN,JJ,False
D15,1,status,NN,NN,True
D15,1,",",",",",",True
D15,1,pregnancy,NN,NN,True
D15,1,",",",",",",True
D15,1,or,CC,CC,True
D15,1,other,JJ,JJ,True
D15,1,factors,NNS,NNS,True
D15,1,.,.,.,True
D15,2,Public-health,NN,NN,True
D15,2,planning,NN,NN,True
D15,2,can,MD,MD,True
D15,2,reduce,VB,VB,True
D15,2,harm,NN,NN,True
D15,2,by,IN,IN,True
D15,2,ensuring,VBG,NN,False
D15,2,that,IN,IN,True
D15,2,higher-risk,JJ,JJ,True
D15,2,groups,NNS,NNS,True
D15,2,have,VBP,VBP,True
D15,2,access,NN,NN,True
D15,2,to,TO,TO,True
D15,2,vaccination,NN,NN,True
D15,2,",",",",",",True
D15,2,timely,RB,RB,True
D15,2,testing,VBG,NN,False
D15,2,when,WRB,WRB,True
D15,2,appropriate,NN,NN,True
D15,2,",",",",",",True
D15,2,clinical,JJ,JJ,True
D15,2,care,NN,NN,True
D15,2,",",",",",",True
D15,2,and,CC,CC,True
D15,2,clear,JJ,JJ,True
D15,2,prevention,NN,NN,True
D15,2,information,NN,NN,True
D15,2,.,.,.,True
D15,3,Protection,NN,NN,True
D15,3,can,MD,MD,True
D15,3,involve,VB,VB,True
D15,3,individual,JJ,JJ,True
D15,3,and,CC,CC,True
D15,3,community,NN,NN,True
D15,3,measures,NNS,NNS,True
D15,3,.,.,.,True
D15,4,Healthcare,NNP,NNP,True
D15,4,facilities,NNS,NNPS,False
D15,4,and,CC,CC,True
D15,4,residential,JJ,JJ,True
D15,4,settings,NNS,NNS,True
D15,4,may,MD,MD,True
D15,4,use,VB,VB,True
D15,4,additional,JJ,JJ,True
D15,4,precautions,NNS,NNS,True
D15,4,during,IN,IN,True
D15,4,periods,NNS,NNS,True
D15,4,of,IN,IN,True
D15,4,elevated,JJ,VBN,False
D15,4,transmission,NN,NN,True
D15,4,.,.,.,True
D15,5,Family,JJ,NN,False
D15,5,members,NNS,NNS,True
D15,5,and,CC,CC,True
D15,5,caregivers,NNS,NNS,True
D15,5,can,MD,MD,True
D15,5,reduce,VB,VB,True
D15,5,exposure,NN,NN,True
D15,5,opportunities,NNS,NNS,True
D15,5,when,WRB,WRB,True
D15,5,respiratory,NN,NN,True
D15,5,viruses,NNS,NNS,True
D15,5,are,VBP,VBP,True
D15,5,circulating,VBG,VBG,True
D15,5,widely,RB,RB,True
D15,5,.,.,.,True
D15,6,Risk,NN,NN,True
D15,6,is,VBZ,VBZ,True
D15,6,not,RB,RB,True
D15,6,determined,VBN,VBN,True
D15,6,by,IN,IN,True
D15,6,a,DT,DT,True
D15,6,single,JJ,JJ,True
D15,6,characteristic,NN,NN,True
D15,6,.,.,.,True
D15,7,Age,NNP,NN,False
D15,7,",",",",",",True
D15,7,vaccination,NN,NN,True
D15,7,status,NN,NN,True
D15,7,",",",",",",True
D15,7,previous,JJ,JJ,True
D15,7,immunity,NN,NN,True
D15,7,",",",",",",True
D15,7,treatment,NN,NN,True
D15,7,access,NN,NN,True
D15,7,",",",",",",True
D15,7,and,CC,CC,True
D15,7,circulating,VBG,VBG,True
D15,7,viral,JJ,JJ,True
D15,7,strains,NNS,NNS,True
D15,7,can,MD,MD,True
D15,7,interact,VB,VB,True
D15,7,.,.,.,True
D15,8,Public-health,NNP,NN,False
D15,8,communication,NN,NN,True
D15,8,should,MD,MD,True
D15,8,therefore,VB,RB,False
D15,8,avoid,RP,VB,False
D15,8,assuming,VBG,VBG,True
D15,8,that,IN,IN,True
D15,8,all,DT,DT,True
D15,8,members,NNS,NNS,True
D15,8,of,IN,IN,True
D15,8,a,DT,DT,True
D15,8,broad,JJ,JJ,True
D15,8,category,NN,NN,True
D15,8,have,VBP,VBP,True
D15,8,identical,JJ,JJ,True
D15,8,risk,NN,NN,True
D15,8,.,.,.,True
D15,9,Equitable,JJ,NNP,False
D15,9,access,NN,NN,True
D15,9,is,VBZ,VBZ,True
D15,9,an,DT,DT,True
D15,9,important,JJ,JJ,True
D15,9,part,NN,NN,True
D15,9,of,IN,IN,True
D15,9,prevention,NN,NN,True
D15,9,.,.,.,True
D15,10,Barriers,NNS,NNS,True
D15,10,such,JJ,JJ,True
D15,10,as,IN,IN,True
D15,10,transportation,NN,NN,True
D15,10,",",",",",",True
D15,10,cost,NN,NN,True
D15,10,",",",",",",True
D15,10,language,NN,NN,True
D15,10,",",",",",",True
D15,10,digital,JJ,JJ,True
D15,10,access,NN,NN,True
D15,10,",",",",",",True
D15,10,and,CC,CC,True
D15,10,healthcare,JJ,NNP,False
D15,10,availability,NN,NNP,False
D15,10,can,MD,MD,True
D15,10,affect,VB,VB,True
D15,10,whether,IN,IN,True
D15,10,people,NNS,NNS,True
D15,10,are,VBP,VBP,True
D15,10,able,JJ,JJ,True
D15,10,to,TO,TO,True
D15,10,use,VB,VB,True
D15,10,recommended,JJ,VBN,False
D15,10,services,NNS,NNS,True
D15,10,.,.,.,True
D16,1,Testing,VBG,NN,False
D16,1,and,CC,CC,True
D16,1,Antiviral,NNP,JJ,False
D16,1,Treatment,NNP,NN,False
D16,1,in,IN,IN,True
D16,1,COVID-19,NNP,JJ,False
D16,1,Care,NNP,NN,False
D16,1,Testing,NNP,NN,False
D16,1,can,MD,MD,True
D16,1,help,VB,VB,True
D16,1,identify,VB,VB,True
D16,1,SARS-CoV-2,JJ,JJ,True
D16,1,infection,NN,NN,True
D16,1,and,CC,CC,True
D16,1,inform,VB,NN,False
D16,1,clinical,JJ,NN,False
D16,1,or,CC,CC,True
D16,1,public-health,JJ,NN,False
D16,1,decisions,NNS,NNS,True
D16,1,.,.,.,True
D16,2,Different,NN,JJ,False
D16,2,tests,NNS,NNS,True
D16,2,have,VBP,VBP,True
D16,2,different,JJ,JJ,True
D16,2,characteristics,NNS,NNS,True
D16,2,.,.,.,True
D16,3,Molecular,JJ,JJ,True
D16,3,tests,NNS,NNS,True
D16,3,can,MD,MD,True
D16,3,detect,VB,VB,True
D16,3,viral,JJ,JJ,True
D16,3,genetic,JJ,JJ,True
D16,3,material,NN,NN,True
D16,3,",",",",",",True
D16,3,while,IN,IN,True
D16,3,antigen,NN,NN,True
D16,3,tests,NNS,NNS,True
D16,3,detect,VBP,VBP,True
D16,3,viral,JJ,JJ,True
D16,3,proteins,NNS,NNS,True
D16,3,and,CC,CC,True
D16,3,may,MD,MD,True
D16,3,provide,VB,VB,True
D16,3,rapid,JJ,JJ,True
D16,3,results,NNS,NNS,True
D16,3,.,.,.,True
D16,4,Test,NNP,NN,False
D16,4,performance,NN,NN,True
D16,4,depends,VBZ,NNS,False
D16,4,on,IN,IN,True
D16,4,timing,NN,NN,True
D16,4,",",",",",",True
D16,4,specimen,NNS,NNP,False
D16,4,collection,NN,NNP,False
D16,4,",",",",",",True
D16,4,and,CC,CC,True
D16,4,the,DT,DT,True
D16,4,stage,NN,NN,True
D16,4,of,IN,IN,True
D16,4,infection,NN,NN,True
D16,4,.,.,.,True
D16,5,A,DT,DT,True
D16,5,negative,JJ,JJ,True
D16,5,result,NN,NN,True
D16,5,does,VBZ,VBZ,True
D16,5,not,RB,RB,True
D16,5,always,RB,RB,True
D16,5,exclude,VBP,VBP,True
D16,5,infection,NN,NN,True
D16,5,",",",",",",True
D16,5,particularly,RB,RB,True
D16,5,when,WRB,WRB,True
D16,5,testing,VBG,NN,False
D16,5,occurs,RB,VBZ,False
D16,5,early,RB,RB,True
D16,5,or,CC,CC,True
D16,5,when,WRB,WRB,True
D16,5,the,DT,DT,True
D16,5,test,NN,NN,True
D16,5,has,VBZ,VBZ,True
D16,5,lower,JJR,JJR,True
D16,5,sensitivity,NN,NN,True
D16,5,.,.,.,True
D16,6,Interpretation,NN,NN,True
D16,6,should,MD,MD,True
D16,6,consider,VB,VB,True
D16,6,symptoms,NNS,NNS,True
D16,6,",",",",",",True
D16,6,exposure,NN,NN,True
D16,6,history,NN,NN,True
D16,6,",",",",",",True
D16,6,timing,NN,NN,True
D16,6,",",",",",",True
D16,6,and,CC,CC,True
D16,6,the,DT,DT,True
D16,6,specific,JJ,JJ,True
D16,6,test,NN,NN,True
D16,6,used,VBN,VBD,False
D16,6,.,.,.,True
D16,7,Antiviral,JJ,JJ,True
D16,7,treatment,NN,NN,True
D16,7,is,VBZ,VBZ,True
D16,7,intended,VBN,VBN,True
D16,7,to,TO,TO,True
D16,7,reduce,VB,VB,True
D16,7,the,DT,DT,True
D16,7,risk,NN,NN,True
D16,7,of,IN,IN,True
D16,7,severe,JJ,JJ,True
D16,7,disease,NN,NN,True
D16,7,in,IN,IN,True
D16,7,eligible,JJ,JJ,True
D16,7,patients,NNS,NNS,True
D16,7,.,.,.,True
D16,8,Eligibility,NN,NN,True
D16,8,",",",",",",True
D16,8,timing,NN,NN,True
D16,8,",",",",",",True
D16,8,contraindications,NNS,NNS,True
D16,8,",",",",",",True
D16,8,drug,NN,NN,True
D16,8,interactions,NNS,NNS,True
D16,8,",",",",",",True
D16,8,and,CC,CC,True
D16,8,treatment,NN,NNP,False
D16,8,selection,NN,NNP,False
D16,8,require,VB,NNP,False
D16,8,clinical,JJ,NNP,False
D16,8,assessment,NN,NNP,False
D16,8,.,.,.,True
D16,9,Public-health,JJ,NNP,False
D16,9,information,NN,NNP,False
D16,9,should,MD,MD,True
D16,9,not,RB,RB,True
D16,9,replace,VB,VB,True
D16,9,individualized,JJ,VBN,False
D16,9,medical,JJ,JJ,True
D16,9,advice,NN,NN,True
D16,9,.,.,.,True
D16,10,Testing,VBG,NN,False
D16,10,and,CC,CC,True
D16,10,treatment,NN,NN,True
D16,10,programs,NNS,NNS,True
D16,10,are,VBP,VBP,True
D16,10,most,RBS,RBS,True
D16,10,effective,JJ,JJ,True
D16,10,when,WRB,WRB,True
D16,10,people,NNS,NNS,True
D16,10,can,MD,MD,True
D16,10,access,NN,VB,False
D16,10,testing,VBG,NN,False
D16,10,promptly,RB,RB,True
D16,10,and,CC,CC,True
D16,10,healthcare,JJ,VBP,False
D16,10,systems,NNS,NNS,True
D16,10,can,MD,MD,True
D16,10,evaluate,VB,VB,True
D16,10,eligible,JJ,JJ,True
D16,10,patients,NNS,NNS,True
D16,10,without,IN,IN,True
D16,10,unnecessary,JJ,JJ,True
D16,10,delay,NN,NN,True
D16,10,.,.,.,True
D16,11,Surveillance,NNP,NNP,True
D16,11,data,NNS,NNP,False
D16,11,can,MD,MD,True
D16,11,also,RB,RB,True
D16,11,help,VB,VB,True
D16,11,authorities,NNS,NNS,True
D16,11,understand,VBP,VBP,True
D16,11,changes,NNS,NNS,True
D16,11,in,IN,IN,True
D16,11,testing,VBG,NN,False
D16,11,demand,NN,NN,True
D16,11,and,CC,CC,True
D16,11,disease,NN,NN,True
D16,11,activity,NN,NN,True
D16,11,.,.,.,True
D17,1,Health,NNP,NN,False
D17,1,Literacy,NNP,NN,False
D17,1,and,CC,CC,True
D17,1,Infectious,NNP,JJ,False
D17,1,Disease,NNP,NN,False
D17,1,Misinformation,NNP,NNP,True
D17,1,Health,NNP,NNP,True
D17,1,literacy,NN,NNP,False
D17,1,involves,VBZ,VBZ,True
D17,1,the,DT,DT,True
D17,1,ability,NN,NN,True
D17,1,to,TO,TO,True
D17,1,find,VB,VB,True
D17,1,",",",",",",True
D17,1,understand,VB,VBP,False
D17,1,",",",",",",True
D17,1,evaluate,VB,JJ,False
D17,1,",",",",",",True
D17,1,and,CC,CC,True
D17,1,use,VB,VB,True
D17,1,health,NN,NN,True
D17,1,information,NN,NN,True
D17,1,.,.,.,True
D17,2,During,IN,IN,True
D17,2,infectious,JJ,JJ,True
D17,2,disease,NN,NN,True
D17,2,outbreaks,NNS,NNS,True
D17,2,",",",",",",True
D17,2,people,NNS,NNS,True
D17,2,may,MD,MD,True
D17,2,encounter,VB,VB,True
D17,2,rapidly,RB,RB,True
D17,2,changing,VBG,VBG,True
D17,2,information,NN,NN,True
D17,2,through,IN,IN,True
D17,2,news,NN,NN,True
D17,2,",",",",",",True
D17,2,social,JJ,JJ,True
D17,2,media,NNS,NNS,True
D17,2,",",",",",",True
D17,2,messaging,VBG,VBG,True
D17,2,applications,NNS,NNS,True
D17,2,",",",",",",True
D17,2,and,CC,CC,True
D17,2,informal,JJ,JJ,True
D17,2,networks,NNS,NNS,True
D17,2,.,.,.,True
D17,3,Misinformation,NN,NN,True
D17,3,can,MD,MD,True
D17,3,arise,VB,VB,True
D17,3,from,IN,IN,True
D17,3,incorrect,JJ,JJ,True
D17,3,information,NN,NN,True
D17,3,",",",",",",True
D17,3,misunderstanding,NN,NN,True
D17,3,",",",",",",True
D17,3,outdated,VBD,VBD,True
D17,3,evidence,NN,NN,True
D17,3,",",",",",",True
D17,3,or,CC,CC,True
D17,3,misleading,VBG,VBG,True
D17,3,presentation,NN,NN,True
D17,3,of,IN,IN,True
D17,3,accurate,JJ,JJ,True
D17,3,facts,NNS,NNS,True
D17,3,.,.,.,True
D17,4,A,DT,DT,True
D17,4,useful,JJ,JJ,True
D17,4,evaluation,NN,NN,True
D17,4,process,NN,NN,True
D17,4,checks,VBZ,VBZ,True
D17,4,the,DT,DT,True
D17,4,source,NN,NN,True
D17,4,",",",",",",True
D17,4,date,NN,NN,True
D17,4,",",",",",",True
D17,4,evidence,NN,NN,True
D17,4,",",",",",",True
D17,4,population,NN,NN,True
D17,4,studied,VBD,VBD,True
D17,4,",",",",",",True
D17,4,and,CC,CC,True
D17,4,whether,IN,IN,True
D17,4,the,DT,DT,True
D17,4,claim,NN,NN,True
D17,4,matches,VBZ,VBZ,True
D17,4,the,DT,DT,True
D17,4,underlying,JJ,VBG,False
D17,4,data,NNS,NNS,True
D17,4,.,.,.,True
D17,5,Health,NNP,NNP,True
D17,5,communication,NN,NNP,False
D17,5,should,MD,MD,True
D17,5,avoid,VB,VB,True
D17,5,presenting,VBG,VBG,True
D17,5,preliminary,JJ,JJ,True
D17,5,findings,NNS,NNS,True
D17,5,as,IN,IN,True
D17,5,settled,JJ,VBN,False
D17,5,conclusions,NNS,NNS,True
D17,5,.,.,.,True
D17,6,A,DT,DT,True
D17,6,single,JJ,JJ,True
D17,6,laboratory,NN,NN,True
D17,6,experiment,NN,NN,True
D17,6,or,CC,CC,True
D17,6,small,JJ,JJ,True
D17,6,observational,JJ,JJ,True
D17,6,study,NN,NN,True
D17,6,may,MD,MD,True
D17,6,not,RB,RB,True
D17,6,answer,VB,VB,True
D17,6,a,DT,DT,True
D17,6,population-level,JJ,JJ,True
D17,6,question,NN,NN,True
D17,6,.,.,.,True
D17,7,Stronger,JJR,JJR,True
D17,7,conclusions,NNS,NNS,True
D17,7,generally,RB,RB,True
D17,7,require,VBP,VBP,True
D17,7,evidence,NN,NN,True
D17,7,from,IN,IN,True
D17,7,multiple,JJ,JJ,True
D17,7,complementary,JJ,JJ,True
D17,7,studies,NNS,NNS,True
D17,7,.,.,.,True
D17,8,Practical,JJ,JJ,True
D17,8,health,NN,NN,True
D17,8,literacy,NN,NN,True
D17,8,strategies,NNS,NNS,True
D17,8,include,VBP,VBP,True
D17,8,checking,VBG,VBG,True
D17,8,information,NN,NN,True
D17,8,against,IN,IN,True
D17,8,recognized,VBN,VBN,True
D17,8,public-health,NN,NN,True
D17,8,or,CC,CC,True
D17,8,medical,JJ,JJ,True
D17,8,sources,NNS,NNS,True
D17,8,",",",",",",True
D17,8,looking,VBG,VBG,True
D17,8,for,IN,IN,True
D17,8,the,DT,DT,True
D17,8,original,JJ,JJ,True
D17,8,study,NN,NN,True
D17,8,when,WRB,WRB,True
D17,8,possible,JJ,JJ,True
D17,8,",",",",",",True
D17,8,and,CC,CC,True
D17,8,distinguishing,VBG,NN,False
D17,8,a,DT,DT,True
D17,8,reported,VBN,VBN,True
D17,8,association,NN,NN,True
D17,8,from,IN,IN,True
D17,8,proof,NN,NN,True
D17,8,of,IN,IN,True
D17,8,causation,NN,NN,True
D17,8,.,.,.,True
D17,9,Clear,JJ,JJ,True
D17,9,explanations,NNS,NNS,True
D17,9,can,MD,MD,True
D17,9,reduce,VB,VB,True
D17,9,confusion,NN,NN,True
D17,9,without,IN,IN,True
D17,9,assuming,VBG,NN,False
D17,9,that,IN,IN,True
D17,9,every,DT,DT,True
D17,9,person,NN,NN,True
D17,9,who,WP,WP,True
D17,9,has,VBZ,VBZ,True
D17,9,encountered,VBN,VBN,True
D17,9,inaccurate,JJ,JJ,True
D17,9,information,NN,NN,True
D17,9,is,VBZ,VBZ,True
D17,9,acting,VBG,VBG,True
D17,9,in,IN,IN,True
D17,9,bad,JJ,JJ,True
D17,9,faith,NN,NN,True
D17,9,.,.,.,True
D18,1,Global,JJ,JJ,True
D18,1,Outbreak,NNP,JJ,False
D18,1,Preparedness,NNP,NN,False
D18,1,and,CC,CC,True
D18,1,Response,NNP,VB,False
D18,1,Outbreak,NNP,JJ,False
D18,1,preparedness,NN,NN,True
D18,1,involves,VBZ,VBZ,True
D18,1,building,VBG,VBG,True
D18,1,the,DT,DT,True
D18,1,capacity,NN,NN,True
D18,1,to,TO,TO,True
D18,1,detect,VB,VB,True
D18,1,",",",",",",True
D18,1,assess,NN,NN,True
D18,1,",",",",",",True
D18,1,communicate,NN,NN,True
D18,1,about,IN,IN,True
D18,1,",",",",",",True
D18,1,and,CC,CC,True
D18,1,respond,NN,NN,True
D18,1,to,TO,TO,True
D18,1,infectious,JJ,JJ,True
D18,1,disease,NN,NN,True
D18,1,threats,NNS,NNS,True
D18,1,before,IN,IN,True
D18,1,they,PRP,PRP,True
D18,1,become,VBP,VBP,True
D18,1,large,JJ,JJ,True
D18,1,emergencies,NNS,NNS,True
D18,1,.,.,.,True
D18,2,Preparedness,NNP,NN,False
D18,2,includes,VBZ,VBZ,True
D18,2,laboratory,NN,JJ,False
D18,2,capacity,NN,NN,True
D18,2,",",",",",",True
D18,2,surveillance,NN,NN,True
D18,2,systems,NNS,NNS,True
D18,2,",",",",",",True
D18,2,trained,JJ,VBD,False
D18,2,personnel,NNS,NNS,True
D18,2,",",",",",",True
D18,2,medical,JJ,JJ,True
D18,2,supplies,NNS,NNS,True
D18,2,",",",",",",True
D18,2,vaccination,NN,NN,True
D18,2,infrastructure,NN,NN,True
D18,2,",",",",",",True
D18,2,data,NNS,NNS,True
D18,2,systems,NNS,NNS,True
D18,2,",",",",",",True
D18,2,and,CC,CC,True
D18,2,emergency,NN,NNP,False
D18,2,coordination,NN,NNP,False
D18,2,mechanisms,NNS,NNP,False
D18,2,.,.,.,True
D18,3,Early,JJ,RB,False
D18,3,detection,NN,NN,True
D18,3,depends,VBZ,NNS,False
D18,3,on,IN,IN,True
D18,3,timely,JJ,JJ,True
D18,3,information,NN,NN,True
D18,3,.,.,.,True
D18,4,Countries,NNS,NNS,True
D18,4,and,CC,CC,True
D18,4,institutions,NNS,NNS,True
D18,4,may,MD,MD,True
D18,4,use,VB,VB,True
D18,4,laboratory,NN,NN,True
D18,4,networks,NNS,NNS,True
D18,4,",",",",",",True
D18,4,clinical,JJ,JJ,True
D18,4,surveillance,NN,NN,True
D18,4,",",",",",",True
D18,4,event-based,JJ,JJ,True
D18,4,reporting,NN,NN,True
D18,4,",",",",",",True
D18,4,genomic,JJ,JJ,True
D18,4,sequencing,NN,NN,True
D18,4,",",",",",",True
D18,4,and,CC,CC,True
D18,4,cross-border,JJ,NNP,False
D18,4,information,NN,NN,True
D18,4,sharing,NN,NN,True
D18,4,.,.,.,True
D18,5,A,DT,DT,True
D18,5,signal,NN,NN,True
D18,5,does,VBZ,VBZ,True
D18,5,not,RB,RB,True
D18,5,always,RB,RB,True
D18,5,represent,VBP,VB,False
D18,5,a,DT,DT,True
D18,5,major,JJ,JJ,True
D18,5,outbreak,NN,JJ,False
D18,5,",",",",",",True
D18,5,but,CC,CC,True
D18,5,rapid,JJ,NNP,False
D18,5,assessment,NN,NNP,False
D18,5,can,MD,MD,True
D18,5,determine,VB,VB,True
D18,5,whether,IN,IN,True
D18,5,further,JJ,JJ,True
D18,5,investigation,NN,NN,True
D18,5,is,VBZ,VBZ,True
D18,5,required,VBN,VBN,True
D18,5,.,.,.,True
D18,6,Response,NNP,NN,False
D18,6,planning,NN,VBG,False
D18,6,includes,VBZ,NNS,False
D18,6,clear,JJ,JJ,True
D18,6,roles,NNS,NNS,True
D18,6,and,CC,CC,True
D18,6,responsibilities,NNS,NNS,True
D18,6,.,.,.,True
D18,7,Hospitals,NNS,NNS,True
D18,7,may,MD,MD,True
D18,7,need,VB,VB,True
D18,7,surge,NN,NN,True
D18,7,plans,NNS,NNS,True
D18,7,",",",",",",True
D18,7,while,IN,IN,True
D18,7,public-health,NN,NN,True
D18,7,agencies,NNS,NNS,True
D18,7,may,MD,MD,True
D18,7,require,VB,VB,True
D18,7,mechanisms,NNS,NNS,True
D18,7,for,IN,IN,True
D18,7,contact,NN,NN,True
D18,7,tracing,NN,NN,True
D18,7,",",",",",",True
D18,7,risk,NN,VB,False
D18,7,communication,NN,NN,True
D18,7,",",",",",",True
D18,7,and,CC,CC,True
D18,7,resource,NN,NN,True
D18,7,allocation,NN,NN,True
D18,7,.,.,.,True
D18,8,Exercises,NNS,NNS,True
D18,8,and,CC,CC,True
D18,8,simulations,NNS,NNS,True
D18,8,can,MD,MD,True
D18,8,identify,VB,VB,True
D18,8,weaknesses,NNS,NNS,True
D18,8,before,IN,IN,True
D18,8,a,DT,DT,True
D18,8,real,JJ,JJ,True
D18,8,emergency,NN,NN,True
D18,8,occurs,NNS,NNS,True
D18,8,.,.,.,True
D18,9,Preparedness,NNP,NN,False
D18,9,is,VBZ,VBZ,True
D18,9,an,DT,DT,True
D18,9,ongoing,JJ,JJ,True
D18,9,process,NN,NN,True
D18,9,.,.,.,True
D18,10,After,IN,IN,True
D18,10,an,DT,DT,True
D18,10,outbreak,NN,JJ,False
D18,10,",",",",",",True
D18,10,evaluations,NNS,NNS,True
D18,10,can,MD,MD,True
D18,10,identify,VB,VB,True
D18,10,which,WDT,WDT,True
D18,10,systems,NNS,NNS,True
D18,10,worked,VBD,VBD,True
D18,10,",",",",",",True
D18,10,which,WDT,WDT,True
D18,10,failed,VBD,VBD,True
D18,10,",",",",",",True
D18,10,and,CC,CC,True
D18,10,which,WDT,WDT,True
D18,10,improvements,NNS,NNS,True
D18,10,should,MD,MD,True
D18,10,be,VB,VB,True
D18,10,institutionalized,VBN,VBN,True
D18,10,.,.,.,True
D18,11,Investments,NNS,NNS,True
D18,11,in,IN,IN,True
D18,11,routine,JJ,NNP,False
D18,11,public-health,NN,NNP,False
D18,11,capacity,NN,NN,True
D18,11,can,MD,MD,True
D18,11,strengthen,VB,RB,False
D18,11,response,NN,VB,False
D18,11,to,TO,TO,True
D18,11,multiple,VB,JJ,False
D18,11,infectious,JJ,JJ,True
D18,11,threats,NNS,NNS,True
D18,11,rather,RB,RB,True
D18,11,than,IN,IN,True
D18,11,a,DT,DT,True
D18,11,single,JJ,JJ,True
D18,11,pathogen,NN,NN,True
D18,11,.,.,.,True
D19,1,Epidemiological,JJ,JJ,True
D19,1,Models,NNP,NNS,False
D19,1,for,IN,IN,True
D19,1,Infectious,NNP,JJ,False
D19,1,Disease,NNP,NN,False
D19,1,Planning,NNP,VBG,False
D19,1,Mathematical,NNP,JJ,False
D19,1,and,CC,CC,True
D19,1,computational,JJ,JJ,True
D19,1,models,NNS,NNS,True
D19,1,can,MD,MD,True
D19,1,help,VB,VB,True
D19,1,researchers,NNS,NNS,True
D19,1,explore,VB,VBP,False
D19,1,how,WRB,WRB,True
D19,1,infectious,JJ,JJ,True
D19,1,diseases,NNS,NNS,True
D19,1,may,MD,MD,True
D19,1,spread,VB,VB,True
D19,1,under,IN,IN,True
D19,1,different,JJ,JJ,True
D19,1,assumptions,NNS,NNS,True
D19,1,.,.,.,True
D19,2,Compartmental,JJ,JJ,True
D19,2,models,NNS,NNS,True
D19,2,such,JJ,JJ,True
D19,2,as,IN,IN,True
D19,2,SIR,NNP,NNP,True
D19,2,divide,NN,NNP,False
D19,2,populations,NNS,NNS,True
D19,2,into,IN,IN,True
D19,2,categories,NNS,NNS,True
D19,2,such,JJ,JJ,True
D19,2,as,IN,IN,True
D19,2,susceptible,JJ,JJ,True
D19,2,",",",",",",True
D19,2,infected,VBN,JJ,False
D19,2,",",",",",",True
D19,2,and,CC,CC,True
D19,2,recovered,VBD,VBD,True
D19,2,.,.,.,True
D19,3,More,RBR,RBR,True
D19,3,detailed,JJ,JJ,True
D19,3,models,NNS,NNS,True
D19,3,can,MD,MD,True
D19,3,add,VB,VB,True
D19,3,age,NN,NN,True
D19,3,groups,NNS,NNS,True
D19,3,",",",",",",True
D19,3,vaccination,NN,NN,True
D19,3,status,NN,NN,True
D19,3,",",",",",",True
D19,3,hospitalization,NN,NN,True
D19,3,",",",",",",True
D19,3,geographic,JJ,JJ,True
D19,3,structure,NN,NN,True
D19,3,",",",",",",True
D19,3,or,CC,CC,True
D19,3,other,JJ,JJ,True
D19,3,characteristics,NNS,NNS,True
D19,3,.,.,.,True
D19,4,Models,NNS,NNS,True
D19,4,are,VBP,VBP,True
D19,4,not,RB,RB,True
D19,4,crystal,JJ,JJ,True
D19,4,balls,NNS,NNS,True
D19,4,.,.,.,True
D19,5,Their,PRP$,PRP$,True
D19,5,outputs,NNS,NNS,True
D19,5,depend,VBP,NN,False
D19,5,on,IN,IN,True
D19,5,assumptions,NNS,NNS,True
D19,5,",",",",",",True
D19,5,parameter,NN,NN,True
D19,5,estimates,NNS,NNS,True
D19,5,",",",",",",True
D19,5,data,NNS,NNS,True
D19,5,quality,NN,NN,True
D19,5,",",",",",",True
D19,5,and,CC,CC,True
D19,5,the,DT,DT,True
D19,5,scenario,NN,NN,True
D19,5,being,VBG,VBG,True
D19,5,examined,VBN,VBN,True
D19,5,.,.,.,True
D19,6,A,DT,DT,True
D19,6,model,NN,NN,True
D19,6,can,MD,MD,True
D19,6,be,VB,VB,True
D19,6,useful,JJ,JJ,True
D19,6,even,RB,RB,True
D19,6,when,WRB,WRB,True
D19,6,its,PRP$,PRP$,True
D19,6,exact,JJ,JJ,True
D19,6,numerical,JJ,JJ,True
D19,6,forecast,NN,NN,True
D19,6,is,VBZ,VBZ,True
D19,6,uncertain,JJ,JJ,True
D19,6,because,IN,IN,True
D19,6,it,PRP,PRP,True
D19,6,can,MD,MD,True
D19,6,show,VB,VB,True
D19,6,how,WRB,WRB,True
D19,6,outcomes,NNS,JJ,False
D19,6,change,VBP,NN,False
D19,6,when,WRB,WRB,True
D19,6,assumptions,NNS,NNS,True
D19,6,change,VBP,VBP,True
D19,6,.,.,.,True
D19,7,Model,NNP,NNP,True
D19,7,calibration,NN,NNP,False
D19,7,uses,VBZ,VBZ,True
D19,7,observed,VBN,VBN,True
D19,7,data,NNS,NNS,True
D19,7,to,TO,TO,True
D19,7,estimate,VB,VB,True
D19,7,parameters,NNS,NNS,True
D19,7,or,CC,CC,True
D19,7,evaluate,VB,JJ,False
D19,7,whether,IN,IN,True
D19,7,simulated,JJ,VBN,False
D19,7,trajectories,NNS,NNS,True
D19,7,are,VBP,VBP,True
D19,7,consistent,JJ,JJ,True
D19,7,with,IN,IN,True
D19,7,historical,JJ,JJ,True
D19,7,patterns,NNS,NNS,True
D19,7,.,.,.,True
D19,8,Validation,NN,NN,True
D19,8,and,CC,CC,True
D19,8,sensitivity,NN,NN,True
D19,8,analysis,NN,NN,True
D19,8,can,MD,MD,True
D19,8,identify,VB,VB,True
D19,8,which,WDT,WDT,True
D19,8,assumptions,NNS,NNS,True
D19,8,have,VBP,VBP,True
D19,8,the,DT,DT,True
D19,8,greatest,JJS,JJS,True
D19,8,effect,NN,NN,True
D19,8,on,IN,IN,True
D19,8,results,NNS,NNS,True
D19,8,.,.,.,True
D19,9,Public-health,NNP,NN,False
D19,9,decision-makers,NNS,NNS,True
D19,9,should,MD,MD,True
D19,9,interpret,VB,VB,True
D19,9,model,NN,NN,True
D19,9,outputs,NNS,NNS,True
D19,9,alongside,JJ,RB,False
D19,9,surveillance,NN,VBP,False
D19,9,data,NNS,NNS,True
D19,9,and,CC,CC,True
D19,9,expert,JJ,VB,False
D19,9,assessment,NN,NN,True
D19,9,.,.,.,True
D19,10,Scenario,NN,NNP,False
D19,10,projections,NNS,NNS,True
D19,10,are,VBP,VBP,True
D19,10,particularly,RB,RB,True
D19,10,sensitive,JJ,JJ,True
D19,10,to,TO,TO,True
D19,10,changes,NNS,NNS,True
D19,10,in,IN,IN,True
D19,10,behavior,NN,NN,True
D19,10,",",",",",",True
D19,10,immunity,NN,NN,True
D19,10,",",",",",",True
D19,10,viral,JJ,JJ,True
D19,10,characteristics,NNS,NNS,True
D19,10,",",",",",",True
D19,10,interventions,NNS,NNS,True
D19,10,",",",",",",True
D19,10,and,CC,CC,True
D19,10,healthcare,NN,JJ,False
D19,10,capacity,NN,NN,True
D19,10,.,.,.,True
D19,11,Transparent,JJ,NNP,False
D19,11,reporting,NN,NNP,False
D19,11,of,IN,IN,True
D19,11,assumptions,NNS,NNPS,False
D19,11,and,CC,CC,True
D19,11,uncertainty,NN,NN,True
D19,11,is,VBZ,VBZ,True
D19,11,therefore,RB,RB,True
D19,11,essential,JJ,JJ,True
D19,11,.,.,.,True
D20,1,Evaluating,VBG,VBG,True
D20,1,Public,NNP,JJ,False
D20,1,Health,NNP,NN,False
D20,1,Responses,NNP,NNS,False
D20,1,After,IN,IN,True
D20,1,an,DT,DT,True
D20,1,Outbreak,NNP,JJ,False
D20,1,After,IN,IN,True
D20,1,an,DT,DT,True
D20,1,infectious,JJ,JJ,True
D20,1,disease,NN,NN,True
D20,1,outbreak,NN,JJ,False
D20,1,",",",",",",True
D20,1,a,DT,DT,True
D20,1,structured,JJ,JJ,True
D20,1,evaluation,NN,NN,True
D20,1,can,MD,MD,True
D20,1,examine,VB,VB,True
D20,1,what,WP,WP,True
D20,1,happened,VBD,VBN,False
D20,1,",",",",",",True
D20,1,which,WDT,WDT,True
D20,1,interventions,NNS,NNS,True
D20,1,were,VBD,VBD,True
D20,1,implemented,VBN,VBN,True
D20,1,",",",",",",True
D20,1,how,WRB,WRB,True
D20,1,quickly,RB,RB,True
D20,1,systems,NNS,NNS,True
D20,1,responded,VBD,VBD,True
D20,1,",",",",",",True
D20,1,and,CC,CC,True
D20,1,what,WP,WP,True
D20,1,improvements,NNS,NNS,True
D20,1,are,VBP,VBP,True
D20,1,needed,VBN,VBN,True
D20,1,.,.,.,True
D20,2,Evaluation,NN,NN,True
D20,2,should,MD,MD,True
D20,2,consider,VB,VB,True
D20,2,epidemiological,JJ,JJ,True
D20,2,outcomes,NNS,NNS,True
D20,2,as,RB,RB,True
D20,2,well,RB,RB,True
D20,2,as,IN,IN,True
D20,2,operational,JJ,JJ,True
D20,2,",",",",",",True
D20,2,social,JJ,JJ,True
D20,2,",",",",",",True
D20,2,and,CC,CC,True
D20,2,economic,JJ,JJ,True
D20,2,consequences,NNS,NNS,True
D20,2,.,.,.,True
D20,3,Useful,JJ,JJ,True
D20,3,indicators,NNS,NNS,True
D20,3,may,MD,MD,True
D20,3,include,VB,VB,True
D20,3,time,NN,NN,True
D20,3,from,IN,IN,True
D20,3,signal,JJ,NN,False
D20,3,detection,NN,NN,True
D20,3,to,TO,TO,True
D20,3,investigation,NN,NN,True
D20,3,",",",",",",True
D20,3,testing,VBG,NN,False
D20,3,turnaround,NN,NN,True
D20,3,time,NN,NN,True
D20,3,",",",",",",True
D20,3,vaccination,NN,NN,True
D20,3,coverage,NN,NN,True
D20,3,",",",",",",True
D20,3,hospitalization,NN,NN,True
D20,3,trends,NNS,NNS,True
D20,3,",",",",",",True
D20,3,healthcare,NN,JJ,False
D20,3,capacity,NN,NN,True
D20,3,",",",",",",True
D20,3,communication,NN,NN,True
D20,3,reach,NN,NN,True
D20,3,",",",",",",True
D20,3,and,CC,CC,True
D20,3,the,DT,DT,True
D20,3,timeliness,NN,NN,True
D20,3,of,IN,IN,True
D20,3,public-health,NN,NN,True
D20,3,reporting,NN,NN,True
D20,3,.,.,.,True
D20,4,The,DT,DT,True
D20,4,exact,JJ,JJ,True
D20,4,measures,NNS,NNS,True
D20,4,depend,VBP,NN,False
D20,4,on,IN,IN,True
D20,4,the,DT,DT,True
D20,4,outbreak,NN,JJ,False
D20,4,and,CC,CC,True
D20,4,the,DT,DT,True
D20,4,objectives,NNS,NNS,True
D20,4,of,IN,IN,True
D20,4,the,DT,DT,True
D20,4,response,NN,NN,True
D20,4,.,.,.,True
D20,5,Evaluation,NN,NN,True
D20,5,should,MD,MD,True
D20,5,distinguish,VB,VB,True
D20,5,correlation,NN,NN,True
D20,5,from,IN,IN,True
D20,5,causation,NN,NN,True
D20,5,.,.,.,True
D20,6,A,DT,DT,True
D20,6,decline,NN,NN,True
D20,6,in,IN,IN,True
D20,6,cases,NNS,NNS,True
D20,6,after,IN,IN,True
D20,6,an,DT,DT,True
D20,6,intervention,NN,NN,True
D20,6,does,VBZ,VBZ,True
D20,6,not,RB,RB,True
D20,6,automatically,RB,RB,True
D20,6,prove,VB,VBP,False
D20,6,that,IN,IN,True
D20,6,the,DT,DT,True
D20,6,intervention,NN,NN,True
D20,6,caused,VBD,VBD,True
D20,6,the,DT,DT,True
D20,6,decline,NN,NN,True
D20,6,because,IN,IN,True
D20,6,transmission,NN,NN,True
D20,6,can,MD,MD,True
D20,6,also,RB,RB,True
D20,6,change,VB,VB,True
D20,6,due,JJ,JJ,True
D20,6,to,TO,TO,True
D20,6,immunity,NN,NNP,False
D20,6,",",",",",",True
D20,6,behavior,NN,NN,True
D20,6,",",",",",",True
D20,6,seasonality,NN,NN,True
D20,6,",",",",",",True
D20,6,or,CC,CC,True
D20,6,other,JJ,JJ,True
D20,6,factors,NNS,NNS,True
D20,6,.,.,.,True
D20,7,After-action,JJ,NN,False
D20,7,reviews,NNS,NNS,True
D20,7,can,MD,MD,True
D20,7,translate,VB,VB,True
D20,7,findings,NNS,NNS,True
D20,7,into,IN,IN,True
D20,7,concrete,JJ,JJ,True
D20,7,improvements,NNS,NNS,True
D20,7,.,.,.,True
D20,8,These,DT,DT,True
D20,8,may,MD,MD,True
D20,8,include,VB,VB,True
D20,8,updating,VBG,VBG,True
D20,8,response,NN,NN,True
D20,8,plans,NNS,NNS,True
D20,8,",",",",",",True
D20,8,strengthening,VBG,VBG,True
D20,8,laboratory,NN,NN,True
D20,8,networks,NNS,NNS,True
D20,8,",",",",",",True
D20,8,improving,VBG,VBG,True
D20,8,data,NNS,NNS,True
D20,8,interoperability,NN,NN,True
D20,8,",",",",",",True
D20,8,expanding,VBG,VBG,True
D20,8,workforce,NN,NN,True
D20,8,training,NN,NN,True
D20,8,",",",",",",True
D20,8,or,CC,CC,True
D20,8,revising,VBG,VBG,True
D20,8,communication,NN,NN,True
D20,8,procedures,NNS,NNS,True
D20,8,.,.,.,True
D20,9,The,DT,DT,True
D20,9,goal,NN,NN,True
D20,9,is,VBZ,VBZ,True
D20,9,to,TO,TO,True
D20,9,convert,VB,VB,True
D20,9,experience,NN,NN,True
D20,9,into,IN,IN,True
D20,9,preparedness,NN,NN,True
D20,9,for,IN,IN,True
D20,9,future,JJ,JJ,True
D20,9,infectious,JJ,JJ,True
D20,9,disease,NN,NN,True
D20,9,events,NNS,NNS,True
D20,9,.,.,.,True
