document_id,method,token_count,vocabulary_size,lemmatized_tokens
D01,NLTK,234,142,covid-19 transmission and community prevention covid-19 be cause by infection with sars-cov-2 transmission can occur when an infected person release respiratory particle while breathe speak coughing or sneezing risk generally increase in crowd or poorly ventilate indoor environment and when people be in close proximity for prolonged period prevention therefore combine several measure rather than rely on a single intervention improve indoor ventilation and filtration can reduce the concentration of infectious particle in share air stay home when acutely ill can reduce exposure to other people mask use can provide an additional layer of protection in setting where respiratory virus transmission be elevate or where vulnerable people be present hand hygiene remain useful for reduce transmission of many infection although respiratory transmission be a major route for covid-19 vaccination be an important prevention measure because it prepare the immune system to respond to the virus vaccine protection against infection can change over time and across variant while protection against severe disease can remain strong public-health program therefore consider vaccination together with surveillance clinical care ventilation and risk-based protective measure community prevention work best when measure be match to the local epidemiological situation public-health authority may use indicator such a report case hospitalization wastewater signal and outbreak report to guide communication and intervention individual can reduce risk by consider the intensity of local transmission their own health risk and the vulnerability of people around them
D02,NLTK,184,122,covid-19 vaccination basic concept covid-19 vaccine be design to stimulate an immune response against sars-cov-2 without require a person to experience the disease itself different vaccine platform can present viral information to the immune system in different way after vaccination immune cell can recognize relevant viral component and mount a fast response when expose later vaccination do not guarantee that a person will never become infected vaccine effectiveness varies by outcome product population time since vaccination and circulate variant public-health evaluation commonly distinguish protection against infection symptomatic disease hospitalization and death these outcome should not be treat a interchangeable immunity can change over time previous infection may also contribute to immune protection produce what researcher often describe a hybrid immunity when vaccination and infection have both occur because immunity and circulating virus change vaccination recommendation may be update a evidence develop when communicate about vaccine it be useful to distinguish relative risk absolute risk vaccine effectiveness and adverse-event rate a clear explanation should specify the population comparison group time period and health outcome this prevent misleading conclusion from a single percentage or isolate statistic
D03,NLTK,185,120,evaluate vaccine effectiveness vaccine effectiveness be usually estimate by compare disease outcome between vaccinate and comparison group under real-world condition observational study may use cohort case-control or test-negative design researcher must account for factor such a age prior infection underlie condition healthcare-seeking behavior exposure pattern and calendar period randomize controlled trial can provide strong evidence about efficacy under define study condition while observational study be especially useful after vaccine be deploy at large scale real-world effectiveness may differ from trial efficacy because population exposure level circulate variant and vaccination schedule differ a useful interpretation of vaccine effectiveness require know the endpoint for example effectiveness against hospitalization be a different quantity from effectiveness against infection wan protection may also appear differently for different outcome researcher may stratify result by age time since vaccination product or variant period confounding and selection bias be important limitation in observational vaccine study statistical adjustment can reduce some bias but it cannot guarantee that every relevant difference between group have be measure result should therefore be interpret in the context of study design uncertainty interval sample size and the population study
D04,NLTK,182,107,incidence and prevalence in infectious disease epidemiology incidence and prevalence describe different aspect of disease occurrence incidence focus on new case occur in a population during a specified period prevalence describe the proportion of a population that have a condition at a particular time or over a defined period for an infectious disease incidence can help describe how quickly new infection be occur prevalence can reflect both new case and the duration of illness a disease with short duration may have substantial incidence but relatively low point prevalence conversely a chronic condition can have low incidence but high prevalence because people remain affected for long period epidemiologists define the population time interval case definition and measurement method carefully change in test availability or reporting practice can affect observed incidence without represent an equivalent change in true transmission for covid-19 widespread change in test behavior make report case count difficult to interpret in isolation during some period other indicator include hospitalization mortality test positivity syndromic surveillance and wastewater measurement can complement report case use multiple indicator provide a broad picture of disease activity
D05,NLTK,186,113,reproduction number and outbreak growth the basic reproduction number r0 describe the average number of secondary infection generate by a typical infectious individual in a fully susceptible population under specify assumption it be a theoretical epidemiological quantity and should not be interpret a a fixed property of a pathogen in every set the effective reproduction number often write rt or re reflect transmission under current condition vaccination prior immunity behavioral change public-health intervention and population structure can all affect effective transmission when the effective reproduction number be above one infection can increase under the relevant condition when it remain below one transmission tend to decline estimate reproduction number require assumption and data delay between infection symptom onset test reporting and hospitalization can affect estimate analyst may therefore use statistical model and nowcasting method to account for report delay reproduction number should be interpret together with other indicator a single estimate can be uncertain especially when case count be small or surveillance system be change the same reproduction number can also correspond to different absolute level of disease depend on the size and immunity of the population
D06,NLTK,172,109,contact tracing and exposure management contact tracing be a public-health process use to identify people who may have be expose to an infectious disease and provide them with relevant information and support for respiratory infection contact definition may consider proximity duration setting and time relative to infectiousness a typical workflow include identify a confirmed or probable case determine the period during which transmission could have occur interview the case when appropriate identifying contact and communicate recommended action digital tool can assist with notification or data management but they do not replace public-health judgment contact tracing be most effective when case and contact can be identify quickly and when people have access to test healthcare isolation resource and accurate information privacy and confidentiality be important because contact-tracing system handle sensitive health and exposure information the effectiveness of contact tracing can decrease when community transmission be extremely high when many infection be asymptomatic or when case cannot be identify promptly in such situation broad prevention measure and community surveillance may be more practical complement
D07,NLTK,164,105,wastewater surveillance for respiratory virus wastewater surveillance analyzes biological material in sewage to estimate the presence or trend of infectious agent within a community because infected individual can shed viral genetic material into wastewater wastewater measurement can provide population-level information that do not depend on every infected person seek a clinical test wastewater surveillance can be especially useful when individual testing decline trend may provide an early signal of change transmission although the relationship between wastewater concentration and the exact number of infection be not straightforward interpretation require attention to sample location population serve by the treatment system rainfall and dilution laboratory method sample frequency and change in shed pattern wastewater data be most useful when combine with clinical surveillance hospital data and other epidemiological indicator wastewater surveillance generally do not identify individual infected people it population-level nature can therefore complement other surveillance system while reduce dependence on individual test it be a monitoring tool rather than a direct diagnostic test for an individual
D08,NLTK,161,106,sars-cov-2 variant surveillance variant surveillance monitor genetic change in sars-cov-2 and assess whether emerge lineage have characteristic relevant to public health sequencing can identify viral lineage from select clinical specimen while genomic database allow laboratory and researcher to compare sequence over time and across location a newly detect mutation do not automatically mean that a variant be more transmissible or more severe researcher evaluate change use laboratory study epidemiological data clinical outcome and population-level observation multiple mutation can occur together and the biological effect of a mutation depend on it location and context variant surveillance help public-health agency detect change that may affect diagnostics therapeutic vaccine or transmission pattern however sequence sample be not always representative of all infection difference in sample and sequence capacity can influence which variant be observed genomic surveillance work best when link with epidemiological and clinical information sequence data can identify what be circulate while other datasets help determine the practical public-health significance of those lineage
D09,NLTK,172,123,infectious disease outbreak investigation an outbreak investigation seek to determine whether an unusual increase in disease have occur characterize affect people and setting identify likely source or transmission route and guide control measure the investigation begin with a clear case definition and confirmation that the observed increase be great than expect investigator construct descriptive summary by time place and person an epidemic curve can show the timing of illness onset and may provide clue about the type of exposure mapping case can identify geographic cluster while demographic analysis can reveal difference by age occupation or other characteristic analytical epidemiology may compare exposure among case and control or among expose and unexposed group investigator must consider recall bias selection bias confound and incomplete reporting laboratory testing and genomic sequencing can provide additional evidence control measure should not necessarily wait until every scientific question be resolve depend on the pathogen and circumstance measure can include isolation vaccination environmental control communication test and targeted restriction investigator continue evaluate the outbreak a new evidence become available
D10,NLTK,160,108,public health surveillance system public health surveillance be the continuous and systematic collection analysis interpretation and dissemination of health information for action surveillance system can monitor infectious disease through case report laboratory result hospital record mortality data syndromic indicator sentinel site and community-level measurement a surveillance system begin with a defined objective the case definition determines which event be count while report rule specify how and when information be submit data quality depend on completeness timeliness consistency and representativeness passive surveillance relies on routine reporting and can be relatively efficient but may miss case active surveillance involve more direct effort to identify case and can improve completeness at great cost sentinel surveillance collect detailed information from select site and may be useful for monitor trend surveillance data should be interpret carefully change in report system test practice healthcare access or case definition can create apparent change that be not purely epidemiological public-health decision-making therefore benefit from triangulate multiple data source
D11,NLTK,147,100,infection prevention in healthcare setting healthcare facility require layered infection-prevention measure because patient and healthcare worker may encounter infectious individual in close-contact environment core practice include hand hygiene appropriate use of personal protective equipment environmental cleaning respiratory hygiene and safe patient placement administrative measure can include screen or triage procedure staff train vaccination program and policy for manage symptomatic healthcare worker engineering control include ventilation physical separation and room design personal protective equipment be select accord to the anticipated exposure and task infection prevention program also depend on monitoring facility can track healthcare-associated infection respiratory illness among staff compliance with select practice and environmental indicator train should be repeat and adapt when evidence or recommendation change no single control be sufficient in every situation layer prevention reduces reliance on one barrier and can be adapt accord to the pathogen transmission route patient population and local outbreak condition
D12,NLTK,168,114,vaccine safety and adverse event monitoring vaccine safety monitoring continue after vaccine be authorize or license because very rare adverse event may only become detectable when million of dos be administer surveillance system collect report of health event that occur after vaccination and investigate signal that may indicate a potential association an adverse event follow immunization be not automatically cause by the vaccine the event may be coincidental associate with another medical condition or potentially relate to vaccination safety assessment therefore considers background rate time biological plausibility comparison group and other evidence passive reporting system be valuable for signal detection but can be affect by underreporting stimulate reporting and incomplete clinical information active surveillance and epidemiological study can provide strong estimate of incidence and relative risk clear communication should distinguish a reported event from a confirm causal relationship vaccine safety decision be base on accumulated evidence rather than a single report monitoring can lead to updated warning recommendation or continue use when evidence support a favorable benefit-risk profile
D13,NLTK,154,105,risk communication during infectious disease event risk communication provide people with information need to understand a public-health threat and make informed decision effective communication should explain what be know what be uncertain what action be recommend and why recommendation may change number should be present with context for example a percentage without a denominator comparison group time period or outcome can be misleading communicator should distinguish absolute risk from relative risk and avoid imply certainty when evidence remain limited trust can be support by acknowledge uncertainty rather than hide it during a rapidly change outbreak evidence can evolve a new study become available explain the reason for an updated recommendation can help people understand that change guidance do not necessarily mean that early information be intentionally misleading communication should also consider language accessibility cultural context and misinformation public-health message be more useful when they provide practical action and identify reliable source for additional information
D14,NLTK,154,103,respiratory infection prevention in school school be environment where student and staff interact frequently so respiratory infection can spread through close contact and share indoor air prevention strategy should be proportionate to local disease activity and the need of the school community ventilation can reduce accumulation of infectious respiratory particle indoors outdoor activity can provide lower-risk alternative when practical encouraging people with acute respiratory illness to stay home can reduce opportunity for transmission school can also support routine vaccination accord to national and local recommendation clear procedure for respond to cluster of illness help staff identify when public-health consultation may be need communication with family should explain symptom prevention measure and when student should remain at home outbreak response should consider educational continuity as well a disease control measure can be target accord to evidence rather than rely automatically on broad closure coordination among school administrator healthcare professional family and public-health authority be important
D15,NLTK,156,110,protect higher-risk population during respiratory virus activity some people have a high risk of severe outcome from respiratory infection because of age underlying medical condition immune status pregnancy or other factor public-health planning can reduce harm by ensure that higher-risk group have access to vaccination timely test when appropriate clinical care and clear prevention information protection can involve individual and community measure healthcare facility and residential setting may use additional precaution during period of elevated transmission family member and caregiver can reduce exposure opportunity when respiratory virus be circulate widely risk be not determine by a single characteristic age vaccination status previous immunity treatment access and circulate viral strain can interact public-health communication should therefore avoid assume that all member of a broad category have identical risk equitable access be an important part of prevention barrier such a transportation cost language digital access and healthcare availability can affect whether people be able to use recommended service
D16,NLTK,156,104,test and antiviral treatment in covid-19 care test can help identify sars-cov-2 infection and inform clinical or public-health decision different test have different characteristic molecular test can detect viral genetic material while antigen test detect viral protein and may provide rapid result test performance depends on time specimen collection and the stage of infection a negative result do not always exclude infection particularly when test occurs early or when the test have low sensitivity interpretation should consider symptom exposure history timing and the specific test use antiviral treatment be intend to reduce the risk of severe disease in eligible patient eligibility time contraindication drug interaction and treatment selection require clinical assessment public-health information should not replace individualized medical advice testing and treatment program be most effective when people can access test promptly and healthcare system can evaluate eligible patient without unnecessary delay surveillance data can also help authority understand change in test demand and disease activity
D17,NLTK,154,113,health literacy and infectious disease misinformation health literacy involve the ability to find understand evaluate and use health information during infectious disease outbreak people may encounter rapidly change information through news social medium message application and informal network misinformation can arise from incorrect information misunderstanding outdated evidence or misleading presentation of accurate fact a useful evaluation process check the source date evidence population study and whether the claim match the underlie data health communication should avoid present preliminary finding a settled conclusion a single laboratory experiment or small observational study may not answer a population-level question strong conclusion generally require evidence from multiple complementary study practical health literacy strategy include check information against recognize public-health or medical source look for the original study when possible and distinguish a report association from proof of causation clear explanation can reduce confusion without assume that every person who have encounter inaccurate information be act in bad faith
D18,NLTK,163,115,global outbreak preparedness and response outbreak preparedness involve build the capacity to detect assess communicate about and respond to infectious disease threat before they become large emergency preparedness include laboratory capacity surveillance system train personnel medical supply vaccination infrastructure data system and emergency coordination mechanisms early detection depend on timely information country and institution may use laboratory network clinical surveillance event-based reporting genomic sequencing and cross-border information share a signal do not always represent a major outbreak but rapid assessment can determine whether further investigation be require response plan include clear role and responsibility hospital may need surge plan while public-health agency may require mechanism for contact trace risk communication and resource allocation exercise and simulation can identify weakness before a real emergency occur preparedness be an ongoing process after an outbreak evaluation can identify which system work which fail and which improvement should be institutionalize investment in routine public-health capacity can strengthen response to multiple infectious threat rather than a single pathogen
D19,NLTK,163,115,epidemiological model for infectious disease plan mathematical and computational model can help researcher explore how infectious disease may spread under different assumption compartmental model such a sir divide population into category such a susceptible infected and recover more detailed model can add age group vaccination status hospitalization geographic structure or other characteristic model be not crystal ball their output depend on assumption parameter estimate data quality and the scenario be examine a model can be useful even when it exact numerical forecast be uncertain because it can show how outcome change when assumption change model calibration use observe data to estimate parameter or evaluate whether simulated trajectory be consistent with historical pattern validation and sensitivity analysis can identify which assumption have the great effect on result public-health decision-makers should interpret model output alongside surveillance data and expert assessment scenario projection be particularly sensitive to change in behavior immunity viral characteristic intervention and healthcare capacity transparent reporting of assumption and uncertainty be therefore essential
D20,NLTK,161,117,evaluate public health response after an outbreak after an infectious disease outbreak a structured evaluation can examine what happen which intervention be implement how quickly system respond and what improvement be need evaluation should consider epidemiological outcome as well a operational social and economic consequence useful indicator may include time from signal detection to investigation test turnaround time vaccination coverage hospitalization trend healthcare capacity communication reach and the timeliness of public-health report the exact measure depend on the outbreak and the objective of the response evaluation should distinguish correlation from causation a decline in case after an intervention do not automatically prove that the intervention cause the decline because transmission can also change due to immunity behavior seasonality or other factor after-action review can translate finding into concrete improvement these may include update response plan strengthen laboratory network improve data interoperability expand workforce training or revise communication procedures the goal be to convert experience into preparedness for future infectious disease event
D01,Custom,234,150,covid-19 transmission and community prevention covid-19 is caused by infection with sars-cov-2 transmission can occur when an infect person releases respiratory particles while breathing speaking coughing or sneezing risk generally increases in crowded or poorly ventilated indoor environments and when person are in close proximity for prolonged periods prevention therefore combines several measures rather than relying on a single intervention improving indoor ventilation and filtration can reduce the concentration of infectious particles in shared air staying home when acutely ill can reduce exposure to other person mask use can provide an additional layer of protection in settings where respiratory virus transmission is elevated or where vulnerable person are present hand hygiene remains useful for reducing transmission of many infection although respiratory transmission is a major route for covid-19 vaccination is an important prevention measure because it prepares the immune system to respond to the virus vaccine protection against infection can change over time and across variant while protection against severe disease can remain stronger public-health programs therefore consider vaccination together with surveillance clinical care ventilation and risk-based protective measures community prevention works best when measures are matched to the local epidemiological situation public-health authorities may use indicators such as reported case hospitalizations wastewater signals and outbreak reports to guide communication and interventions individuals can reduce risk by considering the intensity of local transmission their own health risks and the vulnerability of person around them
D02,Custom,184,126,covid-19 vaccination basic concepts covid-19 vaccine are designed to stimulate an immune response against sars-cov-2 without requiring a person to experience the disease itself different vaccine platforms can present viral information to the immune system in different ways after vaccination immune cells can recognize relevant viral components and mount a faster response when exposed later vaccination does not guarantee that a person will never become infect vaccine effectiveness varies by outcome product population time since vaccination and circulating variant public-health evaluation commonly distinguishes protection against infection symptomatic disease hospitalization and death these outcomes should not be treated as interchangeable immunity can change over time previous infection may also contribute to immune protection producing what researchers often describe as hybrid immunity when vaccination and infection have both occurred because immunity and circulating viruses change vaccination recommendations may be updated as evidence develops when communicating about vaccine it is useful to distinguish relative risk absolute risk vaccine effectiveness and adverse-event rates a clear explanation should specify the population comparison group time period and health outcome this prevents misleading conclusions from a single percentage or isolated statistic
D03,Custom,185,129,evaluating vaccine effectiveness vaccine effectiveness is usually estimated by comparing disease outcomes between vaccinate and comparison groups under real-world conditions observational study may use cohort case-control or test-negative designs researchers must account for factors such as age prior infection underlying conditions healthcare-seeking behavior exposure patterns and calendar period randomized controlled trials can provide strong evidence about efficacy under defined study conditions while observational study are especially useful after vaccine are deployed at large scale real-world effectiveness may differ from trial efficacy because populations exposure levels circulating variant and vaccination schedules differ a useful interpretation of vaccine effectiveness requires knowing the endpoint for example effectiveness against hospitalization is a different quantity from effectiveness against infection waning protection may also appear differently for different outcomes researchers may stratify results by age time since vaccination product or variant period confounding and selection bias are important limitations in observational vaccine study statistical adjustment can reduce some biases but it cannot guarantee that every relevant difference between groups has been measured results should therefore be interpreted in the context of study design uncertainty intervals sample size and the population studied
D04,Custom,182,114,incidence and prevalence in infectious disease epidemiology incidence and prevalence describe different aspects of disease occurrence incidence focuses on new case occurring in a population during a specified period prevalence describes the proportion of a population that has a condition at a particular time or over a defined period for an infectious disease incidence can help describe how quickly new infection are occurring prevalence can reflect both new case and the duration of illness a disease with short duration may have substantial incidence but relatively low point prevalence conversely a chronic condition can have lower incidence but high prevalence because person remain affected for long periods epidemiologists define the population time interval case definition and measurement method carefully changes in testing availability or reporting practices can affect observed incidence without representing an equivalent change in true transmission for covid-19 widespread changes in testing behavior made reported case counts difficult to interpret in isolation during some periods other indicators including hospitalization mortality test positivity syndromic surveillance and wastewater measurements can complement reported case using multiple indicators provides a broader picture of disease activity
D05,Custom,186,119,reproduction numbers and outbreak growth the basic reproduction number r0 describes the average number of secondary infection generated by a typical infectious individual in a fully susceptible population under specified assumptions it is a theoretical epidemiological quantity and should not be interpreted as a fixed property of a pathogen in every setting the effective reproduction number often written rt or re reflects transmission under current conditions vaccination prior immunity behavioral changes public-health interventions and population structure can all affect effective transmission when the effective reproduction number is above one infection can increase under the relevant conditions when it remains below one transmission tends to decline estimating reproduction numbers requires assumptions and data delays between infection symptom onset testing reporting and hospitalization can affect estimates analysts may therefore use statistical models and nowcasting methods to account for reporting delays reproduction numbers should be interpreted together with other indicators a single estimate can be uncertain especially when case counts are small or surveillance systems are changing the same reproduction number can also correspond to different absolute levels of disease depending on the size and immunity of the population
D06,Custom,172,114,contact tracing and exposure management contact tracing is a public-health process used to identify person who may have been exposed to an infectious disease and provide them with relevant information and support for respiratory infection contact definitions may consider proximity duration setting and timing relative to infectiousness a typical workflow includes identifying a confirmed or probable case determining the period during which transmission could have occurred interviewing the case when appropriate identifying contacts and communicating recommended actions digital tools can assist with notification or data management but they do not replace public-health judgment contact tracing is most effective when case and contacts can be identified quickly and when person have access to testing healthcare isolation resources and accurate information privacy and confidentiality are important because contact-tracing systems handle sensitive health and exposure information the effectiveness of contact tracing can decrease when community transmission is extremely high when many infection are asymptomatic or when case cannot be identified promptly in such situations broad prevention measures and community surveillance may be more practical complements
D07,Custom,164,111,wastewater surveillance for respiratory viruses wastewater surveillance analyzes biological material in sewage to estimate the presence or trends of infectious agents within a community because infect individuals can shed viral genetic material into wastewater wastewater measurements can provide population-level information that does not depend on every infect person seeking a clinical test wastewater surveillance can be especially useful when individual testing declines trends may provide an early signal of changing transmission although the relationship between wastewater concentration and the exact number of infection is not straightforward interpretation requires attention to sampling location population served by the treatment system rainfall and dilution laboratory methods sampling frequency and changes in shedding patterns wastewater data are most useful when combined with clinical surveillance hospital data and other epidemiological indicators wastewater surveillance generally does not identify individual infect person its population-level nature can therefore complement other surveillance systems while reducing dependence on individual testing it is a monitoring tool rather than a direct diagnostic test for an individual
D08,Custom,161,114,sars-cov-2 variant surveillance variant surveillance monitors genetic changes in sars-cov-2 and assesses whether emerging lineages have characteristics relevant to public health sequencing can identify viral lineages from selected clinical specimens while genomic databases allow laboratories and researchers to compare sequences over time and across locations a newly detected mutation does not automatically mean that a variant is more transmissible or more severe researchers evaluate changes using laboratory study epidemiological data clinical outcomes and population-level observations multiple mutations can occur together and the biological effect of a mutation depends on its location and context variant surveillance helps public-health agencies detect changes that may affect diagnostics therapeutics vaccine or transmission patterns however sequencing samples are not always representative of all infection differences in sampling and sequencing capacity can influence which variant are observed genomic surveillance works best when linked with epidemiological and clinical information sequence data can identify what is circulating while other datasets help determine the practical public-health significance of those lineages
D09,Custom,172,124,infectious disease outbreak investigation an outbreak investigation seeks to determine whether an unusual increase in disease has occurred characterize affected person and settings identify likely sources or transmission routes and guide control measures the investigation begins with a clear case definition and confirmation that the observed increase is greater than expected investigators construct descriptive summaries by time place and person an epidemic curve can show the timing of illness onset and may provide clues about the type of exposure mapping case can identify geographic clustering while demographic analysis can reveal differences by age occupation or other characteristics analytical epidemiology may compare exposures among case and controls or among exposed and unexposed groups investigators must consider recall bias selection bias confounding and incomplete reporting laboratory testing and genomic sequencing can provide additional evidence control measures should not necessarily wait until every scientific question is resolved depending on the pathogen and circumstances measures can include isolation vaccination environmental controls communication testing and targeted restrictions investigators continue evaluating the outbreak as new evidence becomes available
D10,Custom,160,113,public health surveillance systems public health surveillance is the continuous and systematic collection analysis interpretation and dissemination of health information for action surveillance systems can monitor infectious disease through case reports laboratory results hospital records mortality data syndromic indicators sentinel sites and community-level measurements a surveillance system begins with a defined objective the case definition determines which events are counted while reporting rules specify how and when information is submitted data quality depends on completeness timeliness consistency and representativeness passive surveillance relies on routine reporting and can be relatively efficient but may miss case active surveillance involves more direct efforts to identify case and can improve completeness at greater cost sentinel surveillance collects detailed information from selected sites and may be useful for monitoring trends surveillance data should be interpreted carefully changes in reporting systems testing practices healthcare access or case definitions can create apparent changes that are not purely epidemiological public-health decision-making therefore benefits from triangulating multiple data sources
D11,Custom,147,102,infection prevention in healthcare settings healthcare facilities require layered infection-prevention measures because patients and healthcare workers may encounter infectious individuals in close-contact environments core practices include hand hygiene appropriate use of personal protective equipment environmental cleaning respiratory hygiene and safe patient placement administrative measures can include screening or triage procedures staff training vaccination programs and policies for managing symptomatic healthcare workers engineering controls include ventilation physical separation and room design personal protective equipment is selected according to the anticipated exposure and task infection prevention programs also depend on monitoring facilities can track healthcare-associated infection respiratory illness among staff compliance with selected practices and environmental indicators training should be repeated and adapted when evidence or recommendations change no single control is sufficient in every situation layered prevention reduces reliance on one barrier and can be adapted according to the pathogen transmission route patient population and local outbreak conditions
D12,Custom,168,120,vaccine safety and adverse event monitoring vaccine safety monitoring continues after vaccine are authorized or licensed because very rare adverse events may only become detectable when millions of doses are administered surveillance systems collect reports of health events that occur after vaccination and investigate signals that may indicate a potential association an adverse event following immunization is not automatically caused by the vaccine the event may be coincidental associated with another medical condition or potentially related to vaccination safety assessment therefore considers background rates timing biological plausibility comparison groups and other evidence passive reporting systems are valuable for signal detection but can be affected by underreporting stimulated reporting and incomplete clinical information active surveillance and epidemiological study can provide stronger estimates of incidence and relative risk clear communication should distinguish a reported event from a confirmed causal relationship vaccine safety decisions are based on accumulated evidence rather than a single report monitoring can lead to updated warnings recommendations or continued use when evidence supports a favorable benefit-risk profile
D13,Custom,154,113,risk communication during infectious disease events risk communication provides person with information needed to understand a public-health threat and make informed decisions effective communication should explain what is known what is uncertain what actions are recommended and why recommendations may change numbers should be presented with context for example a percentage without a denominator comparison group time period or outcome can be misleading communicators should distinguish absolute risk from relative risk and avoid implying certainty when evidence remains limited trust can be supported by acknowledging uncertainty rather than hiding it during a rapidly changing outbreak evidence can evolve as new study become available explaining the reason for an updated recommendation can help person understand that changing guidance does not necessarily mean that earlier information was intentionally misleading communication should also consider language accessibility cultural context and misinformation public-health messages are more useful when they provide practical actions and identify reliable sources for additional information
D14,Custom,154,107,respiratory infection prevention in schools schools are environments where students and staff interact frequently so respiratory infection can spread through close contact and shared indoor air prevention strategies should be proportionate to local disease activity and the needs of the school community ventilation can reduce accumulation of infectious respiratory particles indoors outdoor activities can provide lower-risk alternatives when practical encouraging person with acute respiratory illness to stay home can reduce opportunities for transmission schools can also support routine vaccination according to national and local recommendations clear procedures for responding to clusters of illness help staff identify when public-health consultation may be needed communication with families should explain symptoms prevention measures and when students should remain at home outbreak response should consider educational continuity as well as disease control measures can be targeted according to evidence rather than relying automatically on broad closures coordination among school administrators healthcare professionals families and public-health authorities is important
D15,Custom,156,113,protecting higher-risk populations during respiratory virus activity some person have a higher risk of severe outcomes from respiratory infection because of age underlying medical conditions immune status pregnancy or other factors public-health planning can reduce harm by ensuring that higher-risk groups have access to vaccination timely testing when appropriate clinical care and clear prevention information protection can involve individual and community measures healthcare facilities and residential settings may use additional precautions during periods of elevated transmission family members and caregivers can reduce exposure opportunities when respiratory viruses are circulating widely risk is not determined by a single characteristic age vaccination status previous immunity treatment access and circulating viral strains can interact public-health communication should therefore avoid assuming that all members of a broad category have identical risk equitable access is an important part of prevention barriers such as transportation cost language digital access and healthcare availability can affect whether person are able to use recommended services
D16,Custom,156,107,testing and antiviral treatment in covid-19 care testing can help identify sars-cov-2 infection and inform clinical or public-health decisions different tests have different characteristics molecular tests can detect viral genetic material while antigen tests detect viral proteins and may provide rapid results test performance depends on timing specimen collection and the stage of infection a negative result does not always exclude infection particularly when testing occurs early or when the test has lower sensitivity interpretation should consider symptoms exposure history timing and the specific test used antiviral treatment is intended to reduce the risk of severe disease in eligible patients eligibility timing contraindications drug interactions and treatment selection require clinical assessment public-health information should not replace individualized medical advice testing and treatment programs are most effective when person can access testing promptly and healthcare systems can evaluate eligible patients without unnecessary delay surveillance data can also help authorities understand changes in testing demand and disease activity
D17,Custom,154,117,health literacy and infectious disease misinformation health literacy involves the ability to find understand evaluate and use health information during infectious disease outbreak person may encounter rapidly changing information through news social media messaging applications and informal networks misinformation can arise from incorrect information misunderstanding outdated evidence or misleading presentation of accurate facts a useful evaluation process checks the source date evidence population studied and whether the claim matches the underlying data health communication should avoid presenting preliminary findings as settled conclusions a single laboratory experiment or small observational study may not answer a population-level question stronger conclusions generally require evidence from multiple complementary study practical health literacy strategies include checking information against recognized public-health or medical sources looking for the original study when possible and distinguishing a reported association from proof of causation clear explanations can reduce confusion without assuming that every person who has encountered inaccurate information is acting in bad faith
D18,Custom,163,118,global outbreak preparedness and response outbreak preparedness involves building the capacity to detect assess communicate about and respond to infectious disease threats before they become large emergencies preparedness includes laboratory capacity surveillance systems trained personnel medical supplies vaccination infrastructure data systems and emergency coordination mechanisms early detection depends on timely information countries and institutions may use laboratory networks clinical surveillance event-based reporting genomic sequencing and cross-border information sharing a signal does not always represent a major outbreak but rapid assessment can determine whether further investigation is required response planning includes clear roles and responsibilities hospitals may need surge plans while public-health agencies may require mechanisms for contact tracing risk communication and resource allocation exercises and simulations can identify weaknesses before a real emergency occurs preparedness is an ongoing process after an outbreak evaluations can identify which systems worked which failed and which improvements should be institutionalized investments in routine public-health capacity can strengthen response to multiple infectious threats rather than a single pathogen
D19,Custom,163,124,epidemiological models for infectious disease planning mathematical and computational models can help researchers explore how infectious disease may spread under different assumptions compartmental models such as sir divide populations into categories such as susceptible infect and recovered more detailed models can add age groups vaccination status hospitalization geographic structure or other characteristics models are not crystal balls their outputs depend on assumptions parameter estimates data quality and the scenario being examined a model can be useful even when its exact numerical forecast is uncertain because it can show how outcomes change when assumptions change model calibration uses observed data to estimate parameters or evaluate whether simulated trajectories are consistent with historical patterns validation and sensitivity analysis can identify which assumptions have the greatest effect on results public-health decision-makers should interpret model outputs alongside surveillance data and expert assessment scenario projections are particularly sensitive to changes in behavior immunity viral characteristics interventions and healthcare capacity transparent reporting of assumptions and uncertainty is therefore essential
D20,Custom,161,121,evaluating public health responses after an outbreak after an infectious disease outbreak a structured evaluation can examine what happened which interventions were implemented how quickly systems responded and what improvements are needed evaluation should consider epidemiological outcomes as well as operational social and economic consequences useful indicators may include time from signal detection to investigation testing turnaround time vaccination coverage hospitalization trends healthcare capacity communication reach and the timeliness of public-health reporting the exact measures depend on the outbreak and the objectives of the response evaluation should distinguish correlation from causation a decline in case after an intervention does not automatically prove that the intervention caused the decline because transmission can also change due to immunity behavior seasonality or other factors after-action reviews can translate findings into concrete improvements these may include updating response plans strengthening laboratory networks improving data interoperability expanding workforce training or revising communication procedures the goal is to convert experience into preparedness for future infectious disease events
D01,spaCy,242,145,covid-19 transmission and community prevention covid-19 be cause by infection with sar - cov-2 transmission can occur when an infected person release respiratory particle while breathe speak coughing or sneeze risk generally increase in crowded or poorly ventilate indoor environment and when people be in close proximity for prolong period prevention therefore combine several measure rather than rely on a single intervention improve indoor ventilation and filtration can reduce the concentration of infectious particle in share air stay home when acutely ill can reduce exposure to other people mask use can provide an additional layer of protection in setting where respiratory virus transmission be elevate or where vulnerable people be present hand hygiene remain useful for reduce transmission of many infection although respiratory transmission be a major route for covid-19 vaccination be an important prevention measure because it prepare the immune system to respond to the virus vaccine protection against infection can change over time and across variant while protection against severe disease can remain strong public - health program therefore consider vaccination together with surveillance clinical care ventilation and risk - base protective measure community prevention work well when measure be match to the local epidemiological situation public - health authority may use indicator such as report case hospitalization wastewater signal and outbreak report to guide communication and intervention individual can reduce risk by consider the intensity of local transmission their own health risk and the vulnerability of people around they
D02,spaCy,190,125,covid-19 vaccination basic concept covid-19 vaccine be design to stimulate an immune response against sar - cov-2 without require a person to experience the disease itself different vaccine platform can present viral information to the immune system in different way after vaccination immune cell can recognize relevant viral component and mount a fast response when expose late vaccination do not guarantee that a person will never become infected vaccine effectiveness vary by outcome product population time since vaccination and circulate variant public - health evaluation commonly distinguish protection against infection symptomatic disease hospitalization and death these outcome should not be treat as interchangeable immunity can change over time previous infection may also contribute to immune protection produce what researcher often describe as hybrid immunity when vaccination and infection have both occur because immunity and circulate virus change vaccination recommendation may be update as evidence develop when communicate about vaccine it be useful to distinguish relative risk absolute risk vaccine effectiveness and adverse - event rate a clear explanation should specify the population comparison group time period and health outcome this prevent mislead conclusion from a single percentage or isolated statistic
D03,spaCy,196,125,evaluate vaccine effectiveness vaccine effectiveness be usually estimate by compare disease outcome between vaccinated and comparison group under real - world condition observational study may use cohort case - control or test - negative design researcher must account for factor such as age prior infection underlie condition healthcare - seek behavior exposure pattern and calendar period randomize control trial can provide strong evidence about efficacy under define study condition while observational study be especially useful after vaccine be deploy at large scale real - world effectiveness may differ from trial efficacy because population exposure level circulate variant and vaccination schedule differ a useful interpretation of vaccine effectiveness require know the endpoint for example effectiveness against hospitalization be a different quantity from effectiveness against infection wan protection may also appear differently for different outcome researcher may stratify result by age time since vaccination product or variant period confound and selection bias be important limitation in observational vaccine study statistical adjustment can reduce some bias but it can not guarantee that every relevant difference between group have be measure result should therefore be interpret in the context of study design uncertainty interval sample size and the population study
D04,spaCy,182,107,incidence and prevalence in infectious disease epidemiology incidence and prevalence describe different aspect of disease occurrence incidence focus on new case occur in a population during a specify period prevalence describe the proportion of a population that have a condition at a particular time or over a define period for an infectious disease incidence can help describe how quickly new infection be occur prevalence can reflect both new case and the duration of illness a disease with short duration may have substantial incidence but relatively low point prevalence conversely a chronic condition can have low incidence but high prevalence because people remain affected for long period epidemiologist define the population time interval case definition and measurement method carefully change in test availability or reporting practice can affect observed incidence without represent an equivalent change in true transmission for covid-19 widespread change in test behavior make reported case count difficult to interpret in isolation during some period other indicator include hospitalization mortality test positivity syndromic surveillance and wastewater measurement can complement report case use multiple indicator provide a broad picture of disease activity
D05,spaCy,188,115,reproduction number and outbreak growth the basic reproduction number r0 describe the average number of secondary infection generate by a typical infectious individual in a fully susceptible population under specify assumption it be a theoretical epidemiological quantity and should not be interpret as a fix property of a pathogen in every setting the effective reproduction number often write rt or re reflect transmission under current condition vaccination prior immunity behavioral change public - health intervention and population structure can all affect effective transmission when the effective reproduction number be above one infection can increase under the relevant condition when it remain below one transmission tend to decline estimate reproduction number require assumption and datum delay between infection symptom onset testing reporting and hospitalization can affect estimate analyst may therefore use statistical model and nowcaste method to account for reporting delay reproduction number should be interpret together with other indicator a single estimate can be uncertain especially when case count be small or surveillance system be change the same reproduction number can also correspond to different absolute level of disease depend on the size and immunity of the population
D06,spaCy,179,107,contact trace and exposure management contact tracing be a public - health process use to identify people who may have be expose to an infectious disease and provide they with relevant information and support for respiratory infection contact definition may consider proximity duration setting and timing relative to infectiousness a typical workflow include identify a confirmed or probable case determine the period during which transmission could have occur interview the case when appropriate identify contact and communicate recommend action digital tool can assist with notification or data management but they do not replace public - health judgment contact tracing be most effective when case and contact can be identify quickly and when people have access to test healthcare isolation resource and accurate information privacy and confidentiality be important because contact - trace system handle sensitive health and exposure information the effectiveness of contact tracing can decrease when community transmission be extremely high when many infection be asymptomatic or when case can not be identify promptly in such situation broad prevention measure and community surveillance may be more practical complement
D07,spaCy,168,108,wastewater surveillance for respiratory virus wastewater surveillance analyze biological material in sewage to estimate the presence or trend of infectious agent within a community because infected individual can shed viral genetic material into wastewater wastewater measurement can provide population - level information that do not depend on every infected person seek a clinical test wastewater surveillance can be especially useful when individual testing decline trend may provide an early signal of change transmission although the relationship between wastewater concentration and the exact number of infection be not straightforward interpretation require attention to sample location population serve by the treatment system rainfall and dilution laboratory method sample frequency and change in shed pattern wastewater datum be most useful when combine with clinical surveillance hospital datum and other epidemiological indicator wastewater surveillance generally do not identify individual infect people its population - level nature can therefore complement other surveillance system while reduce dependence on individual testing it be a monitoring tool rather than a direct diagnostic test for an individual
D08,spaCy,171,110,sars - cov-2 variant surveillance variant surveillance monitor genetic change in sar - cov-2 and assess whether emerge lineage have characteristic relevant to public health sequencing can identify viral lineage from select clinical specimen while genomic database allow laboratory and researcher to compare sequence over time and across location a newly detect mutation do not automatically mean that a variant be more transmissible or more severe researcher evaluate change use laboratory study epidemiological data clinical outcome and population - level observation multiple mutation can occur together and the biological effect of a mutation depend on its location and context variant surveillance help public - health agency detect change that may affect diagnostic therapeutic vaccine or transmission pattern however sequence sample be not always representative of all infection difference in sample and sequence capacity can influence which variant be observe genomic surveillance work well when link with epidemiological and clinical information sequence datum can identify what be circulate while other dataset help determine the practical public - health significance of those lineage
D09,spaCy,172,123,infectious disease outbreak investigation an outbreak investigation seek to determine whether an unusual increase in disease have occur characterize affected people and setting identify likely source or transmission route and guide control measure the investigation begin with a clear case definition and confirmation that the observed increase be great than expect investigator construct descriptive summary by time place and person an epidemic curve can show the timing of illness onset and may provide clue about the type of exposure mapping case can identify geographic clustering while demographic analysis can reveal difference by age occupation or other characteristic analytical epidemiology may compare exposure among case and control or among expose and unexposed group investigator must consider recall bias selection bias confound and incomplete report laboratory testing and genomic sequencing can provide additional evidence control measure should not necessarily wait until every scientific question be resolve depend on the pathogen and circumstance measure can include isolation vaccination environmental control communication testing and target restriction investigator continue evaluate the outbreak as new evidence become available
D10,spaCy,166,110,public health surveillance system public health surveillance be the continuous and systematic collection analysis interpretation and dissemination of health information for action surveillance system can monitor infectious disease through case report laboratory result hospital record mortality datum syndromic indicator sentinel site and community - level measurement a surveillance system begin with a define objective the case definition determine which event be count while report rule specify how and when information be submit datum quality depend on completeness timeliness consistency and representativeness passive surveillance relie on routine reporting and can be relatively efficient but may miss case active surveillance involve more direct effort to identify case and can improve completeness at great cost sentinel surveillance collect detailed information from select site and may be useful for monitor trend surveillance datum should be interpret carefully change in report system testing practice healthcare access or case definition can create apparent change that be not purely epidemiological public - health decision - make therefore benefit from triangulate multiple datum source
D11,spaCy,153,100,infection prevention in healthcare setting healthcare facility require layered infection - prevention measure because patient and healthcare worker may encounter infectious individual in close - contact environment core practice include hand hygiene appropriate use of personal protective equipment environmental cleaning respiratory hygiene and safe patient placement administrative measure can include screening or triage procedure staff training vaccination program and policy for manage symptomatic healthcare worker engineering control include ventilation physical separation and room design personal protective equipment be select accord to the anticipated exposure and task infection prevention program also depend on monitor facility can track healthcare - associate infection respiratory illness among staff compliance with select practice and environmental indicator training should be repeat and adapt when evidence or recommendation change no single control be sufficient in every situation layered prevention reduce reliance on one barrier and can be adapt accord to the pathogen transmission route patient population and local outbreak condition
D12,spaCy,170,115,vaccine safety and adverse event monitor vaccine safety monitoring continue after vaccine be authorize or license because very rare adverse event may only become detectable when million of dos be administer surveillance system collect report of health event that occur after vaccination and investigate signal that may indicate a potential association an adverse event follow immunization be not automatically cause by the vaccine the event may be coincidental associate with another medical condition or potentially relate to vaccination safety assessment therefore consider background rate time biological plausibility comparison group and other evidence passive reporting system be valuable for signal detection but can be affect by underreporte stimulate reporting and incomplete clinical information active surveillance and epidemiological study can provide strong estimate of incidence and relative risk clear communication should distinguish a report event from a confirm causal relationship vaccine safety decision be base on accumulate evidence rather than a single report monitoring can lead to update warning recommendation or continue use when evidence support a favorable benefit - risk profile
D13,spaCy,158,109,risk communication during infectious disease event risk communication provide people with information need to understand a public - health threat and make informed decision effective communication should explain what be know what be uncertain what action be recommend and why recommendation may change number should be present with context for example a percentage without a denominator comparison group time period or outcome can be mislead communicator should distinguish absolute risk from relative risk and avoid imply certainty when evidence remain limited trust can be support by acknowledge uncertainty rather than hide it during a rapidly change outbreak evidence can evolve as new study become available explain the reason for an update recommendation can help people understand that change guidance do not necessarily mean that early information be intentionally misleading communication should also consider language accessibility cultural context and misinformation public - health message be more useful when they provide practical action and identify reliable source for additional information
D14,spaCy,160,104,respiratory infection prevention in school school be environment where student and staff interact frequently so respiratory infection can spread through close contact and share indoor air prevention strategy should be proportionate to local disease activity and the need of the school community ventilation can reduce accumulation of infectious respiratory particle indoor outdoor activity can provide low - risk alternative when practical encouraging people with acute respiratory illness to stay home can reduce opportunity for transmission school can also support routine vaccination accord to national and local recommendation clear procedure for respond to cluster of illness help staff identify when public - health consultation may be need communication with family should explain symptom prevention measure and when student should remain at home outbreak response should consider educational continuity as well as disease control measure can be target accord to evidence rather than rely automatically on broad closure coordination among school administrator healthcare professional family and public - health authority be important
D15,spaCy,164,112,protect high - risk population during respiratory virus activity some people have a high risk of severe outcome from respiratory infection because of age underlie medical condition immune status pregnancy or other factor public - health planning can reduce harm by ensure that high - risk group have access to vaccination timely testing when appropriate clinical care and clear prevention information protection can involve individual and community measure healthcare facility and residential setting may use additional precaution during period of elevated transmission family member and caregiver can reduce exposure opportunity when respiratory virus be circulate widely risk be not determine by a single characteristic age vaccination status previous immunity treatment access and circulate viral strain can interact public - health communication should therefore avoid assume that all member of a broad category have identical risk equitable access be an important part of prevention barrier such as transportation cost language digital access and healthcare availability can affect whether people be able to use recommend service
D16,spaCy,162,107,testing and antiviral treatment in covid-19 care testing can help identify sar - cov-2 infection and inform clinical or public - health decision different test have different characteristic molecular test can detect viral genetic material while antigen test detect viral protein and may provide rapid result test performance depend on time speciman collection and the stage of infection a negative result do not always exclude infection particularly when testing occur early or when the test have low sensitivity interpretation should consider symptom exposure history timing and the specific test use antiviral treatment be intend to reduce the risk of severe disease in eligible patient eligibility time contraindication drug interaction and treatment selection require clinical assessment public - health information should not replace individualized medical advice testing and treatment program be most effective when people can access testing promptly and healthcare system can evaluate eligible patient without unnecessary delay surveillance datum can also help authority understand change in test demand and disease activity
D17,spaCy,158,115,health literacy and infectious disease misinformation health literacy involve the ability to find understand evaluate and use health information during infectious disease outbreak people may encounter rapidly change information through news social medium message application and informal network misinformation can arise from incorrect information misunderstand outdated evidence or mislead presentation of accurate fact a useful evaluation process check the source date evidence population study and whether the claim match the underlie datum health communication should avoid present preliminary finding as settle conclusion a single laboratory experiment or small observational study may not answer a population - level question strong conclusion generally require evidence from multiple complementary study practical health literacy strategy include check information against recognize public - health or medical source look for the original study when possible and distinguish a report association from proof of causation clear explanation can reduce confusion without assume that every person who have encounter inaccurate information be act in bad faith
D18,spaCy,171,119,global outbreak preparedness and response outbreak preparedness involve build the capacity to detect assess communicate about and respond to infectious disease threat before they become large emergency preparedness include laboratory capacity surveillance system train personnel medical supply vaccination infrastructure datum system and emergency coordination mechanism early detection depend on timely information country and institution may use laboratory network clinical surveillance event - base reporting genomic sequence and cross - border information share a signal do not always represent a major outbreak but rapid assessment can determine whether further investigation be require response planning include clear role and responsibility hospital may need surge plan while public - health agency may require mechanism for contact trace risk communication and resource allocation exercise and simulation can identify weakness before a real emergency occur preparedness be an ongoing process after an outbreak evaluation can identify which system work which fail and which improvement should be institutionalize investment in routine public - health capacity can strengthen response to multiple infectious threat rather than a single pathogen
D19,spaCy,167,120,epidemiological model for infectious disease planning mathematical and computational model can help researcher explore how infectious disease may spread under different assumption compartmental model such as sir divide population into category such as susceptible infected and recover more detailed model can add age group vaccination status hospitalization geographic structure or other characteristic model be not crystal ball their output depend on assumption parameter estimate datum quality and the scenario be examine a model can be useful even when its exact numerical forecast be uncertain because it can show how outcome change when assumption change model calibration use observed datum to estimate parameter or evaluate whether simulate trajectory be consistent with historical pattern validation and sensitivity analysis can identify which assumption have the great effect on result public - health decision - maker should interpret model output alongside surveillance datum and expert assessment scenario projection be particularly sensitive to change in behavior immunity viral characteristic intervention and healthcare capacity transparent reporting of assumption and uncertainty be therefore essential
D20,spaCy,165,117,evaluate public health response after an outbreak after an infectious disease outbreak a structured evaluation can examine what happen which intervention be implement how quickly system respond and what improvement be need evaluation should consider epidemiological outcome as well as operational social and economic consequence useful indicator may include time from signal detection to investigation test turnaround time vaccination coverage hospitalization trend healthcare capacity communication reach and the timeliness of public - health report the exact measure depend on the outbreak and the objective of the response evaluation should distinguish correlation from causation a decline in case after an intervention do not automatically prove that the intervention cause the decline because transmission can also change due to immunity behavior seasonality or other factor after - action review can translate finding into concrete improvement these may include update response plan strengthen laboratory network improve data interoperability expand workforce training or revise communication procedure the goal be to convert experience into preparedness for future infectious disease event
