document_id,sentence_number,token,gold_pos,nltk_pos,ml_pos
D06,8,In,,IN,IN
D06,8,such,,JJ,JJ
D06,8,situations,,NNS,NNS
D06,8,",",,",",","
D06,8,broad,,JJ,JJ
D06,8,prevention,,NN,NN
D06,8,measures,,NNS,NNS
D06,8,and,,CC,CC
D06,8,community,,NN,NN
D06,8,surveillance,,NN,NN
D06,8,may,,MD,MD
D06,8,be,,VB,VB
D06,8,more,,JJR,RBR
D06,8,practical,,JJ,JJ
D06,8,complements,,NNS,NNS
D06,8,.,,.,.
D19,9,Public-health,,NNP,NN
D19,9,decision-makers,,NNS,NNS
D19,9,should,,MD,MD
D19,9,interpret,,VB,VB
D19,9,model,,NN,NN
D19,9,outputs,,NNS,NNS
D19,9,alongside,,JJ,RB
D19,9,surveillance,,NN,VBP
D19,9,data,,NNS,NNS
D19,9,and,,CC,CC
D19,9,expert,,JJ,VB
D19,9,assessment,,NN,NN
D19,9,.,,.,.
D10,6,Passive,,JJ,JJ
D10,6,surveillance,,NN,NN
D10,6,relies,,NNS,NNS
D10,6,on,,IN,IN
D10,6,routine,,JJ,NN
D10,6,reporting,,NN,NN
D10,6,and,,CC,CC
D10,6,can,,MD,MD
D10,6,be,,VB,VB
D10,6,relatively,,RB,RB
D10,6,efficient,,JJ,JJ
D10,6,but,,CC,CC
D10,6,may,,MD,MD
D10,6,miss,,VB,VB
D10,6,cases,,NNS,NNS
D10,6,.,,.,.
D08,1,SARS-CoV-2,,JJ,CD
D08,1,Variant,,NNP,JJ
D08,1,Surveillance,,NNP,NN
D08,1,Variant,,NNP,JJ
D08,1,surveillance,,NN,NN
D08,1,monitors,,NNS,NNS
D08,1,genetic,,JJ,JJ
D08,1,changes,,NNS,NNS
D08,1,in,,IN,IN
D08,1,SARS-CoV-2,,NNP,CD
D08,1,and,,CC,CC
D08,1,assesses,,VBZ,VBZ
D08,1,whether,,IN,IN
D08,1,emerging,,VBG,VBG
D08,1,lineages,,NNS,NNS
D08,1,have,,VBP,VBP
D08,1,characteristics,,NNS,NNS
D08,1,relevant,,JJ,JJ
D08,1,to,,TO,TO
D08,1,public,,JJ,JJ
D08,1,health,,NN,NN
D08,1,.,,.,.
D19,3,More,,RBR,RBR
D19,3,detailed,,JJ,JJ
D19,3,models,,NNS,NNS
D19,3,can,,MD,MD
D19,3,add,,VB,VB
D19,3,age,,NN,NN
D19,3,groups,,NNS,NNS
D19,3,",",,",",","
D19,3,vaccination,,NN,NN
D19,3,status,,NN,NN
D19,3,",",,",",","
D19,3,hospitalization,,NN,NN
D19,3,",",,",",","
D19,3,geographic,,JJ,JJ
D19,3,structure,,NN,NN
D19,3,",",,",",","
D19,3,or,,CC,CC
D19,3,other,,JJ,JJ
D19,3,characteristics,,NNS,NNS
D19,3,.,,.,.
D12,7,Active,,JJ,JJ
D12,7,surveillance,,NN,NN
D12,7,and,,CC,CC
D12,7,epidemiological,,JJ,JJ
D12,7,studies,,NNS,NNS
D12,7,can,,MD,MD
D12,7,provide,,VB,VB
D12,7,stronger,,JJR,JJR
D12,7,estimates,,NNS,NNS
D12,7,of,,IN,IN
D12,7,incidence,,NN,NN
D12,7,and,,CC,CC
D12,7,relative,,JJ,JJ
D12,7,risk,,NN,NN
D12,7,.,,.,.
D07,3,Wastewater,,NNP,NNP
D07,3,surveillance,,NN,NN
D07,3,can,,MD,MD
D07,3,be,,VB,VB
D07,3,especially,,RB,RB
D07,3,useful,,JJ,JJ
D07,3,when,,WRB,WRB
D07,3,individual,,JJ,JJ
D07,3,testing,,NN,NN
D07,3,declines,,NNS,NNS
D07,3,.,,.,.
D01,11,Public-health,,NN,NN
D01,11,programs,,NNS,NNS
D01,11,therefore,,RB,RB
D01,11,consider,,VBP,VBP
D01,11,vaccination,,NN,NN
D01,11,together,,RB,RP
D01,11,with,,IN,IN
D01,11,surveillance,,NN,NN
D01,11,",",,",",","
D01,11,clinical,,JJ,JJ
D01,11,care,,NN,NN
D01,11,",",,",",","
D01,11,ventilation,,NN,NN
D01,11,",",,",",","
D01,11,and,,CC,CC
D01,11,risk-based,,JJ,JJ
D01,11,protective,,JJ,JJ
D01,11,measures,,NNS,NNS
D01,11,.,,.,.
D07,7,Wastewater,,NN,NNP
D07,7,surveillance,,NN,NNP
D07,7,generally,,RB,RB
D07,7,does,,VBZ,VBZ
D07,7,not,,RB,RB
D07,7,identify,,VB,JJ
D07,7,individual,,JJ,JJ
D07,7,infected,,JJ,VBN
D07,7,people,,NNS,NNS
D07,7,.,,.,.
D10,8,Sentinel,,NNP,NNP
D10,8,surveillance,,NN,NNP
D10,8,collects,,NNS,VBZ
D10,8,detailed,,VBN,JJ
D10,8,information,,NN,NN
D10,8,from,,IN,IN
D10,8,selected,,VBN,VBN
D10,8,sites,,NNS,NNS
D10,8,and,,CC,CC
D10,8,may,,MD,MD
D10,8,be,,VB,VB
D10,8,useful,,JJ,JJ
D10,8,for,,IN,IN
D10,8,monitoring,,VBG,NN
D10,8,trends,,NNS,NNS
D10,8,.,,.,.
D01,1,COVID-19,,JJ,CD
D01,1,Transmission,,NNP,NN
D01,1,and,,CC,CC
D01,1,Community,,NNP,NNP
D01,1,Prevention,,NNP,NNP
D01,1,COVID-19,,NNP,NNP
D01,1,is,,VBZ,VBZ
D01,1,caused,,VBN,VBN
D01,1,by,,IN,IN
D01,1,infection,,NN,NN
D01,1,with,,IN,IN
D01,1,SARS-CoV-2,,NNP,CD
D01,1,.,,.,.
D16,7,Antiviral,,JJ,JJ
D16,7,treatment,,NN,NN
D16,7,is,,VBZ,VBZ
D16,7,intended,,VBN,VBN
D16,7,to,,TO,TO
D16,7,reduce,,VB,VB
D16,7,the,,DT,DT
D16,7,risk,,NN,NN
D16,7,of,,IN,IN
D16,7,severe,,JJ,JJ
D16,7,disease,,NN,NN
D16,7,in,,IN,IN
D16,7,eligible,,JJ,JJ
D16,7,patients,,NNS,NNS
D16,7,.,,.,.
D02,3,After,,IN,IN
D02,3,vaccination,,NN,NN
D02,3,",",,",",","
D02,3,immune,,JJ,JJ
D02,3,cells,,NNS,NNS
D02,3,can,,MD,MD
D02,3,recognize,,VB,VB
D02,3,relevant,,JJ,JJ
D02,3,viral,,JJ,JJ
D02,3,components,,NNS,NNS
D02,3,and,,CC,CC
D02,3,mount,,VB,VB
D02,3,a,,DT,DT
D02,3,faster,,JJR,JJR
D02,3,response,,NN,NN
D02,3,when,,WRB,WRB
D02,3,exposed,,VBN,VBN
D02,3,later,,RB,JJ
D02,3,.,,.,.
