document_id,method,token_count,vocabulary_size,stemmed_tokens
D01,Porter,234,136,covid-19 transmiss and commun prevent covid-19 is caus by infect with sars-cov-2 transmiss can occur when an infect person releas respiratori particl while breath speak cough or sneez risk gener increas in crowd or poorli ventil indoor environ and when peopl are in close proxim for prolong period prevent therefor combin sever measur rather than reli on a singl intervent improv indoor ventil and filtrat can reduc the concentr of infecti particl in share air stay home when acut ill can reduc exposur to other peopl mask use can provid an addit layer of protect in set where respiratori viru transmiss is elev or where vulner peopl are present hand hygien remain use for reduc transmiss of mani infect although respiratori transmiss is a major rout for covid-19 vaccin is an import prevent measur becaus it prepar the immun system to respond to the viru vaccin protect against infect can chang over time and across variant while protect against sever diseas can remain stronger public-health program therefor consid vaccin togeth with surveil clinic care ventil and risk-bas protect measur commun prevent work best when measur are match to the local epidemiolog situat public-health author may use indic such as report case hospit wastewat signal and outbreak report to guid commun and intervent individu can reduc risk by consid the intens of local transmiss their own health risk and the vulner of peopl around them
D02,Porter,184,121,covid-19 vaccin basic concept covid-19 vaccin are design to stimul an immun respons against sars-cov-2 without requir a person to experi the diseas itself differ vaccin platform can present viral inform to the immun system in differ way after vaccin immun cell can recogn relev viral compon and mount a faster respons when expos later vaccin doe not guarante that a person will never becom infect vaccin effect vari by outcom product popul time sinc vaccin and circul variant public-health evalu commonli distinguish protect against infect symptomat diseas hospit and death these outcom should not be treat as interchang immun can chang over time previou infect may also contribut to immun protect produc what research often describ as hybrid immun when vaccin and infect have both occur becaus immun and circul virus chang vaccin recommend may be updat as evid develop when commun about vaccin it is use to distinguish rel risk absolut risk vaccin effect and adverse-ev rate a clear explan should specifi the popul comparison group time period and health outcom thi prevent mislead conclus from a singl percentag or isol statist
D03,Porter,185,118,evalu vaccin effect vaccin effect is usual estim by compar diseas outcom between vaccin and comparison group under real-world condit observ studi may use cohort case-control or test-neg design research must account for factor such as age prior infect underli condit healthcare-seek behavior exposur pattern and calendar period random control trial can provid strong evid about efficaci under defin studi condit while observ studi are especi use after vaccin are deploy at larg scale real-world effect may differ from trial efficaci becaus popul exposur level circul variant and vaccin schedul differ a use interpret of vaccin effect requir know the endpoint for exampl effect against hospit is a differ quantiti from effect against infect wane protect may also appear differ for differ outcom research may stratifi result by age time sinc vaccin product or variant period confound and select bia are import limit in observ vaccin studi statist adjust can reduc some bias but it cannot guarante that everi relev differ between group ha been measur result should therefor be interpret in the context of studi design uncertainti interv sampl size and the popul studi
D04,Porter,182,106,incid and preval in infecti diseas epidemiolog incid and preval describ differ aspect of diseas occurr incid focus on new case occur in a popul dure a specifi period preval describ the proport of a popul that ha a condit at a particular time or over a defin period for an infecti diseas incid can help describ how quickli new infect are occur preval can reflect both new case and the durat of ill a diseas with short durat may have substanti incid but rel low point preval convers a chronic condit can have lower incid but high preval becaus peopl remain affect for long period epidemiologist defin the popul time interv case definit and measur method care chang in test avail or report practic can affect observ incid without repres an equival chang in true transmiss for covid-19 widespread chang in test behavior made report case count difficult to interpret in isol dure some period other indic includ hospit mortal test posit syndrom surveil and wastewat measur can complement report case use multipl indic provid a broader pictur of diseas activ
D05,Porter,186,115,reproduct number and outbreak growth the basic reproduct number r0 describ the averag number of secondari infect gener by a typic infecti individu in a fulli suscept popul under specifi assumpt it is a theoret epidemiolog quantiti and should not be interpret as a fix properti of a pathogen in everi set the effect reproduct number often written rt or re reflect transmiss under current condit vaccin prior immun behavior chang public-health intervent and popul structur can all affect effect transmiss when the effect reproduct number is abov one infect can increas under the relev condit when it remain below one transmiss tend to declin estim reproduct number requir assumpt and data delay between infect symptom onset test report and hospit can affect estim analyst may therefor use statist model and nowcast method to account for report delay reproduct number should be interpret togeth with other indic a singl estim can be uncertain especi when case count are small or surveil system are chang the same reproduct number can also correspond to differ absolut level of diseas depend on the size and immun of the popul
D06,Porter,172,108,contact trace and exposur manag contact trace is a public-health process use to identifi peopl who may have been expos to an infecti diseas and provid them with relev inform and support for respiratori infect contact definit may consid proxim durat set and time rel to infecti a typic workflow includ identifi a confirm or probabl case determin the period dure which transmiss could have occur interview the case when appropri identifi contact and commun recommend action digit tool can assist with notif or data manag but they do not replac public-health judgment contact trace is most effect when case and contact can be identifi quickli and when peopl have access to test healthcar isol resourc and accur inform privaci and confidenti are import becaus contact-trac system handl sensit health and exposur inform the effect of contact trace can decreas when commun transmiss is extrem high when mani infect are asymptomat or when case cannot be identifi promptli in such situat broad prevent measur and commun surveil may be more practic complement
D07,Porter,164,104,wastewat surveil for respiratori virus wastewat surveil analyz biolog materi in sewag to estim the presenc or trend of infecti agent within a commun becaus infect individu can shed viral genet materi into wastewat wastewat measur can provid population-level inform that doe not depend on everi infect person seek a clinic test wastewat surveil can be especi use when individu test declin trend may provid an earli signal of chang transmiss although the relationship between wastewat concentr and the exact number of infect is not straightforward interpret requir attent to sampl locat popul serv by the treatment system rainfal and dilut laboratori method sampl frequenc and chang in shed pattern wastewat data are most use when combin with clinic surveil hospit data and other epidemiolog indic wastewat surveil gener doe not identifi individu infect peopl it population-level natur can therefor complement other surveil system while reduc depend on individu test it is a monitor tool rather than a direct diagnost test for an individu
D08,Porter,161,104,sars-cov-2 variant surveil variant surveil monitor genet chang in sars-cov-2 and assess whether emerg lineag have characterist relev to public health sequenc can identifi viral lineag from select clinic specimen while genom databas allow laboratori and research to compar sequenc over time and across locat a newli detect mutat doe not automat mean that a variant is more transmiss or more sever research evalu chang use laboratori studi epidemiolog data clinic outcom and population-level observ multipl mutat can occur togeth and the biolog effect of a mutat depend on it locat and context variant surveil help public-health agenc detect chang that may affect diagnost therapeut vaccin or transmiss pattern howev sequenc sampl are not alway repres of all infect differ in sampl and sequenc capac can influenc which variant are observ genom surveil work best when link with epidemiolog and clinic inform sequenc data can identifi what is circul while other dataset help determin the practic public-health signific of those lineag
D09,Porter,172,121,infecti diseas outbreak investig an outbreak investig seek to determin whether an unusu increas in diseas ha occur character affect peopl and set identifi like sourc or transmiss rout and guid control measur the investig begin with a clear case definit and confirm that the observ increas is greater than expect investig construct descript summari by time place and person an epidem curv can show the time of ill onset and may provid clue about the type of exposur map case can identifi geograph cluster while demograph analysi can reveal differ by age occup or other characterist analyt epidemiolog may compar exposur among case and control or among expos and unexpos group investig must consid recal bia select bia confound and incomplet report laboratori test and genom sequenc can provid addit evid control measur should not necessarili wait until everi scientif question is resolv depend on the pathogen and circumst measur can includ isol vaccin environment control commun test and target restrict investig continu evalu the outbreak as new evid becom avail
D10,Porter,160,107,public health surveil system public health surveil is the continu and systemat collect analysi interpret and dissemin of health inform for action surveil system can monitor infecti diseas through case report laboratori result hospit record mortal data syndrom indic sentinel site and community-level measur a surveil system begin with a defin object the case definit determin which event are count while report rule specifi how and when inform is submit data qualiti depend on complet timeli consist and repres passiv surveil reli on routin report and can be rel effici but may miss case activ surveil involv more direct effort to identifi case and can improv complet at greater cost sentinel surveil collect detail inform from select site and may be use for monitor trend surveil data should be interpret care chang in report system test practic healthcar access or case definit can creat appar chang that are not pure epidemiolog public-health decision-mak therefor benefit from triangul multipl data sourc
D11,Porter,147,100,infect prevent in healthcar set healthcar facil requir layer infection-prevent measur becaus patient and healthcar worker may encount infecti individu in close-contact environ core practic includ hand hygien appropri use of person protect equip environment clean respiratori hygien and safe patient placement administr measur can includ screen or triag procedur staff train vaccin program and polici for manag symptomat healthcar worker engin control includ ventil physic separ and room design person protect equip is select accord to the anticip exposur and task infect prevent program also depend on monitor facil can track healthcare-associ infect respiratori ill among staff complianc with select practic and environment indic train should be repeat and adapt when evid or recommend chang no singl control is suffici in everi situat layer prevent reduc relianc on one barrier and can be adapt accord to the pathogen transmiss rout patient popul and local outbreak condit
D12,Porter,168,110,vaccin safeti and advers event monitor vaccin safeti monitor continu after vaccin are author or licens becaus veri rare advers event may onli becom detect when million of dose are administ surveil system collect report of health event that occur after vaccin and investig signal that may indic a potenti associ an advers event follow immun is not automat caus by the vaccin the event may be coincident associ with anoth medic condit or potenti relat to vaccin safeti assess therefor consid background rate time biolog plausibl comparison group and other evid passiv report system are valuabl for signal detect but can be affect by underreport stimul report and incomplet clinic inform activ surveil and epidemiolog studi can provid stronger estim of incid and rel risk clear commun should distinguish a report event from a confirm causal relationship vaccin safeti decis are base on accumul evid rather than a singl report monitor can lead to updat warn recommend or continu use when evid support a favor benefit-risk profil
D13,Porter,154,106,risk commun dure infecti diseas event risk commun provid peopl with inform need to understand a public-health threat and make inform decis effect commun should explain what is known what is uncertain what action are recommend and whi recommend may chang number should be present with context for exampl a percentag without a denomin comparison group time period or outcom can be mislead commun should distinguish absolut risk from rel risk and avoid impli certainti when evid remain limit trust can be support by acknowledg uncertainti rather than hide it dure a rapidli chang outbreak evid can evolv as new studi becom avail explain the reason for an updat recommend can help peopl understand that chang guidanc doe not necessarili mean that earlier inform wa intent mislead commun should also consid languag access cultur context and misinform public-health messag are more use when they provid practic action and identifi reliabl sourc for addit inform
D14,Porter,154,102,respiratori infect prevent in school school are environ where student and staff interact frequent so respiratori infect can spread through close contact and share indoor air prevent strategi should be proportion to local diseas activ and the need of the school commun ventil can reduc accumul of infecti respiratori particl indoor outdoor activ can provid lower-risk altern when practic encourag peopl with acut respiratori ill to stay home can reduc opportun for transmiss school can also support routin vaccin accord to nation and local recommend clear procedur for respond to cluster of ill help staff identifi when public-health consult may be need commun with famili should explain symptom prevent measur and when student should remain at home outbreak respons should consid educ continu as well as diseas control measur can be target accord to evid rather than reli automat on broad closur coordin among school administr healthcar profession famili and public-health author is import
D15,Porter,156,110,protect higher-risk popul dure respiratori viru activ some peopl have a higher risk of sever outcom from respiratori infect becaus of age underli medic condit immun statu pregnanc or other factor public-health plan can reduc harm by ensur that higher-risk group have access to vaccin time test when appropri clinic care and clear prevent inform protect can involv individu and commun measur healthcar facil and residenti set may use addit precaut dure period of elev transmiss famili member and caregiv can reduc exposur opportun when respiratori virus are circul wide risk is not determin by a singl characterist age vaccin statu previou immun treatment access and circul viral strain can interact public-health commun should therefor avoid assum that all member of a broad categori have ident risk equit access is an import part of prevent barrier such as transport cost languag digit access and healthcar avail can affect whether peopl are abl to use recommend servic
D16,Porter,156,102,test and antivir treatment in covid-19 care test can help identifi sars-cov-2 infect and inform clinic or public-health decis differ test have differ characterist molecular test can detect viral genet materi while antigen test detect viral protein and may provid rapid result test perform depend on time specimen collect and the stage of infect a neg result doe not alway exclud infect particularli when test occur earli or when the test ha lower sensit interpret should consid symptom exposur histori time and the specif test use antivir treatment is intend to reduc the risk of sever diseas in elig patient elig time contraind drug interact and treatment select requir clinic assess public-health inform should not replac individu medic advic test and treatment program are most effect when peopl can access test promptli and healthcar system can evalu elig patient without unnecessari delay surveil data can also help author understand chang in test demand and diseas activ
D17,Porter,154,109,health literaci and infecti diseas misinform health literaci involv the abil to find understand evalu and use health inform dure infecti diseas outbreak peopl may encount rapidli chang inform through news social media messag applic and inform network misinform can aris from incorrect inform misunderstand outdat evid or mislead present of accur fact a use evalu process check the sourc date evid popul studi and whether the claim match the underli data health commun should avoid present preliminari find as settl conclus a singl laboratori experi or small observ studi may not answer a population-level question stronger conclus gener requir evid from multipl complementari studi practic health literaci strategi includ check inform against recogn public-health or medic sourc look for the origin studi when possibl and distinguish a report associ from proof of causat clear explan can reduc confus without assum that everi person who ha encount inaccur inform is act in bad faith
D18,Porter,163,111,global outbreak prepared and respons outbreak prepared involv build the capac to detect assess commun about and respond to infecti diseas threat befor they becom larg emerg prepared includ laboratori capac surveil system train personnel medic suppli vaccin infrastructur data system and emerg coordin mechan earli detect depend on time inform countri and institut may use laboratori network clinic surveil event-bas report genom sequenc and cross-bord inform share a signal doe not alway repres a major outbreak but rapid assess can determin whether further investig is requir respons plan includ clear role and respons hospit may need surg plan while public-health agenc may requir mechan for contact trace risk commun and resourc alloc exercis and simul can identifi weak befor a real emerg occur prepared is an ongo process after an outbreak evalu can identifi which system work which fail and which improv should be institution invest in routin public-health capac can strengthen respons to multipl infecti threat rather than a singl pathogen
D19,Porter,163,116,epidemiolog model for infecti diseas plan mathemat and comput model can help research explor how infecti diseas may spread under differ assumpt compartment model such as sir divid popul into categori such as suscept infect and recov more detail model can add age group vaccin statu hospit geograph structur or other characterist model are not crystal ball their output depend on assumpt paramet estim data qualiti and the scenario be examin a model can be use even when it exact numer forecast is uncertain becaus it can show how outcom chang when assumpt chang model calibr use observ data to estim paramet or evalu whether simul trajectori are consist with histor pattern valid and sensit analysi can identifi which assumpt have the greatest effect on result public-health decision-mak should interpret model output alongsid surveil data and expert assess scenario project are particularli sensit to chang in behavior immun viral characterist intervent and healthcar capac transpar report of assumpt and uncertainti is therefor essenti
D20,Porter,161,117,evalu public health respons after an outbreak after an infecti diseas outbreak a structur evalu can examin what happen which intervent were implement how quickli system respond and what improv are need evalu should consid epidemiolog outcom as well as oper social and econom consequ use indic may includ time from signal detect to investig test turnaround time vaccin coverag hospit trend healthcar capac commun reach and the timeli of public-health report the exact measur depend on the outbreak and the object of the respons evalu should distinguish correl from causat a declin in case after an intervent doe not automat prove that the intervent caus the declin becaus transmiss can also chang due to immun behavior season or other factor after-act review can translat find into concret improv these may includ updat respons plan strengthen laboratori network improv data interoper expand workforc train or revis commun procedur the goal is to convert experi into prepared for futur infecti diseas event
D01,Lancaster,234,136,covid-19 transmit and commun prev covid-19 is caus by infect with sars-cov-2 transmit can occ when an infect person releas respir partic whil breath speak cough or sneez risk gen increas in crowd or poor ventil indo environ and when peopl ar in clos proxim for prolong period prev theref combin sev meas rath than rely on a singl interv improv indo ventil and filt can reduc the cont of infecty partic in shar air stay hom when acut il can reduc expos to oth peopl mask us can provid an addit lay of protect in set wher respir vir transmit is elev or wher vuln peopl ar pres hand hygy remain us for reduc transmit of many infect although respir transmit is a maj rout for covid-19 vaccin is an import prev meas becaus it prep the immun system to respond to the vir vaccin protect against infect can chang ov tim and across vary whil protect against sev diseas can remain stronger public-health program theref consid vaccin togeth with surveil clin car ventil and risk-based protect meas commun prev work best when meas ar match to the loc epidemiolog situ public-health auth may us ind such as report cas hospit wastew sign and outbreak report to guid commun and interv individ can reduc risk by consid the intens of loc transmit their own heal risk and the vuln of peopl around them
D02,Lancaster,184,119,covid-19 vaccin bas conceiv covid-19 vaccin ar design to stim an immun respons against sars-cov-2 without requir a person to expery the diseas itself diff vaccin platform can pres vir inform to the immun system in diff way aft vaccin immun cel can recogn relev vir compon and mount a fast respons when expos lat vaccin doe not guar that a person wil nev becom infect vaccin effect vary by outcom produc pop tim sint vaccin and circ vary public-health evalu common distinct protect against infect symptom diseas hospit and dea thes outcom should not be tre as interchang immun can chang ov tim prevy infect may also contribut to immun protect produc what research oft describ as hybrid immun when vaccin and infect hav both occur becaus immun and circ virus chang vaccin recommend may be upd as evid develop when commun about vaccin it is us to distinct rel risk absolv risk vaccin effect and adverse-event rat a clear expl should spec the pop comparison group tim period and heal outcom thi prev mislead conclud from a singl perc or isol stat
D03,Lancaster,185,116,evalu vaccin effect vaccin effect is us estim by comp diseas outcom between vaccin and comparison group und real-world condit observ study may us cohort case-control or test-negative design research must account for fact such as ag pri infect und condit healthcare-seeking behavy expos pattern and calend period random control tri can provid strong evid about eff und defin study condit whil observ study ar espec us aft vaccin ar deploy at larg scal real-world effect may diff from tri eff becaus pop expos level circ vary and vaccin schedules diff a us interpret of vaccin effect requir know the endpoint for exampl effect against hospit is a diff quant from effect against infect wan protect may also appear diff for diff outcom research may stratify result by ag tim sint vaccin produc or vary period confound and select bia ar import limit in observ vaccin study stat adjust can reduc som bias but it cannot guar that every relev diff between group has been meas result should theref be interpret in the context of study design uncertainty interv sampl siz and the pop study
D04,Lancaster,182,102,incid and prev in infecty diseas epidemiolog incid and prev describ diff aspect of diseas occur incid focus on new cas occur in a pop dur a spec period prev describ the proport of a pop that has a condit at a particul tim or ov a defin period for an infecty diseas incid can help describ how quick new infect ar occur prev can reflect both new cas and the dur of il a diseas with short dur may hav subst incid but rel low point prev convers a chronic condit can hav low incid but high prev becaus peopl remain affect for long period epidemiolog defin the pop tim interv cas definit and meas method car chang in test avail or report pract can affect observ incid without repres an equ chang in tru transmit for covid-19 widespread chang in test behavy mad report cas count difficult to interpret in isol dur som period oth ind includ hospit mort test posit syndrom surveil and wastew meas can compl report cas us multipl ind provid a broad pict of diseas act
D05,Lancaster,186,114,reproduc numb and outbreak grow the bas reproduc numb r0 describ the av numb of second infect gen by a typ infecty individ in a ful suscept pop und spec assum it is a theoret epidemiolog quant and should not be interpret as a fix property of a pathog in every set the effect reproduc numb oft writ rt or re reflect transmit und cur condit vaccin pri immun behavy chang public-health interv and pop structure can al affect effect transmit when the effect reproduc numb is abov on infect can increas und the relev condit when it remain below on transmit tend to declin estim reproduc numb requir assum and dat delay between infect symptom onset test report and hospit can affect estim analyst may theref us stat model and nowcast method to account for report delay reproduc numb should be interpret togeth with oth ind a singl estim can be uncertain espec when cas count ar smal or surveil system ar chang the sam reproduc numb can also correspond to diff absolv level of diseas depend on the siz and immun of the pop
D06,Lancaster,172,105,contact trac and expos man contact trac is a public-health process us to ident peopl who may hav been expos to an infecty diseas and provid them with relev inform and support for respir infect contact definit may consid proxim dur set and tim rel to infecty a typ workflow includ ident a confirm or prob cas determin the period dur which transmit could hav occur interview the cas when appropry ident contact and commun recommend act digit tool can assist with not or dat man but they do not replac public-health judg contact trac is most effect when cas and contact can be ident quick and when peopl hav access to test healthc isol resourc and acc inform priv and confid ar import becaus contact-tracing system handl sensit heal and expos inform the effect of contact trac can decreas when commun transmit is extrem high when many infect ar asymptom or when cas cannot be ident prompt in such situ broad prev meas and commun surveil may be mor pract compl
D07,Lancaster,164,104,wastew surveil for respir virus wastew surveil analys biolog mat in sew to estim the pres or trend of infecty ag within a commun becaus infect individ can shed vir genet mat into wastew wastew meas can provid population-level inform that doe not depend on every infect person seek a clin test wastew surveil can be espec us when individ test declin trend may provid an ear sign of chang transmit although the rel between wastew cont and the exact numb of infect is not straightforward interpret requir at to sampl loc pop serv by the tre system rainfal and dilut lab method sampl frequ and chang in shed pattern wastew dat ar most us when combin with clin surveil hospit dat and oth epidemiolog ind wastew surveil gen doe not ident individ infect peopl it population-level nat can theref compl oth surveil system whil reduc depend on individ test it is a monit tool rath than a direct diagnost test for an individ
D08,Lancaster,161,105,sars-cov-2 vary surveil vary surveil monit genet chang in sars-cov-2 and assess wheth emerg lin hav charact relev to publ heal sequ can ident vir lin from select clin specim whil genom databas allow lab and research to comp sequ ov tim and across loc a new detect mut doe not autom mean that a vary is mor transmiss or mor sev research evalu chang us lab study epidemiolog dat clin outcom and population-level observ multipl mut can occ togeth and the biolog effect of a mut depend on it loc and context vary surveil help public-health ag detect chang that may affect diagnost therapeut vaccin or transmit pattern howev sequ sampl ar not alway repres of al infect diff in sampl and sequ capac can influ which vary ar observ genom surveil work best when link with epidemiolog and clin inform sequ dat can ident what is circ whil oth dataset help determin the pract public-health sign of thos lin
D09,Lancaster,172,118,infecty diseas outbreak investig an outbreak investig seek to determin wheth an unus increas in diseas has occur charact affect peopl and set ident lik sourc or transmit rout and guid control meas the investig begin with a clear cas definit and confirm that the observ increas is gre than expect investig construct describ sum by tim plac and person an epidem curv can show the tim of il onset and may provid clu about the typ of expos map cas can ident geograph clust whil demograph analys can rev diff by ag occup or oth charact analys epidemiolog may comp expos among cas and control or among expos and unexpos group investig must consid recal bia select bia confound and incomplet report lab test and genom sequ can provid addit evid control meas should not necess wait until every sci quest is resolv depend on the pathog and circumst meas can includ isol vaccin environ control commun test and target restrict investig continu evalu the outbreak as new evid becom avail
D10,Lancaster,160,105,publ heal surveil system publ heal surveil is the continu and system collect analys interpret and dissemin of heal inform for act surveil system can monit infecty diseas through cas report lab result hospit record mort dat syndrom ind sentinel sit and community-level meas a surveil system begin with a defin object the cas definit determin which ev ar count whil report rul spec how and when inform is submit dat qual depend on complet tim consist and repres pass surveil rely on routin report and can be rel efficy but may miss cas act surveil involv mor direct effort to ident cas and can improv complet at gre cost sentinel surveil collect detail inform from select sit and may be us for monit trend surveil dat should be interpret car chang in report system test pract healthc access or cas definit can cre app chang that ar not pur epidemiolog public-health decision-making theref benefit from triang multipl dat sourc
D11,Lancaster,147,98,infect prev in healthc set healthc facil requir lay infection-prevent meas becaus paty and healthc work may encount infecty individ in close-contact environ cor pract includ hand hygy appropry us of person protect equip environ cle respir hygy and saf paty plac admin meas can includ screening or tri proc staff train vaccin program and policy for man symptom healthc work engin control includ ventil phys sep and room design person protect equip is select accord to the anticip expos and task infect prev program also depend on monit facil can track healthcare-associated infect respir il among staff comply with select pract and environ ind train should be rep and adapt when evid or recommend chang no singl control is sufficy in every situ lay prev reduc rely on on barry and can be adapt accord to the pathog transmit rout paty pop and loc outbreak condit
D12,Lancaster,168,106,vaccin saf and advers ev monit vaccin saf monit continu aft vaccin ar auth or licens becaus very rar advers ev may on becom detect when mil of dos ar admin surveil system collect report of heal ev that occ aft vaccin and investig sign that may ind a pot assocy an advers ev follow immun is not autom caus by the vaccin the ev may be coincid assocy with anoth med condit or pot rel to vaccin saf assess theref consid background rat tim biolog plaus comparison group and oth evid pass report system ar valu for sign detect but can be affect by underreport stim report and incomplet clin inform act surveil and epidemiolog study can provid stronger estim of incid and rel risk clear commun should distinct a report ev from a confirm caus rel vaccin saf decid ar bas on accum evid rath than a singl report monit can lead to upd warn recommend or continu us when evid support a fav benefit-risk profil
D13,Lancaster,154,106,risk commun dur infecty diseas ev risk commun provid peopl with inform nee to understand a public-health threat and mak inform decid effect commun should explain what is known what is uncertain what act ar recommend and why recommend may chang numb should be pres with context for exampl a perc without a denomin comparison group tim period or outcom can be mislead commun should distinct absolv risk from rel risk and avoid imply certainty when evid remain limit trust can be support by acknowledg uncertainty rath than hid it dur a rapid chang outbreak evid can evolv as new study becom avail explain the reason for an upd recommend can help peopl understand that chang guid doe not necess mean that ear inform was int mislead commun should also consid langu access cult context and misinform public-health mess ar mor us when they provid pract act and ident rely sourc for addit inform
D14,Lancaster,154,102,respir infect prev in schools schools ar environ wher stud and staff interact frequ so respir infect can spread through clos contact and shar indo air prev strategies should be proport to loc diseas act and the nee of the school commun ventil can reduc accum of infecty respir partic indo outdo act can provid lower-risk altern when pract enco peopl with acut respir il to stay hom can reduc opportun for transmit schools can also support routin vaccin accord to nat and loc recommend clear proc for respond to clust of il help staff ident when public-health consult may be nee commun with famy should explain symptom prev meas and when stud should remain at hom outbreak respons should consid educ continu as wel as diseas control meas can be target accord to evid rath than rely autom on broad clos coordin among school admin healthc profess famy and public-health auth is import
D15,Lancaster,156,109,protect higher-risk pop dur respir vir act som peopl hav a high risk of sev outcom from respir infect becaus of ag und med condit immun stat pregn or oth fact public-health plan can reduc harm by ens that higher-risk group hav access to vaccin tim test when appropry clin car and clear prev inform protect can involv individ and commun meas healthc facil and resid set may us addit precaut dur period of elev transmit famy memb and careg can reduc expos opportun when respir virus ar circ wid risk is not determin by a singl charact ag vaccin stat prevy immun tre access and circ vir strains can interact public-health commun should theref avoid assum that al memb of a broad categ hav id risk equit access is an import part of prev barry such as transport cost langu digit access and healthc avail can affect wheth peopl ar abl to us recommend serv
D16,Lancaster,156,102,test and antivir tre in covid-19 car test can help ident sars-cov-2 infect and inform clin or public-health decid diff test hav diff charact molecul test can detect vir genet mat whil antig test detect vir protein and may provid rapid result test perform depend on tim specim collect and the stag of infect a neg result doe not alway exclud infect particul when test occ ear or when the test has low sensit interpret should consid symptom expos hist tim and the spec test us antivir tre is intend to reduc the risk of sev diseas in elig paty elig tim contraind drug interact and tre select requir clin assess public-health inform should not replac individ med adv test and tre program ar most effect when peopl can access test prompt and healthc system can evalu elig paty without unnecess delay surveil dat can also help auth understand chang in test demand and diseas act
D17,Lancaster,154,107,heal lit and infecty diseas misinform heal lit involv the abl to find understand evalu and us heal inform dur infecty diseas outbreak peopl may encount rapid chang inform through new soc med mess apply and inform network misinform can ar from incorrect inform misunderstand outd evid or mislead pres of acc fact a us evalu process check the sourc dat evid pop study and wheth the claim match the und dat heal commun should avoid pres prelimin find as settl conclud a singl lab expery or smal observ study may not answ a population-level quest stronger conclud gen requir evid from multipl compl study pract heal lit strategies includ check inform against recogn public-health or med sourc look for the origin study when poss and distinct a report assocy from proof of caus clear expl can reduc confus without assum that every person who has encount inacc inform is act in bad fai
D18,Lancaster,163,110,glob outbreak prep and respons outbreak prep involv build the capac to detect assess commun about and respond to infecty diseas threats bef they becom larg emerg prep includ lab capac surveil system train personnel med supply vaccin infrastruct dat system and emerg coordin mech ear detect depend on tim inform country and institut may us lab network clin surveil event-based report genom sequ and cross-border inform shar a sign doe not alway repres a maj outbreak but rapid assess can determin wheth furth investig is requir respons plan includ clear rol and respons hospit may nee surg plan whil public-health ag may requir mech for contact trac risk commun and resourc alloc exerc and sim can ident weak bef a real emerg occ prep is an ongo process aft an outbreak evalu can ident which system work which fail and which improv should be institut invest in routin public-health capac can strengthen respons to multipl infecty threats rath than a singl pathog
D19,Lancaster,163,117,epidemiolog model for infecty diseas plan mathem and comput model can help research expl how infecty diseas may spread und diff assum compart model such as sir divid pop into categ such as suscept infect and recov mor detail model can ad ag group vaccin stat hospit geograph structure or oth charact model ar not cryst bal their output depend on assum paramet estim dat qual and the scenario being examin a model can be us ev when it exact num forecast is uncertain becaus it can show how outcom chang when assum chang model calibr us observ dat to estim paramet or evalu wheth sim traject ar consist with hist pattern valid and sensit analys can ident which assum hav the greatest effect on result public-health decision-makers should interpret model output alongsid surveil dat and expert assess scenario project ar particul sensit to chang in behavy immun vir charact interv and healthc capac transp report of assum and uncertainty is theref ess
D20,Lancaster,161,115,evalu publ heal respons aft an outbreak aft an infecty diseas outbreak a structured evalu can examin what hap which interv wer impl how quick system respond and what improv ar nee evalu should consid epidemiolog outcom as wel as op soc and econom consequ us ind may includ tim from sign detect to investig test turnaround tim vaccin cov hospit trend healthc capac commun reach and the tim of public-health report the exact meas depend on the outbreak and the object of the respons evalu should distinct correl from caus a declin in cas aft an interv doe not autom prov that the interv caus the declin becaus transmit can also chang due to immun behavy season or oth fact after-action review can transl find into concret improv thes may includ upd respons plan strengthening lab network improv dat interop expand workforc train or rev commun proc the goal is to convert expery into prep for fut infecty diseas ev
D01,Snowball,234,137,covid-19 transmiss and communiti prevent covid-19 is caus by infect with sars-cov-2 transmiss can occur when an infect person releas respiratori particl while breath speak cough or sneez risk general increas in crowd or poor ventil indoor environ and when peopl are in close proxim for prolong period prevent therefor combin sever measur rather than reli on a singl intervent improv indoor ventil and filtrat can reduc the concentr of infecti particl in share air stay home when acut ill can reduc exposur to other peopl mask use can provid an addit layer of protect in set where respiratori virus transmiss is elev or where vulner peopl are present hand hygien remain use for reduc transmiss of mani infect although respiratori transmiss is a major rout for covid-19 vaccin is an import prevent measur becaus it prepar the immun system to respond to the virus vaccin protect against infect can chang over time and across variant while protect against sever diseas can remain stronger public-health program therefor consid vaccin togeth with surveil clinic care ventil and risk-bas protect measur communiti prevent work best when measur are match to the local epidemiolog situat public-health author may use indic such as report case hospit wastewat signal and outbreak report to guid communic and intervent individu can reduc risk by consid the intens of local transmiss their own health risk and the vulner of peopl around them
D02,Snowball,184,121,covid-19 vaccin basic concept covid-19 vaccin are design to stimul an immun respons against sars-cov-2 without requir a person to experi the diseas itself differ vaccin platform can present viral inform to the immun system in differ way after vaccin immun cell can recogn relev viral compon and mount a faster respons when expos later vaccin doe not guarante that a person will never becom infect vaccin effect vari by outcom product popul time sinc vaccin and circul variant public-health evalu common distinguish protect against infect symptomat diseas hospit and death these outcom should not be treat as interchang immun can chang over time previous infect may also contribut to immun protect produc what research often describ as hybrid immun when vaccin and infect have both occur becaus immun and circul virus chang vaccin recommend may be updat as evid develop when communic about vaccin it is use to distinguish relat risk absolut risk vaccin effect and adverse-ev rate a clear explan should specifi the popul comparison group time period and health outcom this prevent mislead conclus from a singl percentag or isol statist
D03,Snowball,185,116,evalu vaccin effect vaccin effect is usual estim by compar diseas outcom between vaccin and comparison group under real-world condit observ studi may use cohort case-control or test-neg design research must account for factor such as age prior infect under condit healthcare-seek behavior exposur pattern and calendar period random control trial can provid strong evid about efficaci under defin studi condit while observ studi are especi use after vaccin are deploy at larg scale real-world effect may differ from trial efficaci becaus popul exposur level circul variant and vaccin schedul differ a use interpret of vaccin effect requir know the endpoint for exampl effect against hospit is a differ quantiti from effect against infect wane protect may also appear differ for differ outcom research may stratifi result by age time sinc vaccin product or variant period confound and select bias are import limit in observ vaccin studi statist adjust can reduc some bias but it cannot guarante that everi relev differ between group has been measur result should therefor be interpret in the context of studi design uncertainti interv sampl size and the popul studi
D04,Snowball,182,106,incid and preval in infecti diseas epidemiolog incid and preval describ differ aspect of diseas occurr incid focus on new case occur in a popul dure a specifi period preval describ the proport of a popul that has a condit at a particular time or over a defin period for an infecti diseas incid can help describ how quick new infect are occur preval can reflect both new case and the durat of ill a diseas with short durat may have substanti incid but relat low point preval convers a chronic condit can have lower incid but high preval becaus peopl remain affect for long period epidemiologist defin the popul time interv case definit and measur method care chang in test avail or report practic can affect observ incid without repres an equival chang in true transmiss for covid-19 widespread chang in test behavior made report case count difficult to interpret in isol dure some period other indic includ hospit mortal test posit syndrom surveil and wastewat measur can complement report case use multipl indic provid a broader pictur of diseas activ
D05,Snowball,186,115,reproduct number and outbreak growth the basic reproduct number r0 describ the averag number of secondari infect generat by a typic infecti individu in a fulli suscept popul under specifi assumpt it is a theoret epidemiolog quantiti and should not be interpret as a fix properti of a pathogen in everi set the effect reproduct number often written rt or re reflect transmiss under current condit vaccin prior immun behavior chang public-health intervent and popul structur can all affect effect transmiss when the effect reproduct number is abov one infect can increas under the relev condit when it remain below one transmiss tend to declin estim reproduct number requir assumpt and data delay between infect symptom onset test report and hospit can affect estim analyst may therefor use statist model and nowcast method to account for report delay reproduct number should be interpret togeth with other indic a singl estim can be uncertain especi when case count are small or surveil system are chang the same reproduct number can also correspond to differ absolut level of diseas depend on the size and immun of the popul
D06,Snowball,172,109,contact trace and exposur manag contact trace is a public-health process use to identifi peopl who may have been expos to an infecti diseas and provid them with relev inform and support for respiratori infect contact definit may consid proxim durat set and time relat to infecti a typic workflow includ identifi a confirm or probabl case determin the period dure which transmiss could have occur interview the case when appropri identifi contact and communic recommend action digit tool can assist with notif or data manag but they do not replac public-health judgment contact trace is most effect when case and contact can be identifi quick and when peopl have access to test healthcar isol resourc and accur inform privaci and confidenti are import becaus contact-trac system handl sensit health and exposur inform the effect of contact trace can decreas when communiti transmiss is extrem high when mani infect are asymptomat or when case cannot be identifi prompt in such situat broad prevent measur and communiti surveil may be more practic complement
D07,Snowball,164,104,wastewat surveil for respiratori virus wastewat surveil analyz biolog materi in sewag to estim the presenc or trend of infecti agent within a communiti becaus infect individu can shed viral genet materi into wastewat wastewat measur can provid population-level inform that doe not depend on everi infect person seek a clinic test wastewat surveil can be especi use when individu test declin trend may provid an earli signal of chang transmiss although the relationship between wastewat concentr and the exact number of infect is not straightforward interpret requir attent to sampl locat popul serv by the treatment system rainfal and dilut laboratori method sampl frequenc and chang in shed pattern wastewat data are most use when combin with clinic surveil hospit data and other epidemiolog indic wastewat surveil general doe not identifi individu infect peopl it population-level natur can therefor complement other surveil system while reduc depend on individu test it is a monitor tool rather than a direct diagnost test for an individu
D08,Snowball,161,104,sars-cov-2 variant surveil variant surveil monitor genet chang in sars-cov-2 and assess whether emerg lineag have characterist relev to public health sequenc can identifi viral lineag from select clinic specimen while genom databas allow laboratori and research to compar sequenc over time and across locat a newli detect mutat doe not automat mean that a variant is more transmiss or more sever research evalu chang use laboratori studi epidemiolog data clinic outcom and population-level observ multipl mutat can occur togeth and the biolog effect of a mutat depend on it locat and context variant surveil help public-health agenc detect chang that may affect diagnost therapeut vaccin or transmiss pattern howev sequenc sampl are not alway repres of all infect differ in sampl and sequenc capac can influenc which variant are observ genom surveil work best when link with epidemiolog and clinic inform sequenc data can identifi what is circul while other dataset help determin the practic public-health signific of those lineag
D09,Snowball,172,121,infecti diseas outbreak investig an outbreak investig seek to determin whether an unusu increas in diseas has occur character affect peopl and set identifi like sourc or transmiss rout and guid control measur the investig begin with a clear case definit and confirm that the observ increas is greater than expect investig construct descript summari by time place and person an epidem curv can show the time of ill onset and may provid clue about the type of exposur map case can identifi geograph cluster while demograph analysi can reveal differ by age occup or other characterist analyt epidemiolog may compar exposur among case and control or among expos and unexpos group investig must consid recal bias select bias confound and incomplet report laboratori test and genom sequenc can provid addit evid control measur should not necessarili wait until everi scientif question is resolv depend on the pathogen and circumst measur can includ isol vaccin environment control communic test and target restrict investig continu evalu the outbreak as new evid becom avail
D10,Snowball,160,107,public health surveil system public health surveil is the continu and systemat collect analysi interpret and dissemin of health inform for action surveil system can monitor infecti diseas through case report laboratori result hospit record mortal data syndrom indic sentinel site and community-level measur a surveil system begin with a defin object the case definit determin which event are count while report rule specifi how and when inform is submit data qualiti depend on complet timeli consist and repres passiv surveil reli on routin report and can be relat effici but may miss case activ surveil involv more direct effort to identifi case and can improv complet at greater cost sentinel surveil collect detail inform from select site and may be use for monitor trend surveil data should be interpret care chang in report system test practic healthcar access or case definit can creat appar chang that are not pure epidemiolog public-health decision-mak therefor benefit from triangul multipl data sourc
D11,Snowball,147,100,infect prevent in healthcar set healthcar facil requir layer infection-prevent measur becaus patient and healthcar worker may encount infecti individu in close-contact environ core practic includ hand hygien appropri use of person protect equip environment clean respiratori hygien and safe patient placement administr measur can includ screen or triag procedur staff train vaccin program and polici for manag symptomat healthcar worker engin control includ ventil physic separ and room design person protect equip is select accord to the anticip exposur and task infect prevent program also depend on monitor facil can track healthcare-associ infect respiratori ill among staff complianc with select practic and environment indic train should be repeat and adapt when evid or recommend chang no singl control is suffici in everi situat layer prevent reduc relianc on one barrier and can be adapt accord to the pathogen transmiss rout patient popul and local outbreak condit
D12,Snowball,168,109,vaccin safeti and advers event monitor vaccin safeti monitor continu after vaccin are author or licens becaus veri rare advers event may onli becom detect when million of dose are administ surveil system collect report of health event that occur after vaccin and investig signal that may indic a potenti associ an advers event follow immun is not automat caus by the vaccin the event may be coincident associ with anoth medic condit or potenti relat to vaccin safeti assess therefor consid background rate time biolog plausibl comparison group and other evid passiv report system are valuabl for signal detect but can be affect by underreport stimul report and incomplet clinic inform activ surveil and epidemiolog studi can provid stronger estim of incid and relat risk clear communic should distinguish a report event from a confirm causal relationship vaccin safeti decis are base on accumul evid rather than a singl report monitor can lead to updat warn recommend or continu use when evid support a favor benefit-risk profil
D13,Snowball,154,106,risk communic dure infecti diseas event risk communic provid peopl with inform need to understand a public-health threat and make inform decis effect communic should explain what is known what is uncertain what action are recommend and whi recommend may chang number should be present with context for exampl a percentag without a denomin comparison group time period or outcom can be mislead communic should distinguish absolut risk from relat risk and avoid impli certainti when evid remain limit trust can be support by acknowledg uncertainti rather than hide it dure a rapid chang outbreak evid can evolv as new studi becom avail explain the reason for an updat recommend can help peopl understand that chang guidanc doe not necessarili mean that earlier inform was intent mislead communic should also consid languag access cultur context and misinform public-health messag are more use when they provid practic action and identifi reliabl sourc for addit inform
D14,Snowball,154,103,respiratori infect prevent in school school are environ where student and staff interact frequent so respiratori infect can spread through close contact and share indoor air prevent strategi should be proportion to local diseas activ and the need of the school communiti ventil can reduc accumul of infecti respiratori particl indoor outdoor activ can provid lower-risk altern when practic encourag peopl with acut respiratori ill to stay home can reduc opportun for transmiss school can also support routin vaccin accord to nation and local recommend clear procedur for respond to cluster of ill help staff identifi when public-health consult may be need communic with famili should explain symptom prevent measur and when student should remain at home outbreak respons should consid educ continu as well as diseas control measur can be target accord to evid rather than reli automat on broad closur coordin among school administr healthcar profession famili and public-health author is import
D15,Snowball,156,110,protect higher-risk popul dure respiratori virus activ some peopl have a higher risk of sever outcom from respiratori infect becaus of age under medic condit immun status pregnanc or other factor public-health plan can reduc harm by ensur that higher-risk group have access to vaccin time test when appropri clinic care and clear prevent inform protect can involv individu and communiti measur healthcar facil and residenti set may use addit precaut dure period of elev transmiss famili member and caregiv can reduc exposur opportun when respiratori virus are circul wide risk is not determin by a singl characterist age vaccin status previous immun treatment access and circul viral strain can interact public-health communic should therefor avoid assum that all member of a broad categori have ident risk equit access is an import part of prevent barrier such as transport cost languag digit access and healthcar avail can affect whether peopl are abl to use recommend servic
D16,Snowball,156,102,test and antivir treatment in covid-19 care test can help identifi sars-cov-2 infect and inform clinic or public-health decis differ test have differ characterist molecular test can detect viral genet materi while antigen test detect viral protein and may provid rapid result test perform depend on time specimen collect and the stage of infect a negat result doe not alway exclud infect particular when test occur earli or when the test has lower sensit interpret should consid symptom exposur histori time and the specif test use antivir treatment is intend to reduc the risk of sever diseas in elig patient elig time contraind drug interact and treatment select requir clinic assess public-health inform should not replac individu medic advic test and treatment program are most effect when peopl can access test prompt and healthcar system can evalu elig patient without unnecessari delay surveil data can also help author understand chang in test demand and diseas activ
D17,Snowball,154,109,health literaci and infecti diseas misinform health literaci involv the abil to find understand evalu and use health inform dure infecti diseas outbreak peopl may encount rapid chang inform through news social media messag applic and inform network misinform can aris from incorrect inform misunderstand outdat evid or mislead present of accur fact a use evalu process check the sourc date evid popul studi and whether the claim match the under data health communic should avoid present preliminari find as settl conclus a singl laboratori experi or small observ studi may not answer a population-level question stronger conclus general requir evid from multipl complementari studi practic health literaci strategi includ check inform against recogn public-health or medic sourc look for the origin studi when possibl and distinguish a report associ from proof of causat clear explan can reduc confus without assum that everi person who has encount inaccur inform is act in bad faith
D18,Snowball,163,111,global outbreak prepared and respons outbreak prepared involv build the capac to detect assess communic about and respond to infecti diseas threat befor they becom larg emerg prepared includ laboratori capac surveil system train personnel medic suppli vaccin infrastructur data system and emerg coordin mechan earli detect depend on time inform countri and institut may use laboratori network clinic surveil event-bas report genom sequenc and cross-bord inform share a signal doe not alway repres a major outbreak but rapid assess can determin whether further investig is requir respons plan includ clear role and respons hospit may need surg plan while public-health agenc may requir mechan for contact trace risk communic and resourc alloc exercis and simul can identifi weak befor a real emerg occur prepared is an ongo process after an outbreak evalu can identifi which system work which fail and which improv should be institution invest in routin public-health capac can strengthen respons to multipl infecti threat rather than a singl pathogen
D19,Snowball,163,116,epidemiolog model for infecti diseas plan mathemat and comput model can help research explor how infecti diseas may spread under differ assumpt compartment model such as sir divid popul into categori such as suscept infect and recov more detail model can add age group vaccin status hospit geograph structur or other characterist model are not crystal ball their output depend on assumpt paramet estim data qualiti and the scenario be examin a model can be use even when it exact numer forecast is uncertain becaus it can show how outcom chang when assumpt chang model calibr use observ data to estim paramet or evalu whether simul trajectori are consist with histor pattern valid and sensit analysi can identifi which assumpt have the greatest effect on result public-health decision-mak should interpret model output alongsid surveil data and expert assess scenario project are particular sensit to chang in behavior immun viral characterist intervent and healthcar capac transpar report of assumpt and uncertainti is therefor essenti
D20,Snowball,161,117,evalu public health respons after an outbreak after an infecti diseas outbreak a structur evalu can examin what happen which intervent were implement how quick system respond and what improv are need evalu should consid epidemiolog outcom as well as oper social and econom consequ use indic may includ time from signal detect to investig test turnaround time vaccin coverag hospit trend healthcar capac communic reach and the timeli of public-health report the exact measur depend on the outbreak and the object of the respons evalu should distinguish correl from causat a declin in case after an intervent doe not automat prove that the intervent caus the declin becaus transmiss can also chang due to immun behavior season or other factor after-act review can translat find into concret improv these may includ updat respons plan strengthen laboratori network improv data interoper expand workforc train or revis communic procedur the goal is to convert experi into prepared for futur infecti diseas event
