document_id,token_count_before,token_count_after,removed_tokens,removal_percentage,vocabulary_before,vocabulary_after
D01,234,159,75,32.05,152,125
D02,184,132,52,28.26,127,99
D03,185,141,44,23.78,132,106
D04,182,127,55,30.22,115,92
D05,186,124,62,33.33,120,95
D06,172,111,61,35.47,115,88
D07,164,114,50,30.49,112,85
D08,161,113,48,29.81,115,90
D09,172,124,48,27.91,126,104
D10,160,116,44,27.5,114,89
D11,147,114,33,22.45,103,88
D12,168,120,48,28.57,121,97
D13,154,104,50,32.47,113,87
D14,154,107,47,30.52,108,88
D15,156,112,44,28.21,113,92
D16,156,116,40,25.64,107,89
D17,154,119,35,22.73,119,101
D18,163,123,40,24.54,118,98
D19,163,113,50,30.67,125,96
D20,161,111,50,31.06,121,95
